{
  "providers": [
    {
      "type": "bitmap",
      "file": "jeracraft:animation/frame1.png",
      "ascent": 35,
      "height": 35,
      "chars": [
        "\uE000"
      ]
    },
    {
      "type": "bitmap",
      "file": "jeracraft:animation/frame2.png",
      "ascent": 35,
      "height": 35,
      "chars": [
        "\uE001"
      ]
    },
    {
      "type": "bitmap",
      "file": "jeracraft:animation/frame3.png",
      "ascent": 35,
      "height": 35,
      "chars": [
        "\uE002"
      ]
    },
    {
      "type": "bitmap",
      "file": "jeracraft:animation/frame4.png",
      "ascent": 35,
      "height": 35,
      "chars": [
        "\uE003"
      ]
    },
    {
      "type": "bitmap",
      "file": "jeracraft:animation/frame5.png",
      "ascent": 35,
      "height": 35,
      "chars": [
        "\uE004"
      ]
    },
    {
      "type": "bitmap",
      "file": "jeracraft:animation/frame6.png",
      "ascent": 35,
      "height": 35,
      "chars": [
        "\uE005"
      ]
    },
    {
      "type": "bitmap",
      "file": "jeracraft:animation/frame7.png",
      "ascent": 35,
      "height": 35,
      "chars": [
        "\uE006"
      ]
    },
    {
      "type": "bitmap",
      "file": "jeracraft:animation/frame8.png",
      "ascent": 35,
      "height": 35,
      "chars": [
        "\uE007"
      ]
    },
    {
      "type": "bitmap",
      "file": "jeracraft:animation/frame9.png",
      "ascent": 35,
      "height": 35,
      "chars": [
        "\uE008"
      ]
    },
    {
      "type": "bitmap",
      "file": "jeracraft:animation/frame10.png",
      "ascent": 35,
      "height": 35,
      "chars": [
        "\uE009"
      ]
    },
    {
      "type": "bitmap",
      "file": "jeracraft:animation/frame11.png",
      "ascent": 35,
      "height": 35,
      "chars": [
        "\uE00A"
      ]
    },
    {
      "type": "bitmap",
      "file": "jeracraft:animation/frame12.png",
      "ascent": 35,
      "height": 35,
      "chars": [
        "\uE00B"
      ]
    },
    {
      "type": "bitmap",
      "file": "jeracraft:animation/frame13.png",
      "ascent": 35,
      "height": 35,
      "chars": [
        "\uE00C"
      ]
    },
    {
      "type": "bitmap",
      "file": "jeracraft:animation/frame14.png",
      "ascent": 35,
      "height": 35,
      "chars": [
        "\uE00D"
      ]
    },
    {
      "type": "bitmap",
      "file": "jeracraft:animation/frame15.png",
      "ascent": 35,
      "height": 35,
      "chars": [
        "\uE00E"
      ]
    },
    {
      "type": "bitmap",
      "file": "jeracraft:animation/frame16.png",
      "ascent": 35,
      "height": 35,
      "chars": [
        "\uE00F"
      ]
    },
    {
      "type": "bitmap",
      "file": "jeracraft:animation/frame17.png",
      "ascent": 35,
      "height": 35,
      "chars": [
        "\uE010"
      ]
    },
    {
      "type": "bitmap",
      "file": "jeracraft:animation/frame18.png",
      "ascent": 35,
      "height": 35,
      "chars": [
        "\uE011"
      ]
    },
    {
      "type": "bitmap",
      "file": "jeracraft:animation/frame19.png",
      "ascent": 35,
      "height": 35,
      "chars": [
        "\uE012"
      ]
    },
    {
      "type": "bitmap",
      "file": "jeracraft:animation/frame20.png",
      "ascent": 35,
      "height": 35,
      "chars": [
        "\uE013"
      ]
    },
    {
      "type": "bitmap",
      "file": "jeracraft:animation/frame21.png",
      "ascent": 35,
      "height": 35,
      "chars": [
        "\uE014"
      ]
    },
    {
      "type": "bitmap",
      "file": "jeracraft:animation/frame22.png",
      "ascent": 35,
      "height": 35,
      "chars": [
        "\uE015"
      ]
    },
    {
      "type": "bitmap",
      "file": "jeracraft:animation/frame23.png",
      "ascent": 35,
      "height": 35,
      "chars": [
        "\uE016"
      ]
    },
    {
      "type": "bitmap",
      "file": "jeracraft:animation/frame24.png",
      "ascent": 35,
      "height": 35,
      "chars": [
        "\uE017"
      ]
    },
    {
      "type": "bitmap",
      "file": "jeracraft:animation/frame25.png",
      "ascent": 35,
      "height": 35,
      "chars": [
        "\uE018"
      ]
    },
    {
      "type": "bitmap",
      "file": "jeracraft:animation/frame26.png",
      "ascent": 35,
      "height": 35,
      "chars": [
        "\uE019"
      ]
    },
    {
      "type": "bitmap",
      "file": "jeracraft:animation/frame27.png",
      "ascent": 35,
      "height": 35,
      "chars": [
        "\uE01A"
      ]
    },
    {
      "type": "bitmap",
      "file": "jeracraft:animation/frame28.png",
      "ascent": 35,
      "height": 35,
      "chars": [
        "\uE01B"
      ]
    },
    {
      "type": "bitmap",
      "file": "jeracraft:animation/jera.png",
      "ascent": 70,
      "height": 70,
      "chars": [
        "\uE01C"
      ]
    },
    {
      "type": "bitmap",
      "file": "jeracraft:animation/craft.png",
      "ascent": 70,
      "height": 70,
      "chars": [
        "\uE01D"
      ]
    },
    {
      "type": "bitmap",
      "file": "jeracraft:survival/icons/common.png",
      "ascent": 10,
      "height": 13,
      "chars": [
        "\uE01E"
      ]
    },
    {
      "type": "bitmap",
      "file": "jeracraft:survival/icons/uncommon.png",
      "ascent": 11,
      "height": 15,
      "chars": [
        "\uE01F"
      ]
    },
    {
      "type": "bitmap",
      "file": "jeracraft:survival/icons/rare.png",
      "ascent": 10,
      "height": 13,
      "chars": [
        "\uE020"
      ]
    },
    {
      "type": "bitmap",
      "file": "jeracraft:survival/icons/epic.png",
      "ascent": 10,
      "height": 13,
      "chars": [
        "\uE021"
      ]
    },
    {
      "type": "bitmap",
      "file": "jeracraft:survival/icons/legendary.png",
      "ascent": 8,
      "height": 10,
      "chars": [
        "\uE022"
      ]
    },
    {
      "type": "bitmap",
      "file": "jeracraft:survival/icons/mythic.png",
      "ascent": 8,
      "height": 10,
      "chars": [
        "\uE023"
      ]
    },
    {
      "type": "bitmap",
      "file": "jeracraft:global/item_tags/commontag.png",
      "ascent": 8,
      "height": 10,
      "chars": [
        "\uE024"
      ]
    },
    {
      "type": "bitmap",
      "file": "jeracraft:global/item_tags/uncommontag.png",
      "ascent": 8,
      "height": 10,
      "chars": [
        "\uE025"
      ]
    },
    {
      "type": "bitmap",
      "file": "jeracraft:global/item_tags/raretag.png",
      "ascent": 8,
      "height": 10,
      "chars": [
        "\uE026"
      ]
    },
    {
      "type": "bitmap",
      "file": "jeracraft:global/item_tags/epictag.png",
      "ascent": 8,
      "height": 10,
      "chars": [
        "\uE027"
      ]
    },
    {
      "type": "bitmap",
      "file": "jeracraft:global/item_tags/legendarytag.png",
      "ascent": 8,
      "height": 10,
      "chars": [
        "\uE028"
      ]
    },
    {
      "type": "bitmap",
      "file": "jeracraft:global/item_tags/mythicaltag.png",
      "ascent": 8,
      "height": 10,
      "chars": [
        "\uE029"
      ]
    },
    {
      "type": "bitmap",
      "file": "jeracraft:global/item_tags/overworldtag.png",
      "ascent": 8,
      "height": 10,
      "chars": [
        "\uE02A"
      ]
    },
    {
      "type": "bitmap",
      "file": "jeracraft:global/item_tags/armortag.png",
      "ascent": 8,
      "height": 10,
      "chars": [
        "\uE02B"
      ]
    },
    {
      "type": "bitmap",
      "file": "jeracraft:global/item_tags/weapontag.png",
      "ascent": 8,
      "height": 10,
      "chars": [
        "\uE02C"
      ]
    },
    {
      "type": "bitmap",
      "file": "jeracraft:global/item_tags/currencytag.png",
      "ascent": 8,
      "height": 10,
      "chars": [
        "\uE02D"
      ]
    },
    {
      "type": "bitmap",
      "file": "jeracraft:global/item_tags/accessorytag.png",
      "ascent": 8,
      "height": 10,
      "chars": [
        "\uE02E"
      ]
    },
    {
      "type": "bitmap",
      "file": "jeracraft:global/item_tags/misctag.png",
      "ascent": 8,
      "height": 10,
      "chars": [
        "\uE02F"
      ]
    },
    {
      "type": "bitmap",
      "file": "jeracraft:global/item_tags/limitedtag.png",
      "ascent": 8,
      "height": 10,
      "chars": [
        "\uE030"
      ]
    },
    {
      "type": "bitmap",
      "file": "jeracraft:global/item_tags/questtag.png",
      "ascent": 8,
      "height": 10,
      "chars": [
        "\uE031"
      ]
    },
    {
      "type": "bitmap",
      "file": "jeracraft:global/item_tags/craftedtag.png",
      "ascent": 8,
      "height": 10,
      "chars": [
        "\uE033"
      ]
    },
    {
      "type": "bitmap",
      "file": "jeracraft:global/blank.png",
      "ascent": -9999,
      "height": -5,
      "chars": [
        "\uE034"
      ]
    },
    {
      "type": "bitmap",
      "file": "jeracraft:global/item_tags/nethertag.png",
      "ascent": 8,
      "height": 10,
      "chars": [
        "\uE035"
      ]
    },
    {
      "type": "bitmap",
      "file": "jeracraft:global/item_tags/towertag.png",
      "ascent": 8,
      "height": 10,
      "chars": [
        "\uE036"
      ]
    },
    {
      "type": "bitmap",
      "file": "jeracraft:global/item_tags/magictag.png",
      "ascent": 8,
      "height": 10,
      "chars": [
        "\uE037"
      ]
    },
    {
      "type": "bitmap",
      "file": "jeracraft:global/item_tags/tooltag.png",
      "ascent": 8,
      "height": 10,
      "chars": [
        "\uE038"
      ]
    },
    {
      "type": "bitmap",
      "file": "jeracraft:survival/halloween/shopgui.png",
      "ascent": 15,
      "height": 256,
      "chars": [
        "\uE039"
      ]
    },    
    {
      "type": "bitmap",
      "file": "jeracraft:survival/halloween/pumpkin.png",
      "ascent": 8,
      "height": 10,
      "chars": [
        "\uE03A"
      ]
    },
    {
      "type": "bitmap",
      "file": "jeracraft:global/blank.png",
      "ascent": -9999,
      "height": -256,
      "chars": [
        "\uF8F8"
      ]
    },
    {
      "type": "bitmap",
      "file": "minecraft:menu/menu_header.png",
      "ascent": 99,
      "height": 100,
      "chars": [
        "\uF8F9"
      ]
    },
    {
      "type": "bitmap",
      "file": "minecraft:menu/menu_footer_left.png",
      "ascent": 150,
      "height": 256,
      "chars": [
        "\uF8FA"
      ]
    },
    {
      "type": "bitmap",
      "file": "minecraft:menu/menu_footer.png",
      "ascent": 9,
      "height": 31,
      "chars": [
        "\uF8FB"
      ]
    },
    {
      "type": "bitmap",
      "file": "minecraft:menu/menu_footer_right.png",
      "ascent": 150,
      "height": 256,
      "chars": [
        "\uF8FC"
      ]
    },
    {
      "type": "bitmap",
      "file": "jeracraft:global/white.png",
      "ascent": 2048,
      "height": 4096,
      "chars": [
        "\uF8FD"
      ]
    },
    {
      "type": "bitmap",
      "file": "jeracraft:global/black.png",
      "ascent": 2048,
      "height": 4096,
      "chars": [
        "\uF8FE"
      ]
    },
    {
      "type": "bitmap",
      "file": "jeracraft:global/blank.png",
      "ascent": -9999,
      "height": -10,
      "chars": [
        "\uF8FF"
      ]
    }
  ]
}