{
    "textures": {
        "layer0": "item/snowball"
    },
    "parent": "item/generated",
    "overrides": [{
            "predicate": {
                "custom_model_data": 1
            },
            "model": "jeracraft:christmas/bear"
        },
        {
            "predicate": {
                "custom_model_data": 2
            },
            "model": "jeracraft:christmas/bells"
        },
        {
            "predicate": {
                "custom_model_data": 3
            },
            "model": "jeracraft:christmas/bigtree"
        },
        {
            "predicate": {
                "custom_model_data": 4
            },
            "model": "jeracraft:christmas/candycanes"
        },
        {
            "predicate": {
                "custom_model_data": 5
            },
            "model": "jeracraft:christmas/decors"
        },
        {
            "predicate": {
                "custom_model_data": 6
            },
            "model": "jeracraft:christmas/deer"
        },
        {
            "predicate": {
                "custom_model_data": 7
            },
            "model": "jeracraft:christmas/fireplace"
        },
        {
            "predicate": {
                "custom_model_data": 8
            },
            "model": "jeracraft:christmas/giftboxs"
        },
        {
            "predicate": {
                "custom_model_data": 9
            },
            "model": "jeracraft:christmas/nutcracker"
        },
        {
            "predicate": {
                "custom_model_data": 10
            },
            "model": "jeracraft:christmas/plate"
        },
        {
            "predicate": {
                "custom_model_data": 11
            },
            "model": "jeracraft:christmas/sleigh"
        },
        {
            "predicate": {
                "custom_model_data": 12
            },
            "model": "jeracraft:christmas/tree"
        },
        {
            "predicate": {
                "custom_model_data": 13
            },
            "model": "jeracraft:christmas/wraith"
        },
        {
            "predicate": {
                "custom_model_data": 14
            },
            "model": "jeracraft:christmas/hat1"
        },
        {
            "predicate": {
                "custom_model_data": 15
            },
            "model": "jeracraft:christmas/hat2"
        },
        {
            "predicate": {
                "custom_model_data": 16
            },
            "model": "jeracraft:christmas/hat3"
        },
        {
            "predicate": {
                "custom_model_data": 17
            },
            "model": "jeracraft:christmas/cappuccino"
        },
        {
            "predicate": {
                "custom_model_data": 18
            },
            "model": "jeracraft:christmas/cks"
        },
        {
            "predicate": {
                "custom_model_data": 19
            },
            "model": "jeracraft:christmas/deerating"
        },
        {
            "predicate": {
                "custom_model_data": 20
            },
            "model": "jeracraft:christmas/chr"
        },
        {
            "predicate": {
                "custom_model_data": 21
            },
            "model": "jeracraft:christmas/bells_wraith"
        },
        {
            "predicate": {
                "custom_model_data": 22
            },
            "model": "jeracraft:christmas/bells_wraith_l"
        },
        {
            "predicate": {
                "custom_model_data": 23
            },
            "model": "jeracraft:christmas/bells_wraith_r"
        },
        {
            "predicate": {
                "custom_model_data": 24
            },
            "model": "jeracraft:christmas/bells_wraith_corner_l"
        },
        {
            "predicate": {
                "custom_model_data": 25
            },
            "model": "jeracraft:christmas/bells_wraith_corner_r"
        }
    ]
}