{
	"credit": "Made with Blockbench",
	"texture_size": [128, 128],
	"textures": {
		"0": "jeracraft:halloween/texture",
		"particle": "jeracraft:halloween/texture"
	},
	"elements": [
		{
			"from": [5.31489, 3.81695, 3],
			"to": [21.31489, 11.81695, 13],
			"rotation": {"angle": 0, "axis": "y", "origin": [3.31489, 0.81695, 0]},
			"faces": {
				"north": {"uv": [4.25, 5.5, 6.25, 6.5], "texture": "#0"},
				"east": {"uv": [0, 6.75, 1.25, 7.75], "texture": "#0"},
				"south": {"uv": [0, 5.75, 2, 6.75], "texture": "#0"},
				"west": {"uv": [1.25, 6.75, 2.5, 7.75], "texture": "#0"},
				"up": {"uv": [7, 2.625, 5, 1.375], "texture": "#0"},
				"down": {"uv": [7, 2.625, 5, 3.875], "texture": "#0"}
			}
		},
		{
			"from": [16.31489, -15.18305, 21],
			"to": [20.31489, -6.18305, 25],
			"rotation": {"angle": -45, "axis": "x", "origin": [3.31489, 0.81695, 0]},
			"faces": {
				"north": {"uv": [8.625, 7.625, 9.125, 8.75], "texture": "#0"},
				"east": {"uv": [0, 8.75, 0.5, 9.875], "texture": "#0"},
				"south": {"uv": [0.5, 8.75, 1, 9.875], "texture": "#0"},
				"west": {"uv": [8.625, 8.75, 9.125, 9.875], "texture": "#0"},
				"up": {"uv": [5.5, 10.75, 5, 10.25], "texture": "#0"},
				"down": {"uv": [6, 10.25, 5.5, 10.75], "texture": "#0"}
			}
		},
		{
			"from": [-10.68511, 3.81695, -2],
			"to": [5.31489, 14.81695, 18],
			"rotation": {"angle": -22.5, "axis": "z", "origin": [3.31489, 0.81695, 0]},
			"faces": {
				"north": {"uv": [3, 3.875, 5, 5.25], "texture": "#0"},
				"east": {"uv": [0, 2.5, 2.5, 3.875], "texture": "#0"},
				"south": {"uv": [4, 0, 6, 1.375], "texture": "#0"},
				"west": {"uv": [2.5, 2.5, 5, 3.875], "texture": "#0"},
				"up": {"uv": [2, 2.5, 0, 0], "texture": "#0"},
				"down": {"uv": [4, 0, 2, 2.5], "texture": "#0"}
			}
		},
		{
			"from": [-8.68511, 14.81695, 0],
			"to": [3.31489, 16.81695, 15],
			"rotation": {"angle": -22.5, "axis": "z", "origin": [3.31489, 0.81695, 0]},
			"faces": {
				"north": {"uv": [9.875, 2.75, 11.375, 3], "texture": "#0"},
				"east": {"uv": [9.875, 2.25, 11.75, 2.5], "texture": "#0"},
				"south": {"uv": [9.875, 3, 11.375, 3.25], "texture": "#0"},
				"west": {"uv": [9.875, 2.5, 11.75, 2.75], "texture": "#0"},
				"up": {"uv": [1.5, 5.75, 0, 3.875], "texture": "#0"},
				"down": {"uv": [3, 3.875, 1.5, 5.75], "texture": "#0"}
			}
		},
		{
			"from": [-13.68511, 3.81695, 3],
			"to": [-10.68511, 16.81695, 13],
			"rotation": {"angle": -22.5, "axis": "z", "origin": [3.31489, 0.81695, 0]},
			"faces": {
				"north": {"uv": [2.625, 8.125, 3, 9.75], "texture": "#0"},
				"east": {"uv": [5, 3.875, 6.25, 5.5], "texture": "#0"},
				"south": {"uv": [1.25, 8.25, 1.625, 9.875], "texture": "#0"},
				"west": {"uv": [3, 5.25, 4.25, 6.875], "texture": "#0"},
				"up": {"uv": [7.625, 10.625, 7.25, 9.375], "texture": "#0"},
				"down": {"uv": [3, 9.75, 2.625, 11], "texture": "#0"}
			}
		},
		{
			"from": [-15.68511, 5.81695, 4],
			"to": [-13.68511, 13.81695, 12],
			"rotation": {"angle": -22.5, "axis": "z", "origin": [3.31489, 0.81695, 0]},
			"faces": {
				"north": {"uv": [4, 6.875, 4.25, 7.875], "texture": "#0"},
				"east": {"uv": [4, 1.375, 5, 2.375], "texture": "#0"},
				"south": {"uv": [7.375, 5, 7.625, 6], "texture": "#0"},
				"west": {"uv": [7.5, 0, 8.5, 1], "texture": "#0"},
				"up": {"uv": [1.25, 9.75, 1, 8.75], "texture": "#0"},
				"down": {"uv": [6.75, 9.875, 6.5, 10.875], "texture": "#0"}
			}
		},
		{
			"from": [-13.68511, 16.81695, 5],
			"to": [-10.68511, 19.81695, 11],
			"rotation": {"angle": -22.5, "axis": "z", "origin": [3.31489, 0.81695, 0]},
			"faces": {
				"north": {"uv": [2.125, 7.75, 2.5, 8.125], "texture": "#0"},
				"east": {"uv": [8.75, 3.25, 9.5, 3.625], "texture": "#0"},
				"south": {"uv": [7.75, 4.625, 8.125, 5], "texture": "#0"},
				"west": {"uv": [10.125, 6.375, 10.875, 6.75], "texture": "#0"},
				"up": {"uv": [7.125, 9.375, 6.75, 8.625], "texture": "#0"},
				"down": {"uv": [10.5, 6.75, 10.125, 7.5], "texture": "#0"}
			}
		},
		{
			"from": [21, -4.6, 2],
			"to": [30, 4.4, 14],
			"rotation": {"angle": 22.5, "axis": "z", "origin": [0, 0.4, 0]},
			"faces": {
				"north": {"uv": [5.375, 6.5, 6.5, 7.625], "texture": "#0"},
				"east": {"uv": [6, 0, 7.5, 1.125], "texture": "#0"},
				"south": {"uv": [6.5, 6.5, 7.625, 7.625], "texture": "#0"},
				"west": {"uv": [6.25, 3.875, 7.75, 5], "texture": "#0"},
				"up": {"uv": [7.375, 6.5, 6.25, 5], "texture": "#0"},
				"down": {"uv": [5.375, 6.5, 4.25, 8], "texture": "#0"}
			}
		},
		{
			"from": [29, -6.6, 9],
			"to": [31, -4.6, 10],
			"rotation": {"angle": 22.5, "axis": "z", "origin": [0, 0.4, 0]},
			"faces": {
				"north": {"uv": [4.25, 5.25, 4.5, 5.5], "texture": "#0"},
				"east": {"uv": [2.375, 6.5, 2.5, 6.75], "texture": "#0"},
				"south": {"uv": [4.5, 5.25, 4.75, 5.5], "texture": "#0"},
				"west": {"uv": [9.75, 0.75, 9.875, 1], "texture": "#0"},
				"up": {"uv": [5, 2.5, 4.75, 2.375], "texture": "#0"},
				"down": {"uv": [4.25, 7.875, 4, 8], "texture": "#0"}
			}
		},
		{
			"from": [30, -0.6, 9],
			"to": [31, 2.4, 12],
			"rotation": {"angle": 22.5, "axis": "z", "origin": [0, 0.4, 0]},
			"faces": {
				"north": {"uv": [2.375, 5.75, 2.5, 6.125], "texture": "#0"},
				"east": {"uv": [10.25, 6, 10.625, 6.375], "texture": "#0"},
				"south": {"uv": [2.375, 6.125, 2.5, 6.5], "texture": "#0"},
				"west": {"uv": [10.375, 5.125, 10.75, 5.5], "texture": "#0"},
				"up": {"uv": [7.125, 8.5, 7, 8.125], "texture": "#0"},
				"down": {"uv": [9.125, 4.125, 9, 4.5], "texture": "#0"}
			}
		},
		{
			"from": [30, -0.6, 4],
			"to": [31, 2.4, 7],
			"rotation": {"angle": 22.5, "axis": "z", "origin": [0, 0.4, 0]},
			"faces": {
				"north": {"uv": [9.5, 3.25, 9.625, 3.625], "texture": "#0"},
				"east": {"uv": [10.5, 3.75, 10.875, 4.125], "texture": "#0"},
				"south": {"uv": [9.75, 0, 9.875, 0.375], "texture": "#0"},
				"west": {"uv": [11, 3.25, 11.375, 3.625], "texture": "#0"},
				"up": {"uv": [9.875, 0.75, 9.75, 0.375], "texture": "#0"},
				"down": {"uv": [1.625, 9.875, 1.5, 10.25], "texture": "#0"}
			}
		},
		{
			"from": [29, -1.6, 1],
			"to": [31, 0.4, 3],
			"rotation": {"angle": 22.5, "axis": "z", "origin": [0, 0.4, 0]},
			"faces": {
				"north": {"uv": [4.75, 5.25, 5, 5.5], "texture": "#0"},
				"east": {"uv": [6, 1.125, 6.25, 1.375], "texture": "#0"},
				"south": {"uv": [6.25, 1.125, 6.5, 1.375], "texture": "#0"},
				"west": {"uv": [6.5, 1.125, 6.75, 1.375], "texture": "#0"},
				"up": {"uv": [7, 1.375, 6.75, 1.125], "texture": "#0"},
				"down": {"uv": [7.25, 3.625, 7, 3.875], "texture": "#0"}
			}
		},
		{
			"from": [29, -1.6, 13],
			"to": [31, 0.4, 15],
			"rotation": {"angle": 22.5, "axis": "z", "origin": [0, 0.4, 0]},
			"faces": {
				"north": {"uv": [7.25, 3.625, 7.5, 3.875], "texture": "#0"},
				"east": {"uv": [7.5, 3.625, 7.75, 3.875], "texture": "#0"},
				"south": {"uv": [10.125, 4.125, 10.375, 4.375], "texture": "#0"},
				"west": {"uv": [10.375, 2, 10.625, 2.25], "texture": "#0"},
				"up": {"uv": [10.875, 2.25, 10.625, 2], "texture": "#0"},
				"down": {"uv": [10.875, 6.125, 10.625, 6.375], "texture": "#0"}
			}
		},
		{
			"from": [29, -6.6, 7],
			"to": [31, -4.6, 8],
			"rotation": {"angle": 22.5, "axis": "z", "origin": [0, 0.4, 0]},
			"faces": {
				"north": {"uv": [11.25, 2, 11.5, 2.25], "texture": "#0"},
				"east": {"uv": [8.5, 10, 8.625, 10.25], "texture": "#0"},
				"south": {"uv": [11.375, 0.75, 11.625, 1], "texture": "#0"},
				"west": {"uv": [1.5, 10.25, 1.625, 10.5], "texture": "#0"},
				"up": {"uv": [8.875, 1.125, 8.625, 1], "texture": "#0"},
				"down": {"uv": [9, 3.125, 8.75, 3.25], "texture": "#0"}
			}
		},
		{
			"from": [29, -9.6, 11],
			"to": [32, -4.6, 14],
			"rotation": {"angle": 22.5, "axis": "z", "origin": [0, 0.4, 0]},
			"faces": {
				"north": {"uv": [7.75, 10.75, 8.125, 11.375], "texture": "#0"},
				"east": {"uv": [10.875, 1, 11.25, 1.625], "texture": "#0"},
				"south": {"uv": [10.875, 1.625, 11.25, 2.25], "texture": "#0"},
				"west": {"uv": [3, 10.875, 3.375, 11.5], "texture": "#0"},
				"up": {"uv": [6.375, 11.375, 6, 11], "texture": "#0"},
				"down": {"uv": [7.125, 11, 6.75, 11.375], "texture": "#0"}
			}
		},
		{
			"from": [29, -9.6, 3],
			"to": [32, -4.6, 6],
			"rotation": {"angle": 22.5, "axis": "z", "origin": [0, 0.4, 0]},
			"faces": {
				"north": {"uv": [3.375, 10.875, 3.75, 11.5], "texture": "#0"},
				"east": {"uv": [10.875, 3.75, 11.25, 4.375], "texture": "#0"},
				"south": {"uv": [10.875, 4.375, 11.25, 5], "texture": "#0"},
				"west": {"uv": [10.875, 6.125, 11.25, 6.75], "texture": "#0"},
				"up": {"uv": [11.375, 7.125, 11, 6.75], "texture": "#0"},
				"down": {"uv": [11.375, 7.125, 11, 7.5], "texture": "#0"}
			}
		},
		{
			"from": [29, -9.6, 10],
			"to": [32, -8.6, 11],
			"rotation": {"angle": 22.5, "axis": "z", "origin": [0, 0.4, 0]},
			"faces": {
				"north": {"uv": [4, 2.375, 4.375, 2.5], "texture": "#0"},
				"east": {"uv": [5.25, 8, 5.375, 8.125], "texture": "#0"},
				"south": {"uv": [4.375, 2.375, 4.75, 2.5], "texture": "#0"},
				"west": {"uv": [7, 8.5, 7.125, 8.625], "texture": "#0"},
				"up": {"uv": [2.375, 6.75, 2, 6.625], "texture": "#0"},
				"down": {"uv": [7.875, 1, 7.5, 1.125], "texture": "#0"}
			}
		},
		{
			"from": [29, -9.6, 6],
			"to": [32, -8.6, 7],
			"rotation": {"angle": 22.5, "axis": "z", "origin": [0, 0.4, 0]},
			"faces": {
				"north": {"uv": [7.875, 1, 8.25, 1.125], "texture": "#0"},
				"east": {"uv": [8.875, 1, 9, 1.125], "texture": "#0"},
				"south": {"uv": [4.5, 8, 4.875, 8.125], "texture": "#0"},
				"west": {"uv": [9, 1, 9.125, 1.125], "texture": "#0"},
				"up": {"uv": [5.25, 8.125, 4.875, 8], "texture": "#0"},
				"down": {"uv": [8.625, 1, 8.25, 1.125], "texture": "#0"}
			}
		},
		{
			"from": [-4.68511, -14.18305, 21],
			"to": [-0.68511, -5.18305, 25],
			"rotation": {"angle": -45, "axis": "x", "origin": [-17.68511, 1.81695, 0]},
			"faces": {
				"north": {"uv": [8.125, 8.875, 8.625, 10], "texture": "#0"},
				"east": {"uv": [9.125, 4.125, 9.625, 5.25], "texture": "#0"},
				"south": {"uv": [5, 9.125, 5.5, 10.25], "texture": "#0"},
				"west": {"uv": [5.5, 9.125, 6, 10.25], "texture": "#0"},
				"up": {"uv": [10.75, 6, 10.25, 5.5], "texture": "#0"},
				"down": {"uv": [8.125, 10.25, 7.625, 10.75], "texture": "#0"}
			}
		},
		{
			"from": [-3.68511, 3.11695, 26],
			"to": [-1.68511, 8.11695, 29],
			"rotation": {"angle": 0, "axis": "y", "origin": [-17.68511, 1.81695, 0]},
			"faces": {
				"north": {"uv": [9.125, 5.25, 9.375, 5.875], "texture": "#0"},
				"east": {"uv": [8.125, 10.875, 8.5, 11.5], "texture": "#0"},
				"south": {"uv": [2.625, 11, 2.875, 11.625], "texture": "#0"},
				"west": {"uv": [9.125, 10.875, 9.5, 11.5], "texture": "#0"},
				"up": {"uv": [11.5, 5, 11.25, 4.625], "texture": "#0"},
				"down": {"uv": [5.25, 11.25, 5, 11.625], "texture": "#0"}
			}
		},
		{
			"from": [-4.68511, -5.18305, 15],
			"to": [-0.68511, -1.18305, 25],
			"rotation": {"angle": -45, "axis": "x", "origin": [-17.68511, 1.81695, 0]},
			"faces": {
				"north": {"uv": [10.375, 0, 10.875, 0.5], "texture": "#0"},
				"east": {"uv": [7.75, 4.125, 9, 4.625], "texture": "#0"},
				"south": {"uv": [10.375, 0.5, 10.875, 1], "texture": "#0"},
				"west": {"uv": [4.5, 8.125, 5.75, 8.625], "texture": "#0"},
				"up": {"uv": [2.625, 9.375, 2.125, 8.125], "texture": "#0"},
				"down": {"uv": [8.625, 4.625, 8.125, 5.875], "texture": "#0"}
			}
		},
		{
			"from": [1.31489, -11.18305, 24],
			"to": [5.31489, -2.18305, 28],
			"rotation": {"angle": -45, "axis": "x", "origin": [-11.68511, 4.81695, 3]},
			"faces": {
				"north": {"uv": [9.125, 6.375, 9.625, 7.5], "texture": "#0"},
				"east": {"uv": [9.125, 7.5, 9.625, 8.625], "texture": "#0"},
				"south": {"uv": [7.625, 9.125, 8.125, 10.25], "texture": "#0"},
				"west": {"uv": [9.125, 8.625, 9.625, 9.75], "texture": "#0"},
				"up": {"uv": [10.875, 1.5, 10.375, 1], "texture": "#0"},
				"down": {"uv": [10.875, 1.5, 10.375, 2], "texture": "#0"}
			}
		},
		{
			"from": [2.31489, 4.11695, 29],
			"to": [4.31489, 11.11695, 32],
			"rotation": {"angle": 0, "axis": "y", "origin": [-11.68511, 4.81695, 3]},
			"faces": {
				"north": {"uv": [9.625, 4.375, 9.875, 5.25], "texture": "#0"},
				"east": {"uv": [2, 5.75, 2.375, 6.625], "texture": "#0"},
				"south": {"uv": [3.75, 10.875, 4, 11.75], "texture": "#0"},
				"west": {"uv": [9.875, 5.5, 10.25, 6.375], "texture": "#0"},
				"up": {"uv": [11.5, 5.375, 11.25, 5], "texture": "#0"},
				"down": {"uv": [5.5, 11.25, 5.25, 11.625], "texture": "#0"}
			}
		},
		{
			"from": [1.31489, -2.18305, 18],
			"to": [5.31489, 1.81695, 28],
			"rotation": {"angle": -45, "axis": "x", "origin": [-11.68511, 4.81695, 3]},
			"faces": {
				"north": {"uv": [3, 10.375, 3.5, 10.875], "texture": "#0"},
				"east": {"uv": [5.75, 8.125, 7, 8.625], "texture": "#0"},
				"south": {"uv": [3.5, 10.375, 4, 10.875], "texture": "#0"},
				"west": {"uv": [8.125, 5.875, 9.375, 6.375], "texture": "#0"},
				"up": {"uv": [8.625, 7.625, 8.125, 6.375], "texture": "#0"},
				"down": {"uv": [8.625, 7.625, 8.125, 8.875], "texture": "#0"}
			}
		},
		{
			"from": [8.31489, -12.18305, 24],
			"to": [12.31489, -3.18305, 28],
			"rotation": {"angle": -45, "axis": "x", "origin": [-4.68511, 3.81695, 3]},
			"faces": {
				"north": {"uv": [3, 9.25, 3.5, 10.375], "texture": "#0"},
				"east": {"uv": [3.5, 9.25, 4, 10.375], "texture": "#0"},
				"south": {"uv": [9.375, 1, 9.875, 2.125], "texture": "#0"},
				"west": {"uv": [1.625, 9.375, 2.125, 10.5], "texture": "#0"},
				"up": {"uv": [10.875, 4.625, 10.375, 4.125], "texture": "#0"},
				"down": {"uv": [10.875, 4.625, 10.375, 5.125], "texture": "#0"}
			}
		},
		{
			"from": [9.31489, 4.11695, 29],
			"to": [11.31489, 10.11695, 32],
			"rotation": {"angle": 0, "axis": "y", "origin": [-4.68511, 3.81695, 3]},
			"faces": {
				"north": {"uv": [6, 9.125, 6.25, 9.875], "texture": "#0"},
				"east": {"uv": [10.125, 7.5, 10.5, 8.25], "texture": "#0"},
				"south": {"uv": [0.375, 11, 0.625, 11.75], "texture": "#0"},
				"west": {"uv": [10.125, 8.25, 10.5, 9], "texture": "#0"},
				"up": {"uv": [11.5, 5.75, 11.25, 5.375], "texture": "#0"},
				"down": {"uv": [5.75, 11.25, 5.5, 11.625], "texture": "#0"}
			}
		},
		{
			"from": [9.31489, 0.11695, 30],
			"to": [11.31489, 4.11695, 32],
			"rotation": {"angle": 0, "axis": "y", "origin": [-4.68511, 3.81695, 3]},
			"faces": {
				"north": {"uv": [7.375, 6, 7.625, 6.5], "texture": "#0"},
				"east": {"uv": [9.375, 3.625, 9.625, 4.125], "texture": "#0"},
				"south": {"uv": [11, 7.5, 11.25, 8], "texture": "#0"},
				"west": {"uv": [11, 8, 11.25, 8.5], "texture": "#0"},
				"up": {"uv": [11.625, 7.5, 11.375, 7.25], "texture": "#0"},
				"down": {"uv": [11.625, 10.5, 11.375, 10.75], "texture": "#0"}
			}
		},
		{
			"from": [2.31489, 0.11695, 30],
			"to": [4.31489, 4.11695, 32],
			"rotation": {"angle": 0, "axis": "y", "origin": [-4.68511, 3.81695, 3]},
			"faces": {
				"north": {"uv": [8.5, 11, 8.75, 11.5], "texture": "#0"},
				"east": {"uv": [11, 8.5, 11.25, 9], "texture": "#0"},
				"south": {"uv": [8.75, 11, 9, 11.5], "texture": "#0"},
				"west": {"uv": [11, 9, 11.25, 9.5], "texture": "#0"},
				"up": {"uv": [11.625, 11, 11.375, 10.75], "texture": "#0"},
				"down": {"uv": [11.625, 11, 11.375, 11.25], "texture": "#0"}
			}
		},
		{
			"from": [-3.68511, 0.11695, 27],
			"to": [-1.68511, 3.11695, 29],
			"rotation": {"angle": 0, "axis": "y", "origin": [-4.68511, 3.81695, 3]},
			"faces": {
				"north": {"uv": [5.75, 11.25, 6, 11.625], "texture": "#0"},
				"east": {"uv": [11.25, 5.75, 11.5, 6.125], "texture": "#0"},
				"south": {"uv": [11.25, 6.125, 11.5, 6.5], "texture": "#0"},
				"west": {"uv": [7.125, 11.25, 7.375, 11.625], "texture": "#0"},
				"up": {"uv": [11.625, 11.5, 11.375, 11.25], "texture": "#0"},
				"down": {"uv": [0.875, 11.5, 0.625, 11.75], "texture": "#0"}
			}
		},
		{
			"from": [17.31489, 0.11695, 27],
			"to": [19.31489, 3.11695, 29],
			"rotation": {"angle": 0, "axis": "y", "origin": [-4.68511, 3.81695, 3]},
			"faces": {
				"north": {"uv": [7.375, 11.25, 7.625, 11.625], "texture": "#0"},
				"east": {"uv": [11.25, 7.5, 11.5, 7.875], "texture": "#0"},
				"south": {"uv": [11.25, 7.875, 11.5, 8.25], "texture": "#0"},
				"west": {"uv": [11.25, 8.25, 11.5, 8.625], "texture": "#0"},
				"up": {"uv": [1.125, 11.75, 0.875, 11.5], "texture": "#0"},
				"down": {"uv": [11.75, 1, 11.5, 1.25], "texture": "#0"}
			}
		},
		{
			"from": [8.31489, -3.18305, 9],
			"to": [12.31489, 0.81695, 28],
			"rotation": {"angle": -45, "axis": "x", "origin": [-4.68511, 3.81695, 3]},
			"faces": {
				"north": {"uv": [1.5, 10.5, 2, 11], "texture": "#0"},
				"east": {"uv": [7, 1.125, 9.375, 1.625], "texture": "#0"},
				"south": {"uv": [2, 10.5, 2.5, 11], "texture": "#0"},
				"west": {"uv": [7, 1.625, 9.375, 2.125], "texture": "#0"},
				"up": {"uv": [3, 8.125, 2.5, 5.75], "texture": "#0"},
				"down": {"uv": [3.5, 6.875, 3, 9.25], "texture": "#0"}
			}
		},
		{
			"from": [17.31489, 3.11695, 26],
			"to": [19.31489, 7.11695, 29],
			"rotation": {"angle": 0, "axis": "y", "origin": [3.31489, 0.81695, 0]},
			"faces": {
				"north": {"uv": [11, 9.5, 11.25, 10], "texture": "#0"},
				"east": {"uv": [0.625, 11, 1, 11.5], "texture": "#0"},
				"south": {"uv": [10.125, 11, 10.375, 11.5], "texture": "#0"},
				"west": {"uv": [1, 11, 1.375, 11.5], "texture": "#0"},
				"up": {"uv": [11.5, 9, 11.25, 8.625], "texture": "#0"},
				"down": {"uv": [11.5, 9, 11.25, 9.375], "texture": "#0"}
			}
		},
		{
			"from": [16.31489, -6.18305, 12],
			"to": [20.31489, -2.18305, 25],
			"rotation": {"angle": -45, "axis": "x", "origin": [3.31489, 0.81695, 0]},
			"faces": {
				"north": {"uv": [10.5, 6.75, 11, 7.25], "texture": "#0"},
				"east": {"uv": [0, 7.75, 1.625, 8.25], "texture": "#0"},
				"south": {"uv": [10.5, 7.25, 11, 7.75], "texture": "#0"},
				"west": {"uv": [7.75, 3.625, 9.375, 4.125], "texture": "#0"},
				"up": {"uv": [2.125, 9.375, 1.625, 7.75], "texture": "#0"},
				"down": {"uv": [4.5, 8, 4, 9.625], "texture": "#0"}
			}
		},
		{
			"from": [-4.68511, -14.18305, -9],
			"to": [-0.68511, -5.18305, -5],
			"rotation": {"angle": 45, "axis": "x", "origin": [-17.68511, 1.81695, 16]},
			"faces": {
				"north": {"uv": [9.625, 3.25, 10.125, 4.375], "texture": "#0"},
				"east": {"uv": [4, 9.625, 4.5, 10.75], "texture": "#0"},
				"south": {"uv": [9.625, 6.375, 10.125, 7.5], "texture": "#0"},
				"west": {"uv": [9.625, 7.5, 10.125, 8.625], "texture": "#0"},
				"up": {"uv": [11, 8.25, 10.5, 7.75], "texture": "#0"},
				"down": {"uv": [11, 8.25, 10.5, 8.75], "texture": "#0"}
			}
		},
		{
			"from": [-3.68511, 3.11695, -13],
			"to": [-1.68511, 8.11695, -10],
			"rotation": {"angle": 0, "axis": "y", "origin": [-17.68511, 1.81695, 16]},
			"faces": {
				"north": {"uv": [4.5, 11, 4.75, 11.625], "texture": "#0"},
				"east": {"uv": [9.5, 10.875, 9.875, 11.5], "texture": "#0"},
				"south": {"uv": [4.75, 11, 5, 11.625], "texture": "#0"},
				"west": {"uv": [0, 11, 0.375, 11.625], "texture": "#0"},
				"up": {"uv": [11.5, 9.75, 11.25, 9.375], "texture": "#0"},
				"down": {"uv": [10.875, 11.25, 10.625, 11.625], "texture": "#0"}
			}
		},
		{
			"from": [-4.68511, -5.18305, -9],
			"to": [-0.68511, -1.18305, 1],
			"rotation": {"angle": 45, "axis": "x", "origin": [-17.68511, 1.81695, 16]},
			"faces": {
				"north": {"uv": [10.5, 8.75, 11, 9.25], "texture": "#0"},
				"east": {"uv": [0, 8.25, 1.25, 8.75], "texture": "#0"},
				"south": {"uv": [10.5, 9.25, 11, 9.75], "texture": "#0"},
				"west": {"uv": [8.5, 0, 9.75, 0.5], "texture": "#0"},
				"up": {"uv": [5, 9.875, 4.5, 8.625], "texture": "#0"},
				"down": {"uv": [9.125, 4.625, 8.625, 5.875], "texture": "#0"}
			}
		},
		{
			"from": [1.31489, -11.18305, -12],
			"to": [5.31489, -2.18305, -8],
			"rotation": {"angle": 45, "axis": "x", "origin": [-11.68511, 4.81695, 13]},
			"faces": {
				"north": {"uv": [9.625, 8.625, 10.125, 9.75], "texture": "#0"},
				"east": {"uv": [9.125, 9.75, 9.625, 10.875], "texture": "#0"},
				"south": {"uv": [9.625, 9.75, 10.125, 10.875], "texture": "#0"},
				"west": {"uv": [0, 9.875, 0.5, 11], "texture": "#0"},
				"up": {"uv": [11, 10.25, 10.5, 9.75], "texture": "#0"},
				"down": {"uv": [10.625, 10.5, 10.125, 11], "texture": "#0"}
			}
		},
		{
			"from": [2.31489, 4.11695, -16],
			"to": [4.31489, 11.11695, -13],
			"rotation": {"angle": 0, "axis": "y", "origin": [-11.68511, 4.81695, 13]},
			"faces": {
				"north": {"uv": [6.5, 10.875, 6.75, 11.75], "texture": "#0"},
				"east": {"uv": [8.125, 10, 8.5, 10.875], "texture": "#0"},
				"south": {"uv": [9.875, 10.875, 10.125, 11.75], "texture": "#0"},
				"west": {"uv": [10.125, 3.25, 10.5, 4.125], "texture": "#0"},
				"up": {"uv": [11.125, 11.625, 10.875, 11.25], "texture": "#0"},
				"down": {"uv": [11.625, 0, 11.375, 0.375], "texture": "#0"}
			}
		},
		{
			"from": [1.31489, -2.18305, -12],
			"to": [5.31489, 1.81695, -2],
			"rotation": {"angle": 45, "axis": "x", "origin": [-11.68511, 4.81695, 13]},
			"faces": {
				"north": {"uv": [10.625, 10.25, 11.125, 10.75], "texture": "#0"},
				"east": {"uv": [8.5, 0.5, 9.75, 1], "texture": "#0"},
				"south": {"uv": [4, 10.75, 4.5, 11.25], "texture": "#0"},
				"west": {"uv": [5, 8.625, 6.25, 9.125], "texture": "#0"},
				"up": {"uv": [6.75, 9.875, 6.25, 8.625], "texture": "#0"},
				"down": {"uv": [9.125, 6.375, 8.625, 7.625], "texture": "#0"}
			}
		},
		{
			"from": [8.31489, -12.18305, -12],
			"to": [12.31489, -3.18305, -8],
			"rotation": {"angle": 45, "axis": "x", "origin": [-4.68511, 3.81695, 13]},
			"faces": {
				"north": {"uv": [9.875, 0, 10.375, 1.125], "texture": "#0"},
				"east": {"uv": [0.5, 9.875, 1, 11], "texture": "#0"},
				"south": {"uv": [1, 9.875, 1.5, 11], "texture": "#0"},
				"west": {"uv": [9.875, 1.125, 10.375, 2.25], "texture": "#0"},
				"up": {"uv": [5.5, 11.25, 5, 10.75], "texture": "#0"},
				"down": {"uv": [11.25, 5.125, 10.75, 5.625], "texture": "#0"}
			}
		},
		{
			"from": [9.31489, 4.11695, -16],
			"to": [11.31489, 10.11695, -13],
			"rotation": {"angle": 0, "axis": "y", "origin": [-4.68511, 3.81695, 13]},
			"faces": {
				"north": {"uv": [1.375, 11, 1.625, 11.75], "texture": "#0"},
				"east": {"uv": [10.125, 9, 10.5, 9.75], "texture": "#0"},
				"south": {"uv": [1.625, 11, 1.875, 11.75], "texture": "#0"},
				"west": {"uv": [10.125, 9.75, 10.5, 10.5], "texture": "#0"},
				"up": {"uv": [11.625, 0.75, 11.375, 0.375], "texture": "#0"},
				"down": {"uv": [11.625, 2.75, 11.375, 3.125], "texture": "#0"}
			}
		},
		{
			"from": [9.31489, 0.11695, -16],
			"to": [11.31489, 4.11695, -14],
			"rotation": {"angle": 0, "axis": "y", "origin": [-4.68511, 3.81695, 13]},
			"faces": {
				"north": {"uv": [10.375, 11, 10.625, 11.5], "texture": "#0"},
				"east": {"uv": [11.125, 10, 11.375, 10.5], "texture": "#0"},
				"south": {"uv": [11.125, 10.5, 11.375, 11], "texture": "#0"},
				"west": {"uv": [11.125, 11, 11.375, 11.5], "texture": "#0"},
				"up": {"uv": [1.375, 11.75, 1.125, 11.5], "texture": "#0"},
				"down": {"uv": [11.75, 1.25, 11.5, 1.5], "texture": "#0"}
			}
		},
		{
			"from": [2.31489, 0.11695, -16],
			"to": [4.31489, 4.11695, -14],
			"rotation": {"angle": 0, "axis": "y", "origin": [-4.68511, 3.81695, 13]},
			"faces": {
				"north": {"uv": [11.25, 1, 11.5, 1.5], "texture": "#0"},
				"east": {"uv": [11.25, 1.5, 11.5, 2], "texture": "#0"},
				"south": {"uv": [11.25, 3.625, 11.5, 4.125], "texture": "#0"},
				"west": {"uv": [4, 11.25, 4.25, 11.75], "texture": "#0"},
				"up": {"uv": [11.75, 1.75, 11.5, 1.5], "texture": "#0"},
				"down": {"uv": [11.75, 1.75, 11.5, 2], "texture": "#0"}
			}
		},
		{
			"from": [-3.68511, 0.11695, -13],
			"to": [-1.68511, 3.11695, -11],
			"rotation": {"angle": 0, "axis": "y", "origin": [-4.68511, 3.81695, 13]},
			"faces": {
				"north": {"uv": [11.375, 3.125, 11.625, 3.5], "texture": "#0"},
				"east": {"uv": [6, 11.375, 6.25, 11.75], "texture": "#0"},
				"south": {"uv": [6.25, 11.375, 6.5, 11.75], "texture": "#0"},
				"west": {"uv": [11.375, 6.5, 11.625, 6.875], "texture": "#0"},
				"up": {"uv": [2.125, 11.75, 1.875, 11.5], "texture": "#0"},
				"down": {"uv": [11.75, 2, 11.5, 2.25], "texture": "#0"}
			}
		},
		{
			"from": [17.31489, 0.11695, -13],
			"to": [19.31489, 3.11695, -11],
			"rotation": {"angle": 0, "axis": "y", "origin": [-4.68511, 3.81695, 13]},
			"faces": {
				"north": {"uv": [6.75, 11.375, 7, 11.75], "texture": "#0"},
				"east": {"uv": [11.375, 6.875, 11.625, 7.25], "texture": "#0"},
				"south": {"uv": [7.625, 11.375, 7.875, 11.75], "texture": "#0"},
				"west": {"uv": [7.875, 11.375, 8.125, 11.75], "texture": "#0"},
				"up": {"uv": [2.375, 11.75, 2.125, 11.5], "texture": "#0"},
				"down": {"uv": [2.625, 11.5, 2.375, 11.75], "texture": "#0"}
			}
		},
		{
			"from": [8.31489, -3.18305, -12],
			"to": [12.31489, 0.81695, 7],
			"rotation": {"angle": 45, "axis": "x", "origin": [-4.68511, 3.81695, 13]},
			"faces": {
				"north": {"uv": [5.5, 10.75, 6, 11.25], "texture": "#0"},
				"east": {"uv": [7, 2.125, 9.375, 2.625], "texture": "#0"},
				"south": {"uv": [10.75, 5.625, 11.25, 6.125], "texture": "#0"},
				"west": {"uv": [7, 2.625, 9.375, 3.125], "texture": "#0"},
				"up": {"uv": [4, 9.25, 3.5, 6.875], "texture": "#0"},
				"down": {"uv": [8.125, 5, 7.625, 7.375], "texture": "#0"}
			}
		},
		{
			"from": [16.31489, -15.18305, -9],
			"to": [20.31489, -6.18305, -5],
			"rotation": {"angle": 45, "axis": "x", "origin": [3.31489, 0.81695, 16]},
			"faces": {
				"north": {"uv": [9.875, 4.375, 10.375, 5.5], "texture": "#0"},
				"east": {"uv": [4.5, 9.875, 5, 11], "texture": "#0"},
				"south": {"uv": [6, 9.875, 6.5, 11], "texture": "#0"},
				"west": {"uv": [8.625, 9.875, 9.125, 11], "texture": "#0"},
				"up": {"uv": [7.75, 11.25, 7.25, 10.75], "texture": "#0"},
				"down": {"uv": [11.125, 10.75, 10.625, 11.25], "texture": "#0"}
			}
		},
		{
			"from": [17.31489, 3.11695, -13],
			"to": [19.31489, 7.11695, -10],
			"rotation": {"angle": 0, "axis": "y", "origin": [3.31489, 0.81695, 16]},
			"faces": {
				"north": {"uv": [11.25, 4.125, 11.5, 4.625], "texture": "#0"},
				"east": {"uv": [1.875, 11, 2.25, 11.5], "texture": "#0"},
				"south": {"uv": [4.25, 11.25, 4.5, 11.75], "texture": "#0"},
				"west": {"uv": [2.25, 11, 2.625, 11.5], "texture": "#0"},
				"up": {"uv": [11.625, 10.125, 11.375, 9.75], "texture": "#0"},
				"down": {"uv": [11.625, 10.125, 11.375, 10.5], "texture": "#0"}
			}
		},
		{
			"from": [16.31489, -6.18305, -9],
			"to": [20.31489, -2.18305, 5],
			"rotation": {"angle": 45, "axis": "x", "origin": [3.31489, 0.81695, 16]},
			"faces": {
				"north": {"uv": [10.875, 0, 11.375, 0.5], "texture": "#0"},
				"east": {"uv": [7, 3.125, 8.75, 3.625], "texture": "#0"},
				"south": {"uv": [10.875, 0.5, 11.375, 1], "texture": "#0"},
				"west": {"uv": [5.375, 7.625, 7.125, 8.125], "texture": "#0"},
				"up": {"uv": [7.625, 9.375, 7.125, 7.625], "texture": "#0"},
				"down": {"uv": [8.125, 7.375, 7.625, 9.125], "texture": "#0"}
			}
		}
	],
	"display": {
		"thirdperson_righthand": {
			"rotation": [86.1, -78.36, 109.77],
			"translation": [0, 0, 1.75],
			"scale": [0.23, 0.22, 0.22]
		},
		"thirdperson_lefthand": {
			"rotation": [86.1, -78.36, 109.77],
			"translation": [0, 0, 1.75],
			"scale": [0.23, 0.22, 0.22]
		},
		"firstperson_righthand": {
			"rotation": [86.1, -78.36, 109.77],
			"translation": [-3.75, 3, 1.75],
			"scale": [0.23, 0.22, 0.22]
		},
		"firstperson_lefthand": {
			"rotation": [11.63, 2.7, 23.11],
			"translation": [-0.75, 4, 1.75],
			"scale": [0.23, 0.22, 0.22]
		},
		"ground": {
			"rotation": [86.1, -78.36, 109.77],
			"translation": [0, -1, 1.75],
			"scale": [0.23, 0.22, 0.22]
		},
		"gui": {
			"rotation": [-161, -63.25, -176.25],
			"translation": [0.25, -0.25, -6.5],
			"scale": [0.4, 0.4, 0.4]
		},
		"head": {
			"rotation": [0, 90, 0],
			"translation": [0, -35.25, 0]
		},
		"fixed": {
			"rotation": [-90, 90, 0],
			"translation": [0, 1.25, -6.5]
		}
	},
	"groups": [
		{
			"name": "group",
			"origin": [8, 8, 8],
			"color": 0,
			"nbt": "{}",
			"children": [
				0,
				1,
				2,
				3,
				4,
				5,
				6,
				7,
				8,
				9,
				10,
				11,
				12,
				13,
				14,
				15,
				16,
				17,
				{
					"name": "group",
					"origin": [8, 8, 8],
					"color": 0,
					"nbt": "{}",
					"children": [
						{
							"name": "group",
							"origin": [8, 8, 8],
							"color": 0,
							"nbt": "{}",
							"children": [18, 19, 20]
						},
						{
							"name": "group",
							"origin": [8, 8, 8],
							"color": 0,
							"nbt": "{}",
							"children": [21, 22, 23]
						},
						{
							"name": "group",
							"origin": [8, 8, 8],
							"color": 0,
							"nbt": "{}",
							"children": [24, 25, 26, 27, 28, 29, 30]
						},
						{
							"name": "group",
							"origin": [8, 8, 8],
							"color": 0,
							"nbt": "{}",
							"children": [31, 32]
						}
					]
				},
				{
					"name": "group",
					"origin": [8, 8, 8],
					"color": 0,
					"nbt": "{}",
					"children": [
						{
							"name": "group",
							"origin": [8, 8, 8],
							"color": 0,
							"nbt": "{}",
							"children": [33, 34, 35]
						},
						{
							"name": "group",
							"origin": [8, 8, 8],
							"color": 0,
							"nbt": "{}",
							"children": [36, 37, 38]
						},
						{
							"name": "group",
							"origin": [8, 8, 8],
							"color": 0,
							"nbt": "{}",
							"children": [39, 40, 41, 42, 43, 44, 45]
						},
						{
							"name": "group",
							"origin": [8, 8, 8],
							"color": 0,
							"nbt": "{}",
							"children": [46, 47, 48]
						}
					]
				}
			]
		}
	]
}