{
	"credit": "Made with Blockbench",
	"texture_size": [128, 128],
	"textures": {
		"2": "jeracraft:halloween/coffin_sides"
	},
	"elements": [
		{
			"from": [-3, 0, -11],
			"to": [19, 11, 8],
			"faces": {
				"north": {"uv": [0, 4.75, 2.75, 6.125], "texture": "#2"},
				"east": {"uv": [4.75, 4.125, 7.125, 5.5], "texture": "#2"},
				"south": {"uv": [4.75, 2.75, 7.5, 4.125], "texture": "#2"},
				"west": {"uv": [4.75, 5.5, 7.125, 6.875], "texture": "#2"},
				"up": {"uv": [2.75, 2.375, 0, 0], "texture": "#2"},
				"down": {"uv": [2.75, 2.375, 0, 4.75], "texture": "#2"}
			}
		},
		{
			"from": [0, 0, 8],
			"to": [16, 11, 32],
			"faces": {
				"north": {"uv": [2.75, 6, 4.75, 7.375], "texture": "#2"},
				"east": {"uv": [4.75, 0, 7.75, 1.375], "texture": "#2"},
				"south": {"uv": [0, 6.125, 2, 7.5], "texture": "#2"},
				"west": {"uv": [4.75, 1.375, 7.75, 2.75], "texture": "#2"},
				"up": {"uv": [4.75, 3, 2.75, 0], "texture": "#2"},
				"down": {"uv": [4.75, 3, 2.75, 6], "texture": "#2"}
			}
		},
		{
			"from": [-2, 0, 8],
			"to": [0, 11, 23],
			"faces": {
				"north": {"uv": [7.75, 1.375, 8, 2.75], "texture": "#2"},
				"east": {"uv": [7.125, 4.125, 9, 5.5], "texture": "#2"},
				"south": {"uv": [8, 1.375, 8.25, 2.75], "texture": "#2"},
				"west": {"uv": [7.125, 5.5, 9, 6.875], "texture": "#2"},
				"up": {"uv": [4.75, 9.25, 4.5, 7.375], "texture": "#2"},
				"down": {"uv": [5, 8.25, 4.75, 10.125], "texture": "#2"}
			}
		},
		{
			"from": [16, 0, 8],
			"to": [18, 11, 23],
			"faces": {
				"north": {"uv": [8.25, 1.375, 8.5, 2.75], "texture": "#2"},
				"east": {"uv": [2, 7.375, 3.875, 8.75], "texture": "#2"},
				"south": {"uv": [5.5, 8.25, 5.75, 9.625], "texture": "#2"},
				"west": {"uv": [0, 7.5, 1.875, 8.875], "texture": "#2"},
				"up": {"uv": [5.25, 10.125, 5, 8.25], "texture": "#2"},
				"down": {"uv": [5.5, 8.25, 5.25, 10.125], "texture": "#2"}
			}
		},
		{
			"from": [0, 0, -16],
			"to": [16, 11, -11],
			"faces": {
				"north": {"uv": [4.75, 6.875, 6.75, 8.25], "texture": "#2"},
				"east": {"uv": [3.875, 7.375, 4.5, 8.75], "texture": "#2"},
				"south": {"uv": [6.75, 6.875, 8.75, 8.25], "texture": "#2"},
				"west": {"uv": [7.75, 0, 8.375, 1.375], "texture": "#2"},
				"up": {"uv": [9.5, 3.375, 7.5, 2.75], "texture": "#2"},
				"down": {"uv": [9.5, 3.375, 7.5, 4], "texture": "#2"}
			}
		}
	],
	"display": {
		"thirdperson_righthand": {
			"translation": [0, 1.25, -0.25],
			"scale": [0.16, 0.16, 0.16]
		},
		"thirdperson_lefthand": {
			"translation": [0, 1.25, -0.25],
			"scale": [0.16, 0.16, 0.16]
		},
		"firstperson_righthand": {
			"translation": [0, 1.25, -0.25],
			"scale": [0.16, 0.16, 0.16]
		},
		"firstperson_lefthand": {
			"translation": [0, 1.25, -0.25],
			"scale": [0.16, 0.16, 0.16]
		},
		"ground": {
			"translation": [0, -1.25, -0.25],
			"scale": [0.16, 0.16, 0.16]
		},
		"gui": {
			"rotation": [90, 0, 0],
			"translation": [0, -0.25, -0.25],
			"scale": [0.33, 0.32, 0.29]
		},
		"head": {
			"translation": [0, -23.25, 0]
		},
		"fixed": {
			"rotation": [-90, 0, 0],
			"translation": [0, 0, -15],
			"scale": [2, 2, 2]
		}
	},
	"groups": [
		{
			"name": "group",
			"origin": [8, 8, 8],
			"color": 0,
			"nbt": "{}",
			"children": [0, 1, 2, 3, 4]
		}
	]
}