{
	"credit": "Made with Blockbench",
	"texture_size": [32, 32],
	"textures": {
		"0": "jeracraft:christmas/bear",
		"1": "jeracraft:christmas/scarf",
		"particle": "jeracraft:christmas/bear"
	},
	"elements": [
		{
			"from": [7, 0, 0],
			"to": [10, 3, 2],
			"faces": {
				"north": {"uv": [8.5, 1, 9.25, 1.75], "texture": "#0"},
				"east": {"uv": [9, 6.5, 9.5, 7.25], "texture": "#0"},
				"south": {"uv": [11, 11.25, 11.75, 12], "texture": "#0"},
				"west": {"uv": [9, 7.25, 9.5, 8], "texture": "#0"},
				"up": {"uv": [1.75, 12, 1, 11.5], "texture": "#0"},
				"down": {"uv": [2.5, 11.5, 1.75, 12], "texture": "#0"}
			}
		},
		{
			"from": [3, 0, 2],
			"to": [14, 11, 9],
			"faces": {
				"north": {"uv": [0, 0, 2.75, 2.75], "texture": "#0"},
				"east": {"uv": [5, 0, 6.75, 2.75], "texture": "#0"},
				"south": {"uv": [0, 2.75, 2.75, 5.5], "texture": "#0"},
				"west": {"uv": [2.75, 5, 4.5, 7.75], "texture": "#0"},
				"up": {"uv": [7.75, 4.5, 5, 2.75], "texture": "#0"},
				"down": {"uv": [7.25, 5, 4.5, 6.75], "texture": "#0"}
			}
		},
		{
			"from": [4, 0, 9],
			"to": [13, 10, 10],
			"faces": {
				"north": {"uv": [2.75, 0, 5, 2.5], "texture": "#0"},
				"east": {"uv": [5, 11.25, 5.25, 13.75], "texture": "#0"},
				"south": {"uv": [2.75, 2.5, 5, 5], "texture": "#0"},
				"west": {"uv": [8.25, 11.25, 8.5, 13.75], "texture": "#0"},
				"up": {"uv": [7.25, 4.75, 5, 4.5], "texture": "#0"},
				"down": {"uv": [7.25, 4.75, 5, 5], "texture": "#0"}
			}
		},
		{
			"from": [5, 11, 8],
			"to": [12, 15, 9],
			"faces": {
				"north": {"uv": [7.25, 10.25, 9, 11.25], "texture": "#0"},
				"east": {"uv": [5.25, 9, 5.5, 10], "texture": "#0"},
				"south": {"uv": [10.5, 0, 12.25, 1], "texture": "#0"},
				"west": {"uv": [3, 9.25, 3.25, 10.25], "texture": "#0"},
				"up": {"uv": [9, 6.75, 7.25, 6.5], "texture": "#0"},
				"down": {"uv": [12.25, 2, 10.5, 2.25], "texture": "#0"}
			}
		},
		{
			"from": [5, 0, 4],
			"to": [9, 4, 13],
			"rotation": {"angle": -22.5, "axis": "y", "origin": [0, 0, 0]},
			"faces": {
				"north": {"uv": [6.75, 1.75, 7.75, 2.75], "texture": "#0"},
				"east": {"uv": [7.75, 3.25, 10, 4.25], "texture": "#0"},
				"south": {"uv": [8.5, 0, 9.5, 1], "texture": "#0"},
				"west": {"uv": [3.25, 8, 5.5, 9], "texture": "#0"},
				"up": {"uv": [2.75, 7.75, 1.75, 5.5], "texture": "#0"},
				"down": {"uv": [6.5, 8, 5.5, 10.25], "texture": "#0"}
			}
		},
		{
			"from": [2.56533, -0.99153, 9],
			"to": [6.56533, 8.00847, 13],
			"rotation": {"angle": -22.5, "axis": "x", "origin": [-2.43467, 2.90847, -2]},
			"faces": {
				"north": {"uv": [6.5, 8, 7.5, 10.25], "texture": "#0"},
				"east": {"uv": [7.5, 8, 8.5, 10.25], "texture": "#0"},
				"south": {"uv": [8.5, 8, 9.5, 10.25], "texture": "#0"},
				"west": {"uv": [8.75, 4.25, 9.75, 6.5], "texture": "#0"},
				"up": {"uv": [11.5, 10.25, 10.5, 9.25], "texture": "#0"},
				"down": {"uv": [11.5, 10.25, 10.5, 11.25], "texture": "#0"}
			}
		},
		{
			"from": [10.56533, -0.99153, 9],
			"to": [14.56533, 8.00847, 13],
			"rotation": {"angle": -22.5, "axis": "x", "origin": [-2.43467, 2.90847, -2]},
			"faces": {
				"north": {"uv": [2, 9.25, 3, 11.5], "texture": "#0"},
				"east": {"uv": [9.5, 0, 10.5, 2.25], "texture": "#0"},
				"south": {"uv": [9.5, 6.5, 10.5, 8.75], "texture": "#0"},
				"west": {"uv": [9.5, 8.75, 10.5, 11], "texture": "#0"},
				"up": {"uv": [4, 12.25, 3, 11.25], "texture": "#0"},
				"down": {"uv": [5, 11.25, 4, 12.25], "texture": "#0"}
			}
		},
		{
			"from": [6.8, 0, 10.5],
			"to": [10.8, 4, 19.5],
			"rotation": {"angle": 22.5, "axis": "y", "origin": [0, 0, 0]},
			"faces": {
				"north": {"uv": [7.25, 11.25, 8.25, 12.25], "texture": "#0"},
				"east": {"uv": [9.5, 2.25, 11.75, 3.25], "texture": "#0"},
				"south": {"uv": [10, 11.25, 11, 12.25], "texture": "#0"},
				"west": {"uv": [9.75, 4.25, 12, 5.25], "texture": "#0"},
				"up": {"uv": [6.25, 12.5, 5.25, 10.25], "texture": "#0"},
				"down": {"uv": [7.25, 10.25, 6.25, 12.5], "texture": "#0"}
			}
		},
		{
			"from": [11, 9, 10],
			"to": [16, 13, 11],
			"rotation": {"angle": 22.5, "axis": "z", "origin": [0, 0, 0]},
			"faces": {
				"north": {"uv": [10.5, 1, 11.75, 2], "texture": "#0"},
				"east": {"uv": [3, 10.25, 3.25, 11.25], "texture": "#0"},
				"south": {"uv": [10.5, 6.25, 11.75, 7.25], "texture": "#0"},
				"west": {"uv": [8.5, 11.25, 8.75, 12.25], "texture": "#0"},
				"up": {"uv": [8.5, 6.5, 7.25, 6.25], "texture": "#0"},
				"down": {"uv": [4.5, 7.75, 3.25, 8], "texture": "#0"}
			}
		},
		{
			"from": [12, 11.9, 10.5],
			"to": [15, 12.9, 11.5],
			"rotation": {"angle": 22.5, "axis": "z", "origin": [0, 0, 0]},
			"faces": {
				"north": {"uv": [7.75, 4.25, 8.5, 4.5], "texture": "#0"},
				"east": {"uv": [8.5, 4.25, 8.75, 4.5], "texture": "#0"},
				"south": {"uv": [9.75, 6.25, 10.5, 6.5], "texture": "#0"},
				"west": {"uv": [8.5, 6.25, 8.75, 6.5], "texture": "#0"},
				"up": {"uv": [12.25, 10.5, 11.5, 10.25], "texture": "#0"},
				"down": {"uv": [12.25, 10.5, 11.5, 10.75], "texture": "#0"}
			}
		},
		{
			"from": [13, 10.9, 10.5],
			"to": [14, 11.9, 11.5],
			"rotation": {"angle": 22.5, "axis": "z", "origin": [0, 0, 0]},
			"faces": {
				"north": {"uv": [9.25, 1.5, 9.5, 1.75], "texture": "#0"},
				"east": {"uv": [5.25, 10, 5.5, 10.25], "texture": "#0"},
				"south": {"uv": [11.75, 8.5, 12, 8.75], "texture": "#0"},
				"west": {"uv": [8.75, 11.75, 9, 12], "texture": "#0"},
				"up": {"uv": [12, 9, 11.75, 8.75], "texture": "#0"},
				"down": {"uv": [12, 9, 11.75, 9.25], "texture": "#0"}
			}
		},
		{
			"from": [12, 13, 9.5],
			"to": [13, 15, 10.5],
			"rotation": {"angle": 22.5, "axis": "z", "origin": [0, 0, 0]},
			"faces": {
				"north": {"uv": [1.5, 7.25, 1.75, 7.75], "texture": "#0"},
				"east": {"uv": [9.25, 1, 9.5, 1.5], "texture": "#0"},
				"south": {"uv": [8.75, 11.25, 9, 11.75], "texture": "#0"},
				"west": {"uv": [11.5, 10.75, 11.75, 11.25], "texture": "#0"},
				"up": {"uv": [12, 11, 11.75, 10.75], "texture": "#0"},
				"down": {"uv": [12, 11, 11.75, 11.25], "texture": "#0"}
			}
		},
		{
			"from": [14, 13, 9.5],
			"to": [15, 15, 10.5],
			"rotation": {"angle": 22.5, "axis": "z", "origin": [0, 0, 0]},
			"faces": {
				"north": {"uv": [11.75, 1, 12, 1.5], "texture": "#0"},
				"east": {"uv": [11.75, 1.5, 12, 2], "texture": "#0"},
				"south": {"uv": [11.75, 2.25, 12, 2.75], "texture": "#0"},
				"west": {"uv": [11.75, 2.75, 12, 3.25], "texture": "#0"},
				"up": {"uv": [12, 11.5, 11.75, 11.25], "texture": "#0"},
				"down": {"uv": [12, 11.5, 11.75, 11.75], "texture": "#0"}
			}
		},
		{
			"from": [10, 9, 4],
			"to": [17, 16, 10],
			"rotation": {"angle": 22.5, "axis": "z", "origin": [0, 0, 0]},
			"faces": {
				"north": {"uv": [0, 5.5, 1.75, 7.25], "texture": "#0"},
				"east": {"uv": [0, 7.25, 1.5, 9], "texture": "#0"},
				"south": {"uv": [6.75, 0, 8.5, 1.75], "texture": "#0"},
				"west": {"uv": [7.25, 4.5, 8.75, 6.25], "texture": "#0"},
				"up": {"uv": [3.25, 9.25, 1.5, 7.75], "texture": "#0"},
				"down": {"uv": [9.5, 1.75, 7.75, 3.25], "texture": "#0"}
			}
		},
		{
			"from": [15, 16, 7],
			"to": [17, 18, 8],
			"rotation": {"angle": 22.5, "axis": "z", "origin": [0, 0, 0]},
			"faces": {
				"north": {"uv": [9, 10.25, 9.5, 10.75], "texture": "#0"},
				"east": {"uv": [11.75, 6.25, 12, 6.75], "texture": "#0"},
				"south": {"uv": [2.5, 11.5, 3, 12], "texture": "#0"},
				"west": {"uv": [11.75, 6.75, 12, 7.25], "texture": "#0"},
				"up": {"uv": [1.5, 9.25, 1, 9], "texture": "#0"},
				"down": {"uv": [9.5, 10.75, 9, 11], "texture": "#0"}
			}
		},
		{
			"from": [10, 16, 7],
			"to": [12, 18, 8],
			"rotation": {"angle": 22.5, "axis": "z", "origin": [0, 0, 0]},
			"faces": {
				"north": {"uv": [11.5, 9.25, 12, 9.75], "texture": "#0"},
				"east": {"uv": [11.75, 7.25, 12, 7.75], "texture": "#0"},
				"south": {"uv": [11.5, 9.75, 12, 10.25], "texture": "#0"},
				"west": {"uv": [11.75, 7.75, 12, 8.25], "texture": "#0"},
				"up": {"uv": [10.5, 11.25, 10, 11], "texture": "#0"},
				"down": {"uv": [12.25, 8.25, 11.75, 8.5], "texture": "#0"}
			}
		},
		{
			"from": [4, 11, 3],
			"to": [13, 15, 8],
			"faces": {
				"north": {"uv": [9.75, 5.25, 12, 6.25], "texture": "#0"},
				"east": {"uv": [10.5, 7.25, 11.75, 8.25], "texture": "#0"},
				"south": {"uv": [10, 3.25, 12.25, 4.25], "texture": "#0"},
				"west": {"uv": [10.5, 8.25, 11.75, 9.25], "texture": "#0"},
				"up": {"uv": [6.75, 8, 4.5, 6.75], "texture": "#0"},
				"down": {"uv": [9, 6.75, 6.75, 8], "texture": "#0"}
			}
		},
		{
			"from": [3.9, 14.96768, 3.29801],
			"to": [12.3, 15.66768, 6.59801],
			"rotation": {"angle": 0, "axis": "x", "origin": [0, 0.26768, 0.29801]},
			"faces": {
				"north": {"uv": [4.5, 5, 8.75, 5.25], "texture": "#1"},
				"east": {"uv": [5.5, 3.5, 7.25, 3.75], "texture": "#1"},
				"south": {"uv": [5.5, 2, 9.75, 2.25], "texture": "#1"},
				"west": {"uv": [5.5, 4, 7.25, 4.25], "texture": "#1"},
				"up": {"uv": [4.25, 1.75, 0, 0], "texture": "#1"},
				"down": {"uv": [4.25, 2, 0, 3.75], "texture": "#1"}
			}
		},
		{
			"from": [9, 10.8, 9],
			"to": [11, 13.8, 9.3],
			"faces": {
				"north": {"uv": [4.5, 2, 5.5, 3.5], "texture": "#1"},
				"east": {"uv": [0, 6, 0.25, 7.5], "texture": "#1"},
				"south": {"uv": [4.5, 3.5, 5.5, 5], "texture": "#1"},
				"west": {"uv": [0.5, 6, 0.75, 7.5], "texture": "#1"},
				"up": {"uv": [2, 6.25, 1, 6], "texture": "#1"},
				"down": {"uv": [3, 6, 2, 6.25], "texture": "#1"}
			}
		},
		{
			"from": [3.9, 16.3, 0.1],
			"to": [12.3, 17, 3.4],
			"rotation": {"angle": 22.5, "axis": "x", "origin": [0, 0, 0]},
			"faces": {
				"north": {"uv": [5.5, 2.5, 9.75, 2.75], "texture": "#1"},
				"east": {"uv": [4.5, 5.5, 6.25, 5.75], "texture": "#1"},
				"south": {"uv": [5.5, 3, 9.75, 3.25], "texture": "#1"},
				"west": {"uv": [5.5, 4.5, 7.25, 4.75], "texture": "#1"},
				"up": {"uv": [4.25, 5.75, 0, 4], "texture": "#1"},
				"down": {"uv": [8.75, 0, 4.5, 1.75], "texture": "#1"}
			}
		}
	],
	"display": {
		"gui": {
			"translation": [0, -2, 0],
			"scale": [0.7, 0.7, 0.7]
		},
		"head": {
			"rotation": [0, 180, 0],
			"translation": [0, 14, 0]
		},
		"fixed": {
			"rotation": [90, 0.25, -180],
			"translation": [1.75, 0, -16],
			"scale": [2, 2, 2]
		}
	},
	"groups": [
		0,
		1,
		2,
		3,
		4,
		5,
		6,
		7,
		8,
		9,
		10,
		11,
		12,
		13,
		14,
		15,
		16,
		{
			"name": "group",
			"origin": [8, 8, 8],
			"color": 0,
			"nbt": "{}",
			"children": [17, 18, 19]
		}
	]
}