{
	"credit": "Made with Blockbench",
	"texture_size": [32, 32],
	"textures": {
		"0": "jeracraft:christmas/christmasreward",
		"particle": "jeracraft:christmas/christmasreward"
	},
	"elements": [
		{
			"from": [5.5, 4.5, 9.75],
			"to": [10.5, 5, 14.75],
			"rotation": {"angle": 0, "axis": "y", "origin": [11, 0.5, 2]},
			"faces": {
				"north": {"uv": [9, 7.5, 11.5, 7.75], "texture": "#0"},
				"east": {"uv": [10, 6, 12.5, 6.25], "texture": "#0"},
				"south": {"uv": [9.5, 10, 12, 10.25], "texture": "#0"},
				"west": {"uv": [10.5, 8, 13, 8.25], "texture": "#0"},
				"up": {"uv": [2.5, 2.5, 0, 0], "texture": "#0"},
				"down": {"uv": [2.5, 2.5, 0, 5], "texture": "#0"}
			}
		},
		{
			"from": [5.75, 0.5, 10],
			"to": [10.25, 4.5, 14.5],
			"rotation": {"angle": 0, "axis": "y", "origin": [11, 0.5, 2]},
			"faces": {
				"north": {"uv": [0, 5, 2.25, 7], "texture": "#0"},
				"east": {"uv": [4.5, 5, 6.75, 7], "texture": "#0"},
				"south": {"uv": [0, 7, 2.25, 9], "texture": "#0"},
				"west": {"uv": [7, 0, 9.25, 2], "texture": "#0"},
				"up": {"uv": [6.75, 2.25, 4.5, 0], "texture": "#0"},
				"down": {"uv": [6.75, 2.5, 4.5, 4.75], "texture": "#0"}
			}
		},
		{
			"from": [6, 3.5, 6],
			"to": [10, 9.25, 8],
			"rotation": {"angle": 22.5, "axis": "x", "origin": [11, 0.5, 2]},
			"faces": {
				"north": {"uv": [2.5, 0, 4.5, 3], "texture": "#0"},
				"east": {"uv": [6.5, 8, 7.5, 11], "texture": "#0"},
				"south": {"uv": [2.5, 3, 4.5, 6], "texture": "#0"},
				"west": {"uv": [7.5, 8, 8.5, 11], "texture": "#0"},
				"up": {"uv": [10.5, 9, 8.5, 8], "texture": "#0"},
				"down": {"uv": [2, 9, 0, 10], "texture": "#0"}
			}
		},
		{
			"from": [13, 6.75, 8.25],
			"to": [13.5, 7.25, 9.25],
			"rotation": {"angle": 45, "axis": "z", "origin": [11, 0.5, 2]},
			"faces": {
				"north": {"uv": [11.5, 9.5, 11.75, 9.75], "texture": "#0"},
				"east": {"uv": [11.5, 6.5, 12, 6.75], "texture": "#0"},
				"south": {"uv": [10, 11.5, 10.25, 11.75], "texture": "#0"},
				"west": {"uv": [11.5, 7, 12, 7.25], "texture": "#0"},
				"up": {"uv": [11.75, 8, 11.5, 7.5], "texture": "#0"},
				"down": {"uv": [9.75, 11.5, 9.5, 12], "texture": "#0"}
			}
		},
		{
			"from": [1.75, 6, 8.25],
			"to": [2.75, 7, 9.25],
			"rotation": {"angle": -45, "axis": "z", "origin": [5, 0.5, 2]},
			"faces": {
				"north": {"uv": [6.5, 7, 7, 7.5], "texture": "#0"},
				"east": {"uv": [6.5, 7.5, 7, 8], "texture": "#0"},
				"south": {"uv": [2, 9, 2.5, 9.5], "texture": "#0"},
				"west": {"uv": [2, 9.5, 2.5, 10], "texture": "#0"},
				"up": {"uv": [4.5, 10.5, 4, 10], "texture": "#0"},
				"down": {"uv": [4.5, 10.5, 4, 11], "texture": "#0"}
			}
		},
		{
			"from": [13.25, 6, 8.25],
			"to": [14.25, 7, 9.25],
			"rotation": {"angle": 45, "axis": "z", "origin": [11, 0.5, 2]},
			"faces": {
				"north": {"uv": [10.5, 8.5, 11, 9], "texture": "#0"},
				"east": {"uv": [4, 11, 4.5, 11.5], "texture": "#0"},
				"south": {"uv": [11, 9.5, 11.5, 10], "texture": "#0"},
				"west": {"uv": [5, 11.5, 5.5, 12], "texture": "#0"},
				"up": {"uv": [6, 12, 5.5, 11.5], "texture": "#0"},
				"down": {"uv": [6.5, 11.5, 6, 12], "texture": "#0"}
			}
		},
		{
			"from": [6.25, 10.25, 1.5],
			"to": [9.75, 13.75, 5],
			"rotation": {"angle": 45, "axis": "x", "origin": [11, 0.5, 2]},
			"faces": {
				"north": {"uv": [2.5, 6, 4.25, 7.75], "texture": "#0"},
				"east": {"uv": [7, 2, 8.75, 3.75], "texture": "#0"},
				"south": {"uv": [7, 4, 8.75, 5.75], "texture": "#0"},
				"west": {"uv": [4.5, 7, 6.25, 8.75], "texture": "#0"},
				"up": {"uv": [8.75, 7.75, 7, 6], "texture": "#0"},
				"down": {"uv": [4.25, 8, 2.5, 9.75], "texture": "#0"}
			}
		},
		{
			"from": [4.5, 2, 6.5],
			"to": [6, 3.5, 11.5],
			"rotation": {"angle": -22.5, "axis": "x", "origin": [5, 0.5, 2]},
			"faces": {
				"north": {"uv": [9.5, 10.5, 10.25, 11.25], "texture": "#0"},
				"east": {"uv": [9, 2, 11.5, 2.75], "texture": "#0"},
				"south": {"uv": [10.5, 10.5, 11.25, 11.25], "texture": "#0"},
				"west": {"uv": [9, 3, 11.5, 3.75], "texture": "#0"},
				"up": {"uv": [9.75, 6.5, 9, 4], "texture": "#0"},
				"down": {"uv": [5.25, 9, 4.5, 11.5], "texture": "#0"}
			}
		},
		{
			"from": [10, 7.5, 2.5],
			"to": [11.5, 9, 7.5],
			"rotation": {"angle": 22.5, "axis": "x", "origin": [11, 0.5, 2]},
			"faces": {
				"north": {"uv": [6.5, 11, 7.25, 11.75], "texture": "#0"},
				"east": {"uv": [9, 6.5, 11.5, 7.25], "texture": "#0"},
				"south": {"uv": [7.5, 11, 8.25, 11.75], "texture": "#0"},
				"west": {"uv": [8.5, 9, 11, 9.75], "texture": "#0"},
				"up": {"uv": [6.25, 11.5, 5.5, 9], "texture": "#0"},
				"down": {"uv": [0.75, 10, 0, 12.5], "texture": "#0"}
			}
		},
		{
			"from": [3.75, 0.5, 3.5],
			"to": [5.25, 2, 8.5],
			"rotation": {"angle": 22.5, "axis": "y", "origin": [5, 0.5, 2]},
			"faces": {
				"north": {"uv": [11, 8.5, 11.75, 9.25], "texture": "#0"},
				"east": {"uv": [9.5, 0, 12, 0.75], "texture": "#0"},
				"south": {"uv": [11.5, 2, 12.25, 2.75], "texture": "#0"},
				"west": {"uv": [9.5, 1, 12, 1.75], "texture": "#0"},
				"up": {"uv": [1.75, 12.5, 1, 10], "texture": "#0"},
				"down": {"uv": [2.75, 10, 2, 12.5], "texture": "#0"}
			}
		},
		{
			"from": [10.75, 0.5, 3.5],
			"to": [12.25, 2, 8.5],
			"rotation": {"angle": -22.5, "axis": "y", "origin": [11, 0.5, 2]},
			"faces": {
				"north": {"uv": [11.5, 3, 12.25, 3.75], "texture": "#0"},
				"east": {"uv": [10, 4, 12.5, 4.75], "texture": "#0"},
				"south": {"uv": [4, 11.5, 4.75, 12.25], "texture": "#0"},
				"west": {"uv": [10, 5, 12.5, 5.75], "texture": "#0"},
				"up": {"uv": [3.75, 12.5, 3, 10], "texture": "#0"},
				"down": {"uv": [9.25, 10, 8.5, 12.5], "texture": "#0"}
			}
		}
	],
	"display": {
		"thirdperson_righthand": {
			"rotation": [1.25, 0, 0],
			"translation": [0, 3.25, -2.5]
		},
		"thirdperson_lefthand": {
			"translation": [0, 3.25, -2.25]
		},
		"firstperson_righthand": {
			"rotation": [-9.49, 9.64, 5],
			"translation": [1.25, 4, -3]
		},
		"firstperson_lefthand": {
			"rotation": [-9.47, 11.6, 1.37],
			"translation": [1, 4.5, -2.5]
		},
		"ground": {
			"translation": [0, 3.75, 0]
		},
		"gui": {
			"rotation": [45, 151, -10],
			"translation": [-1, 2.5, 0],
			"scale": [1.1, 1.1, 1.1]
		},
		"head": {
			"translation": [9.75, 1.75, -2.5],
			"scale": [1.2, 1.2, 1.2]
		},
		"fixed": {
			"rotation": [-90, 0, 0],
			"translation": [0.25, -2.25, -22.25],
			"scale": [3, 3, 3]
		}
	},
	"groups": [
		{
			"name": "all",
			"origin": [8, 8, 8],
			"color": 0,
			"nbt": "{}",
			"children": [
				{
					"name": "present",
					"origin": [8, 8, 8],
					"color": 0,
					"nbt": "{}",
					"children": [0, 1]
				},
				{
					"name": "jera",
					"origin": [8, 8, 8],
					"color": 0,
					"nbt": "{}",
					"children": [2, 3, 4, 5, 6, 7, 8, 9, 10]
				}
			]
		}
	]
}