{
	"credit": "Made with Blockbench",
	"textures": {
		"0": "jeracraft:christmas/snow_large",
		"particle": "jeracraft:christmas/snow_large"
	},
	"elements": [
		{
			"from": [5, 0, 5],
			"to": [10, 5, 10],
			"faces": {
				"north": {"uv": [0, 0, 5, 5], "texture": "#0"},
				"east": {"uv": [0, 5, 5, 10], "texture": "#0"},
				"south": {"uv": [5, 0, 10, 5], "texture": "#0"},
				"west": {"uv": [5, 5, 10, 10], "texture": "#0"},
				"up": {"uv": [5, 15, 0, 10], "texture": "#0"},
				"down": {"uv": [15, 0, 10, 5], "texture": "#0"}
			}
		}
	],
	"display": {
		"thirdperson_righthand": {
			"translation": [0.5, 8, 3]
		},
		"thirdperson_lefthand": {
			"translation": [-0.5, 8, 3]
		},
		"firstperson_righthand": {
			"rotation": [0, 7, 0],
			"translation": [0, 8.25, 3.25]
		},
		"firstperson_lefthand": {
			"rotation": [0, 7, 0],
			"translation": [0, 8.25, 3.25]
		},
		"ground": {
			"translation": [0, 5.75, 0]
		},
		"gui": {
			"rotation": [30, 45, 0],
			"translation": [1.25, 7, 0],
			"scale": [1.5, 1.5, 1.5]
		},
		"head": {
			"translation": [0, 14.5, 0.75]
		},
		"fixed": {
			"translation": [2, 22, 0],
			"scale": [4, 4, 4]
		}
	}
}