{
	"credit": "Made with Blockbench",
	"texture_size": [256, 256],
	"textures": {
		"0": "jeracraft:survival/halloween/pumpkinrewardcrown",
		"1": "jeracraft:survival/halloween/pumpkinrewardbase",
		"particle": "jeracraft:survival/halloween/pumpkinrewardcrown"
	},
	"elements": [
		{
			"from": [-3, 24, -1],
			"to": [-1, 26, 17],
			"faces": {
				"north": {"uv": [0, 5.5, 0.5, 6], "texture": "#0"},
				"east": {"uv": [0, 0, 4.5, 0.5], "texture": "#0"},
				"south": {"uv": [0.5, 5.5, 1, 6], "texture": "#0"},
				"west": {"uv": [0, 0.5, 4.5, 1], "texture": "#0"},
				"up": {"uv": [0.5, 5.5, 0, 1], "texture": "#0"},
				"down": {"uv": [1, 1, 0.5, 5.5], "texture": "#0"}
			}
		},
		{
			"from": [17, 24, -1],
			"to": [19, 26, 17],
			"faces": {
				"north": {"uv": [0, 6, 0.5, 6.5], "texture": "#0"},
				"east": {"uv": [1, 1, 5.5, 1.5], "texture": "#0"},
				"south": {"uv": [0.5, 6, 1, 6.5], "texture": "#0"},
				"west": {"uv": [1, 1.5, 5.5, 2], "texture": "#0"},
				"up": {"uv": [1.5, 6.5, 1, 2], "texture": "#0"},
				"down": {"uv": [2, 2, 1.5, 6.5], "texture": "#0"}
			}
		},
		{
			"from": [-1, 24, 17],
			"to": [17, 26, 19],
			"faces": {
				"north": {"uv": [2, 2, 6.5, 2.5], "texture": "#0"},
				"east": {"uv": [5.5, 7, 6, 7.5], "texture": "#0"},
				"south": {"uv": [2, 2.5, 6.5, 3], "texture": "#0"},
				"west": {"uv": [7, 5.5, 7.5, 6], "texture": "#0"},
				"up": {"uv": [6.5, 3.5, 2, 3], "texture": "#0"},
				"down": {"uv": [6.5, 3.5, 2, 4], "texture": "#0"}
			}
		},
		{
			"from": [-1, 26, 17],
			"to": [5, 28, 19],
			"faces": {
				"north": {"uv": [2, 5, 3.5, 5.5], "texture": "#0"},
				"east": {"uv": [6, 7, 6.5, 7.5], "texture": "#0"},
				"south": {"uv": [3.5, 5, 5, 5.5], "texture": "#0"},
				"west": {"uv": [6.5, 7, 7, 7.5], "texture": "#0"},
				"up": {"uv": [6.5, 5.5, 5, 5], "texture": "#0"},
				"down": {"uv": [7, 1, 5.5, 1.5], "texture": "#0"}
			}
		},
		{
			"from": [11, 26, 17],
			"to": [17, 28, 19],
			"faces": {
				"north": {"uv": [5.5, 1.5, 7, 2], "texture": "#0"},
				"east": {"uv": [7, 6.5, 7.5, 7], "texture": "#0"},
				"south": {"uv": [2, 5.5, 3.5, 6], "texture": "#0"},
				"west": {"uv": [7, 7, 7.5, 7.5], "texture": "#0"},
				"up": {"uv": [5, 6, 3.5, 5.5], "texture": "#0"},
				"down": {"uv": [6.5, 5.5, 5, 6], "texture": "#0"}
			}
		},
		{
			"from": [7, 26, 17],
			"to": [9, 28, 19],
			"faces": {
				"north": {"uv": [1, 7.5, 1.5, 8], "texture": "#0"},
				"east": {"uv": [1.5, 7.5, 2, 8], "texture": "#0"},
				"south": {"uv": [2, 7.5, 2.5, 8], "texture": "#0"},
				"west": {"uv": [7.5, 2.5, 8, 3], "texture": "#0"},
				"up": {"uv": [8, 3.5, 7.5, 3], "texture": "#0"},
				"down": {"uv": [4, 7.5, 3.5, 8], "texture": "#0"}
			}
		},
		{
			"from": [15, 28, 17],
			"to": [17, 30, 19],
			"faces": {
				"north": {"uv": [7.5, 3.5, 8, 4], "texture": "#0"},
				"east": {"uv": [4, 7.5, 4.5, 8], "texture": "#0"},
				"south": {"uv": [4.5, 7.5, 5, 8], "texture": "#0"},
				"west": {"uv": [5.5, 7.5, 6, 8], "texture": "#0"},
				"up": {"uv": [8, 6, 7.5, 5.5], "texture": "#0"},
				"down": {"uv": [6.5, 7.5, 6, 8], "texture": "#0"}
			}
		},
		{
			"from": [15, 28, -3],
			"to": [17, 30, -1],
			"faces": {
				"north": {"uv": [6.5, 7.5, 7, 8], "texture": "#0"},
				"east": {"uv": [7.5, 6.5, 8, 7], "texture": "#0"},
				"south": {"uv": [7, 7.5, 7.5, 8], "texture": "#0"},
				"west": {"uv": [7.5, 7, 8, 7.5], "texture": "#0"},
				"up": {"uv": [8, 8, 7.5, 7.5], "texture": "#0"},
				"down": {"uv": [1.5, 8, 1, 8.5], "texture": "#0"}
			}
		},
		{
			"from": [11, 26, -3],
			"to": [17, 28, -1],
			"faces": {
				"north": {"uv": [2, 6, 3.5, 6.5], "texture": "#0"},
				"east": {"uv": [1.5, 8, 2, 8.5], "texture": "#0"},
				"south": {"uv": [3.5, 6, 5, 6.5], "texture": "#0"},
				"west": {"uv": [2, 8, 2.5, 8.5], "texture": "#0"},
				"up": {"uv": [6.5, 6.5, 5, 6], "texture": "#0"},
				"down": {"uv": [1.5, 6.5, 0, 7], "texture": "#0"}
			}
		},
		{
			"from": [17, 26, -1],
			"to": [19, 28, 5],
			"faces": {
				"north": {"uv": [8, 2, 8.5, 2.5], "texture": "#0"},
				"east": {"uv": [1.5, 6.5, 3, 7], "texture": "#0"},
				"south": {"uv": [8, 2.5, 8.5, 3], "texture": "#0"},
				"west": {"uv": [6.5, 2, 8, 2.5], "texture": "#0"},
				"up": {"uv": [7, 4, 6.5, 2.5], "texture": "#0"},
				"down": {"uv": [3.5, 6.5, 3, 8], "texture": "#0"}
			}
		},
		{
			"from": [17, 26, 11],
			"to": [19, 28, 17],
			"faces": {
				"north": {"uv": [3, 8, 3.5, 8.5], "texture": "#0"},
				"east": {"uv": [3.5, 6.5, 5, 7], "texture": "#0"},
				"south": {"uv": [8, 3, 8.5, 3.5], "texture": "#0"},
				"west": {"uv": [6.5, 4, 8, 4.5], "texture": "#0"},
				"up": {"uv": [7, 6, 6.5, 4.5], "texture": "#0"},
				"down": {"uv": [5.5, 6.5, 5, 8], "texture": "#0"}
			}
		},
		{
			"from": [-3, 26, 11],
			"to": [-1, 28, 17],
			"faces": {
				"north": {"uv": [3.5, 8, 4, 8.5], "texture": "#0"},
				"east": {"uv": [5.5, 6.5, 7, 7], "texture": "#0"},
				"south": {"uv": [8, 3.5, 8.5, 4], "texture": "#0"},
				"west": {"uv": [6.5, 6, 8, 6.5], "texture": "#0"},
				"up": {"uv": [0.5, 8.5, 0, 7], "texture": "#0"},
				"down": {"uv": [1, 7, 0.5, 8.5], "texture": "#0"}
			}
		},
		{
			"from": [-3, 26, -1],
			"to": [-1, 28, 5],
			"faces": {
				"north": {"uv": [4, 8, 4.5, 8.5], "texture": "#0"},
				"east": {"uv": [1, 7, 2.5, 7.5], "texture": "#0"},
				"south": {"uv": [8, 4, 8.5, 4.5], "texture": "#0"},
				"west": {"uv": [7, 1, 8.5, 1.5], "texture": "#0"},
				"up": {"uv": [3, 8.5, 2.5, 7], "texture": "#0"},
				"down": {"uv": [7.5, 2.5, 7, 4], "texture": "#0"}
			}
		},
		{
			"from": [-1, 28, 17],
			"to": [1, 30, 19],
			"faces": {
				"north": {"uv": [4.5, 8, 5, 8.5], "texture": "#0"},
				"east": {"uv": [5, 8, 5.5, 8.5], "texture": "#0"},
				"south": {"uv": [5.5, 8, 6, 8.5], "texture": "#0"},
				"west": {"uv": [8, 5.5, 8.5, 6], "texture": "#0"},
				"up": {"uv": [6.5, 8.5, 6, 8], "texture": "#0"},
				"down": {"uv": [8.5, 6, 8, 6.5], "texture": "#0"}
			}
		},
		{
			"from": [-1, 28, -3],
			"to": [1, 30, -1],
			"faces": {
				"north": {"uv": [6.5, 8, 7, 8.5], "texture": "#0"},
				"east": {"uv": [8, 6.5, 8.5, 7], "texture": "#0"},
				"south": {"uv": [7, 8, 7.5, 8.5], "texture": "#0"},
				"west": {"uv": [8, 7, 8.5, 7.5], "texture": "#0"},
				"up": {"uv": [8, 8.5, 7.5, 8], "texture": "#0"},
				"down": {"uv": [8.5, 7.5, 8, 8], "texture": "#0"}
			}
		},
		{
			"from": [-3, 28, -1],
			"to": [-1, 30, 1],
			"faces": {
				"north": {"uv": [8, 8, 8.5, 8.5], "texture": "#0"},
				"east": {"uv": [0, 8.5, 0.5, 9], "texture": "#0"},
				"south": {"uv": [0.5, 8.5, 1, 9], "texture": "#0"},
				"west": {"uv": [1, 8.5, 1.5, 9], "texture": "#0"},
				"up": {"uv": [9, 1.5, 8.5, 1], "texture": "#0"},
				"down": {"uv": [2, 8.5, 1.5, 9], "texture": "#0"}
			}
		},
		{
			"from": [-3, 28, 15],
			"to": [-1, 30, 17],
			"faces": {
				"north": {"uv": [8.5, 1.5, 9, 2], "texture": "#0"},
				"east": {"uv": [2, 8.5, 2.5, 9], "texture": "#0"},
				"south": {"uv": [8.5, 2, 9, 2.5], "texture": "#0"},
				"west": {"uv": [2.5, 8.5, 3, 9], "texture": "#0"},
				"up": {"uv": [9, 3, 8.5, 2.5], "texture": "#0"},
				"down": {"uv": [3.5, 8.5, 3, 9], "texture": "#0"}
			}
		},
		{
			"from": [17, 28, 15],
			"to": [19, 30, 17],
			"faces": {
				"north": {"uv": [8.5, 3, 9, 3.5], "texture": "#0"},
				"east": {"uv": [3.5, 8.5, 4, 9], "texture": "#0"},
				"south": {"uv": [8.5, 3.5, 9, 4], "texture": "#0"},
				"west": {"uv": [4, 8.5, 4.5, 9], "texture": "#0"},
				"up": {"uv": [9, 4.5, 8.5, 4], "texture": "#0"},
				"down": {"uv": [5, 8.5, 4.5, 9], "texture": "#0"}
			}
		},
		{
			"from": [17, 28, -1],
			"to": [19, 30, 1],
			"faces": {
				"north": {"uv": [8.5, 4.5, 9, 5], "texture": "#0"},
				"east": {"uv": [5, 8.5, 5.5, 9], "texture": "#0"},
				"south": {"uv": [8.5, 5, 9, 5.5], "texture": "#0"},
				"west": {"uv": [5.5, 8.5, 6, 9], "texture": "#0"},
				"up": {"uv": [9, 6, 8.5, 5.5], "texture": "#0"},
				"down": {"uv": [6.5, 8.5, 6, 9], "texture": "#0"}
			}
		},
		{
			"from": [-1, 26, -3],
			"to": [5, 28, -1],
			"faces": {
				"north": {"uv": [7, 1.5, 8.5, 2], "texture": "#0"},
				"east": {"uv": [8.5, 6, 9, 6.5], "texture": "#0"},
				"south": {"uv": [3.5, 7, 5, 7.5], "texture": "#0"},
				"west": {"uv": [6.5, 8.5, 7, 9], "texture": "#0"},
				"up": {"uv": [8.5, 5, 7, 4.5], "texture": "#0"},
				"down": {"uv": [8.5, 5, 7, 5.5], "texture": "#0"}
			}
		},
		{
			"from": [-1, 24, -3],
			"to": [17, 26, -1],
			"faces": {
				"north": {"uv": [2, 4, 6.5, 4.5], "texture": "#0"},
				"east": {"uv": [8.5, 6.5, 9, 7], "texture": "#0"},
				"south": {"uv": [4.5, 0, 9, 0.5], "texture": "#0"},
				"west": {"uv": [7, 8.5, 7.5, 9], "texture": "#0"},
				"up": {"uv": [9, 1, 4.5, 0.5], "texture": "#0"},
				"down": {"uv": [6.5, 4.5, 2, 5], "texture": "#0"}
			}
		},
		{
			"from": [-7, 20, -7],
			"to": [1, 24, 23],
			"faces": {
				"north": {"uv": [7.875, 7.875, 8.375, 8.125], "texture": "#1"},
				"east": {"uv": [0, 5.625, 1.875, 5.875], "texture": "#1"},
				"south": {"uv": [0, 8, 0.5, 8.25], "texture": "#1"},
				"west": {"uv": [5.625, 0, 7.5, 0.25], "texture": "#1"},
				"up": {"uv": [4.25, 5.625, 3.75, 3.75], "texture": "#1"},
				"down": {"uv": [4.75, 3.75, 4.25, 5.625], "texture": "#1"}
			}
		},
		{
			"from": [15, 20, -7],
			"to": [23, 24, 23],
			"faces": {
				"north": {"uv": [0.5, 8, 1, 8.25], "texture": "#1"},
				"east": {"uv": [5.625, 0.25, 7.5, 0.5], "texture": "#1"},
				"south": {"uv": [1, 8, 1.5, 8.25], "texture": "#1"},
				"west": {"uv": [5.625, 0.5, 7.5, 0.75], "texture": "#1"},
				"up": {"uv": [5.25, 5.625, 4.75, 3.75], "texture": "#1"},
				"down": {"uv": [5.75, 3.75, 5.25, 5.625], "texture": "#1"}
			}
		},
		{
			"from": [1, 20, 15],
			"to": [15, 24, 23],
			"faces": {
				"north": {"uv": [5.375, 7.875, 6.25, 8.125], "texture": "#1"},
				"east": {"uv": [8, 5.75, 8.5, 6], "texture": "#1"},
				"south": {"uv": [6.25, 7.875, 7.125, 8.125], "texture": "#1"},
				"west": {"uv": [8, 6, 8.5, 6.25], "texture": "#1"},
				"up": {"uv": [6.75, 2.25, 5.875, 1.75], "texture": "#1"},
				"down": {"uv": [6.75, 2.25, 5.875, 2.75], "texture": "#1"}
			}
		},
		{
			"from": [1, 20, -7],
			"to": [15, 24, 1],
			"faces": {
				"north": {"uv": [7.875, 7.375, 8.75, 7.625], "texture": "#1"},
				"east": {"uv": [8, 6.25, 8.5, 6.5], "texture": "#1"},
				"south": {"uv": [7.875, 7.625, 8.75, 7.875], "texture": "#1"},
				"west": {"uv": [8, 6.5, 8.5, 6.75], "texture": "#1"},
				"up": {"uv": [6.75, 3.25, 5.875, 2.75], "texture": "#1"},
				"down": {"uv": [4, 5.875, 3.125, 6.375], "texture": "#1"}
			}
		},
		{
			"from": [12, 20, 1],
			"to": [15, 24, 4],
			"faces": {
				"north": {"uv": [6.375, 8.625, 6.5625, 8.875], "texture": "#1"},
				"east": {"uv": [8.625, 6.5, 8.8125, 6.75], "texture": "#1"},
				"south": {"uv": [6.5625, 8.625, 6.75, 8.875], "texture": "#1"},
				"west": {"uv": [6.75, 8.625, 6.9375, 8.875], "texture": "#1"},
				"up": {"uv": [8.9375, 2.3125, 8.75, 2.125], "texture": "#1"},
				"down": {"uv": [8.9375, 2.3125, 8.75, 2.5], "texture": "#1"}
			}
		},
		{
			"from": [1, 20, 1],
			"to": [4, 24, 4],
			"faces": {
				"north": {"uv": [8.625, 6.75, 8.8125, 7], "texture": "#1"},
				"east": {"uv": [6.9375, 8.625, 7.125, 8.875], "texture": "#1"},
				"south": {"uv": [8.625, 7, 8.8125, 7.25], "texture": "#1"},
				"west": {"uv": [7.125, 8.625, 7.3125, 8.875], "texture": "#1"},
				"up": {"uv": [8.9375, 2.6875, 8.75, 2.5], "texture": "#1"},
				"down": {"uv": [8.9375, 2.6875, 8.75, 2.875], "texture": "#1"}
			}
		},
		{
			"from": [1, 20, 12],
			"to": [4, 24, 15],
			"faces": {
				"north": {"uv": [8.625, 7.875, 8.8125, 8.125], "texture": "#1"},
				"east": {"uv": [8.625, 8.25, 8.8125, 8.5], "texture": "#1"},
				"south": {"uv": [8.625, 8.5, 8.8125, 8.75], "texture": "#1"},
				"west": {"uv": [0, 8.75, 0.1875, 9], "texture": "#1"},
				"up": {"uv": [8.9375, 3.0625, 8.75, 2.875], "texture": "#1"},
				"down": {"uv": [8.9375, 3.0625, 8.75, 3.25], "texture": "#1"}
			}
		},
		{
			"from": [12, 20, 12],
			"to": [15, 24, 15],
			"faces": {
				"north": {"uv": [0.1875, 8.75, 0.375, 9], "texture": "#1"},
				"east": {"uv": [0.375, 8.75, 0.5625, 9], "texture": "#1"},
				"south": {"uv": [0.5625, 8.75, 0.75, 9], "texture": "#1"},
				"west": {"uv": [8.75, 0.75, 8.9375, 1], "texture": "#1"},
				"up": {"uv": [8.9375, 3.4375, 8.75, 3.25], "texture": "#1"},
				"down": {"uv": [8.9375, 3.4375, 8.75, 3.625], "texture": "#1"}
			}
		},
		{
			"from": [-7, -14, -7],
			"to": [23, -10, 23],
			"faces": {
				"north": {"uv": [5.625, 0.75, 7.5, 1], "texture": "#1"},
				"east": {"uv": [5.625, 1, 7.5, 1.25], "texture": "#1"},
				"south": {"uv": [5.625, 1.25, 7.5, 1.5], "texture": "#1"},
				"west": {"uv": [5.625, 1.5, 7.5, 1.75], "texture": "#1"},
				"up": {"uv": [1.875, 1.875, 0, 0], "texture": "#1"},
				"down": {"uv": [1.875, 1.875, 0, 3.75], "texture": "#1"}
			}
		},
		{
			"from": [-7, -10, 23],
			"to": [-4, 20, 27],
			"rotation": {"angle": 0, "axis": "y", "origin": [0, 0, 16]},
			"faces": {
				"north": {"uv": [1.5, 7.75, 1.6875, 9.625], "texture": "#1"},
				"east": {"uv": [5.625, 1.75, 5.875, 3.625], "texture": "#1"},
				"south": {"uv": [3, 7.875, 3.1875, 9.75], "texture": "#1"},
				"west": {"uv": [1.875, 5.625, 2.125, 7.5], "texture": "#1"},
				"up": {"uv": [8.9375, 1.25, 8.75, 1], "texture": "#1"},
				"down": {"uv": [1.4375, 8.75, 1.25, 9], "texture": "#1"}
			}
		},
		{
			"from": [20, -10, 23],
			"to": [23, 20, 27],
			"rotation": {"angle": 0, "axis": "y", "origin": [0, 0, 16]},
			"faces": {
				"north": {"uv": [3.1875, 7.875, 3.375, 9.75], "texture": "#1"},
				"east": {"uv": [2.125, 5.625, 2.375, 7.5], "texture": "#1"},
				"south": {"uv": [3.375, 7.875, 3.5625, 9.75], "texture": "#1"},
				"west": {"uv": [2.375, 5.625, 2.625, 7.5], "texture": "#1"},
				"up": {"uv": [8.9375, 1.5, 8.75, 1.25], "texture": "#1"},
				"down": {"uv": [8.9375, 1.875, 8.75, 2.125], "texture": "#1"}
			}
		},
		{
			"from": [23, -7, 23],
			"to": [27, 17, 27],
			"rotation": {"angle": 0, "axis": "y", "origin": [0, 0, 16]},
			"faces": {
				"north": {"uv": [4, 5.875, 4.25, 7.375], "texture": "#1"},
				"east": {"uv": [4.25, 5.875, 4.5, 7.375], "texture": "#1"},
				"south": {"uv": [4.5, 5.875, 4.75, 7.375], "texture": "#1"},
				"west": {"uv": [4.75, 5.875, 5, 7.375], "texture": "#1"},
				"up": {"uv": [1, 8.5, 0.75, 8.25], "texture": "#1"},
				"down": {"uv": [1.25, 8.25, 1, 8.5], "texture": "#1"}
			}
		},
		{
			"from": [23, -7, -11],
			"to": [27, 17, -7],
			"rotation": {"angle": 0, "axis": "y", "origin": [0, 0, 16]},
			"faces": {
				"north": {"uv": [5, 5.875, 5.25, 7.375], "texture": "#1"},
				"east": {"uv": [5.25, 5.875, 5.5, 7.375], "texture": "#1"},
				"south": {"uv": [5.5, 5.875, 5.75, 7.375], "texture": "#1"},
				"west": {"uv": [5.75, 5.875, 6, 7.375], "texture": "#1"},
				"up": {"uv": [1.5, 8.5, 1.25, 8.25], "texture": "#1"},
				"down": {"uv": [8.5, 1.75, 8.25, 2], "texture": "#1"}
			}
		},
		{
			"from": [-11, -7, -11],
			"to": [-7, 17, -7],
			"rotation": {"angle": 0, "axis": "y", "origin": [0, 0, 16]},
			"faces": {
				"north": {"uv": [6, 3.25, 6.25, 4.75], "texture": "#1"},
				"east": {"uv": [6, 5.875, 6.25, 7.375], "texture": "#1"},
				"south": {"uv": [6.25, 3.25, 6.5, 4.75], "texture": "#1"},
				"west": {"uv": [6.25, 5.875, 6.5, 7.375], "texture": "#1"},
				"up": {"uv": [8.5, 2.25, 8.25, 2], "texture": "#1"},
				"down": {"uv": [8.5, 2.25, 8.25, 2.5], "texture": "#1"}
			}
		},
		{
			"from": [-11, -7, 23],
			"to": [-7, 17, 27],
			"rotation": {"angle": 0, "axis": "y", "origin": [0, 0, 16]},
			"faces": {
				"north": {"uv": [3.125, 6.375, 3.375, 7.875], "texture": "#1"},
				"east": {"uv": [3.375, 6.375, 3.625, 7.875], "texture": "#1"},
				"south": {"uv": [3.625, 6.375, 3.875, 7.875], "texture": "#1"},
				"west": {"uv": [6.5, 3.25, 6.75, 4.75], "texture": "#1"},
				"up": {"uv": [8.5, 2.75, 8.25, 2.5], "texture": "#1"},
				"down": {"uv": [8.5, 2.75, 8.25, 3], "texture": "#1"}
			}
		},
		{
			"from": [-4, 20, 23],
			"to": [20, 24, 27],
			"rotation": {"angle": 0, "axis": "y", "origin": [0, 0, 16]},
			"faces": {
				"north": {"uv": [6, 4.75, 7.5, 5], "texture": "#1"},
				"east": {"uv": [8.25, 3, 8.5, 3.25], "texture": "#1"},
				"south": {"uv": [6, 5, 7.5, 5.25], "texture": "#1"},
				"west": {"uv": [8.25, 3.25, 8.5, 3.5], "texture": "#1"},
				"up": {"uv": [7.5, 5.5, 6, 5.25], "texture": "#1"},
				"down": {"uv": [8, 5.875, 6.5, 6.125], "texture": "#1"}
			}
		},
		{
			"from": [-4, -14, 23],
			"to": [20, -10, 27],
			"rotation": {"angle": 0, "axis": "y", "origin": [0, 0, 16]},
			"faces": {
				"north": {"uv": [6.5, 6.125, 8, 6.375], "texture": "#1"},
				"east": {"uv": [8.25, 3.5, 8.5, 3.75], "texture": "#1"},
				"south": {"uv": [6.5, 6.375, 8, 6.625], "texture": "#1"},
				"west": {"uv": [8.25, 3.75, 8.5, 4], "texture": "#1"},
				"up": {"uv": [8, 6.875, 6.5, 6.625], "texture": "#1"},
				"down": {"uv": [8.25, 1.75, 6.75, 2], "texture": "#1"}
			}
		},
		{
			"from": [-4, -10, 23],
			"to": [20, -6, 27],
			"rotation": {"angle": 0, "axis": "y", "origin": [0, 0, 16]},
			"faces": {
				"north": {"uv": [6.75, 2, 8.25, 2.25], "texture": "#1"},
				"east": {"uv": [8.25, 4, 8.5, 4.25], "texture": "#1"},
				"south": {"uv": [6.75, 2.25, 8.25, 2.5], "texture": "#1"},
				"west": {"uv": [8.25, 4.25, 8.5, 4.5], "texture": "#1"},
				"up": {"uv": [8.25, 2.75, 6.75, 2.5], "texture": "#1"},
				"down": {"uv": [8.25, 2.75, 6.75, 3], "texture": "#1"}
			}
		},
		{
			"from": [6, 0, 23],
			"to": [10, 2, 27],
			"rotation": {"angle": 0, "axis": "y", "origin": [0, 0, 16]},
			"faces": {
				"north": {"uv": [8.5, 4.625, 8.75, 4.75], "texture": "#1"},
				"east": {"uv": [8.75, 3.625, 9, 3.75], "texture": "#1"},
				"south": {"uv": [8.75, 3.75, 9, 3.875], "texture": "#1"},
				"west": {"uv": [8.75, 3.875, 9, 4], "texture": "#1"},
				"up": {"uv": [8.5, 4.75, 8.25, 4.5], "texture": "#1"},
				"down": {"uv": [8.125, 8.25, 7.875, 8.5], "texture": "#1"}
			}
		},
		{
			"from": [10, -4, 23],
			"to": [12, 0, 27],
			"rotation": {"angle": 0, "axis": "y", "origin": [0, 0, 16]},
			"faces": {
				"north": {"uv": [5.875, 3.25, 6, 3.5], "texture": "#1"},
				"east": {"uv": [8.125, 8.25, 8.375, 8.5], "texture": "#1"},
				"south": {"uv": [3, 7.5, 3.125, 7.75], "texture": "#1"},
				"west": {"uv": [3.5625, 8.375, 3.8125, 8.625], "texture": "#1"},
				"up": {"uv": [8.875, 4.25, 8.75, 4], "texture": "#1"},
				"down": {"uv": [8.875, 4.25, 8.75, 4.5], "texture": "#1"}
			}
		},
		{
			"from": [4, -4, 23],
			"to": [6, 0, 27],
			"rotation": {"angle": 0, "axis": "y", "origin": [0, 0, 16]},
			"faces": {
				"north": {"uv": [8.75, 4.5, 8.875, 4.75], "texture": "#1"},
				"east": {"uv": [4.375, 8.375, 4.625, 8.625], "texture": "#1"},
				"south": {"uv": [8.75, 7.375, 8.875, 7.625], "texture": "#1"},
				"west": {"uv": [4.625, 8.375, 4.875, 8.625], "texture": "#1"},
				"up": {"uv": [8.875, 7.875, 8.75, 7.625], "texture": "#1"},
				"down": {"uv": [8, 8.75, 7.875, 9], "texture": "#1"}
			}
		},
		{
			"from": [2, -2, 23],
			"to": [4, 0, 27],
			"rotation": {"angle": 0, "axis": "y", "origin": [0, 0, 16]},
			"faces": {
				"north": {"uv": [5.625, 3.625, 5.75, 3.75], "texture": "#1"},
				"east": {"uv": [8, 8.75, 8.25, 8.875], "texture": "#1"},
				"south": {"uv": [5.875, 3.5, 6, 3.625], "texture": "#1"},
				"west": {"uv": [8.25, 8.75, 8.5, 8.875], "texture": "#1"},
				"up": {"uv": [8.625, 9, 8.5, 8.75], "texture": "#1"},
				"down": {"uv": [8.75, 8.75, 8.625, 9], "texture": "#1"}
			}
		},
		{
			"from": [2, 0, 23],
			"to": [6, 2, 27],
			"rotation": {"angle": 0, "axis": "y", "origin": [0, 0, 16]},
			"faces": {
				"north": {"uv": [8.75, 8.75, 9, 8.875], "texture": "#1"},
				"east": {"uv": [8.8125, 6.5, 9.0625, 6.625], "texture": "#1"},
				"south": {"uv": [8.8125, 6.625, 9.0625, 6.75], "texture": "#1"},
				"west": {"uv": [8.8125, 6.75, 9.0625, 6.875], "texture": "#1"},
				"up": {"uv": [5.125, 8.625, 4.875, 8.375], "texture": "#1"},
				"down": {"uv": [5.375, 8.375, 5.125, 8.625], "texture": "#1"}
			}
		},
		{
			"from": [0, 2, 23],
			"to": [16, 4, 27],
			"rotation": {"angle": 0, "axis": "y", "origin": [0, 0, 16]},
			"faces": {
				"north": {"uv": [5.75, 5.5, 6.75, 5.625], "texture": "#1"},
				"east": {"uv": [8.8125, 6.875, 9.0625, 7], "texture": "#1"},
				"south": {"uv": [6.875, 5.75, 7.875, 5.875], "texture": "#1"},
				"west": {"uv": [8.8125, 7, 9.0625, 7.125], "texture": "#1"},
				"up": {"uv": [8.75, 1, 7.75, 0.75], "texture": "#1"},
				"down": {"uv": [8.75, 1, 7.75, 1.25], "texture": "#1"}
			}
		},
		{
			"from": [10, 0, 23],
			"to": [14, 2, 27],
			"rotation": {"angle": 0, "axis": "y", "origin": [0, 0, 16]},
			"faces": {
				"north": {"uv": [8.8125, 7.125, 9.0625, 7.25], "texture": "#1"},
				"east": {"uv": [8.8125, 7.875, 9.0625, 8], "texture": "#1"},
				"south": {"uv": [8.8125, 8, 9.0625, 8.125], "texture": "#1"},
				"west": {"uv": [8.8125, 8.25, 9.0625, 8.375], "texture": "#1"},
				"up": {"uv": [5.625, 8.625, 5.375, 8.375], "texture": "#1"},
				"down": {"uv": [8.625, 5.5, 8.375, 5.75], "texture": "#1"}
			}
		},
		{
			"from": [12, -2, 23],
			"to": [14, 0, 27],
			"rotation": {"angle": 0, "axis": "y", "origin": [0, 0, 16]},
			"faces": {
				"north": {"uv": [6.75, 5.5, 6.875, 5.625], "texture": "#1"},
				"east": {"uv": [8.8125, 8.375, 9.0625, 8.5], "texture": "#1"},
				"south": {"uv": [1.75, 7.375, 1.875, 7.5], "texture": "#1"},
				"west": {"uv": [8.8125, 8.5, 9.0625, 8.625], "texture": "#1"},
				"up": {"uv": [0.875, 9.125, 0.75, 8.875], "texture": "#1"},
				"down": {"uv": [1, 8.875, 0.875, 9.125], "texture": "#1"}
			}
		},
		{
			"from": [16, -6, 23],
			"to": [18, -2, 27],
			"rotation": {"angle": 0, "axis": "y", "origin": [0, 0, 16]},
			"faces": {
				"north": {"uv": [1, 8.875, 1.125, 9.125], "texture": "#1"},
				"east": {"uv": [5.625, 8.375, 5.875, 8.625], "texture": "#1"},
				"south": {"uv": [1.125, 8.875, 1.25, 9.125], "texture": "#1"},
				"west": {"uv": [5.875, 8.375, 6.125, 8.625], "texture": "#1"},
				"up": {"uv": [3.6875, 9.125, 3.5625, 8.875], "texture": "#1"},
				"down": {"uv": [3.8125, 8.875, 3.6875, 9.125], "texture": "#1"}
			}
		},
		{
			"from": [16, 4, 23],
			"to": [18, 8, 27],
			"rotation": {"angle": 0, "axis": "y", "origin": [0, 0, 16]},
			"faces": {
				"north": {"uv": [3.8125, 8.875, 3.9375, 9.125], "texture": "#1"},
				"east": {"uv": [6.125, 8.375, 6.375, 8.625], "texture": "#1"},
				"south": {"uv": [3.9375, 8.875, 4.0625, 9.125], "texture": "#1"},
				"west": {"uv": [7.125, 8.375, 7.375, 8.625], "texture": "#1"},
				"up": {"uv": [9, 4.25, 8.875, 4], "texture": "#1"},
				"down": {"uv": [4.1875, 8.875, 4.0625, 9.125], "texture": "#1"}
			}
		},
		{
			"from": [4, 4, 23],
			"to": [12, 8, 27],
			"rotation": {"angle": 0, "axis": "y", "origin": [0, 0, 16]},
			"faces": {
				"north": {"uv": [8, 6.75, 8.5, 7], "texture": "#1"},
				"east": {"uv": [8.375, 7.875, 8.625, 8.125], "texture": "#1"},
				"south": {"uv": [8, 7, 8.5, 7.25], "texture": "#1"},
				"west": {"uv": [8.375, 8.25, 8.625, 8.5], "texture": "#1"},
				"up": {"uv": [4.875, 8.375, 4.375, 8.125], "texture": "#1"},
				"down": {"uv": [5.375, 8.125, 4.875, 8.375], "texture": "#1"}
			}
		},
		{
			"from": [4, 12, 23],
			"to": [12, 14, 27],
			"rotation": {"angle": 0, "axis": "y", "origin": [0, 0, 16]},
			"faces": {
				"north": {"uv": [0.75, 8.5, 1.25, 8.625], "texture": "#1"},
				"east": {"uv": [8.8125, 8.625, 9.0625, 8.75], "texture": "#1"},
				"south": {"uv": [8.5, 1.75, 9, 1.875], "texture": "#1"},
				"west": {"uv": [4.1875, 8.875, 4.4375, 9], "texture": "#1"},
				"up": {"uv": [5.875, 8.375, 5.375, 8.125], "texture": "#1"},
				"down": {"uv": [6.375, 8.125, 5.875, 8.375], "texture": "#1"}
			}
		},
		{
			"from": [6, 8, 23],
			"to": [10, 12, 27],
			"rotation": {"angle": 0, "axis": "y", "origin": [0, 0, 16]},
			"faces": {
				"north": {"uv": [1.25, 8.5, 1.5, 8.75], "texture": "#1"},
				"east": {"uv": [8.5, 1.875, 8.75, 2.125], "texture": "#1"},
				"south": {"uv": [8.5, 2.125, 8.75, 2.375], "texture": "#1"},
				"west": {"uv": [8.5, 2.375, 8.75, 2.625], "texture": "#1"},
				"up": {"uv": [8.75, 2.875, 8.5, 2.625], "texture": "#1"},
				"down": {"uv": [8.75, 2.875, 8.5, 3.125], "texture": "#1"}
			}
		},
		{
			"from": [18, 8, 23],
			"to": [20, 16, 27],
			"rotation": {"angle": 0, "axis": "y", "origin": [0, 0, 16]},
			"faces": {
				"north": {"uv": [1.75, 5.875, 1.875, 6.375], "texture": "#1"},
				"east": {"uv": [3.5625, 7.875, 3.8125, 8.375], "texture": "#1"},
				"south": {"uv": [1.75, 6.375, 1.875, 6.875], "texture": "#1"},
				"west": {"uv": [7.125, 7.875, 7.375, 8.375], "texture": "#1"},
				"up": {"uv": [9, 4.5, 8.875, 4.25], "texture": "#1"},
				"down": {"uv": [4.5625, 8.875, 4.4375, 9.125], "texture": "#1"}
			}
		},
		{
			"from": [-4, 8, 23],
			"to": [-2, 16, 27],
			"rotation": {"angle": 0, "axis": "y", "origin": [0, 0, 16]},
			"faces": {
				"north": {"uv": [3.875, 6.375, 4, 6.875], "texture": "#1"},
				"east": {"uv": [6.375, 8.125, 6.625, 8.625], "texture": "#1"},
				"south": {"uv": [1.75, 6.875, 1.875, 7.375], "texture": "#1"},
				"west": {"uv": [6.625, 8.125, 6.875, 8.625], "texture": "#1"},
				"up": {"uv": [9, 4.75, 8.875, 4.5], "texture": "#1"},
				"down": {"uv": [4.6875, 8.875, 4.5625, 9.125], "texture": "#1"}
			}
		},
		{
			"from": [-2, 4, 23],
			"to": [0, 8, 27],
			"rotation": {"angle": 0, "axis": "y", "origin": [0, 0, 16]},
			"faces": {
				"north": {"uv": [4.6875, 8.875, 4.8125, 9.125], "texture": "#1"},
				"east": {"uv": [8.5, 3.125, 8.75, 3.375], "texture": "#1"},
				"south": {"uv": [4.8125, 8.875, 4.9375, 9.125], "texture": "#1"},
				"west": {"uv": [8.5, 3.375, 8.75, 3.625], "texture": "#1"},
				"up": {"uv": [5.0625, 9.125, 4.9375, 8.875], "texture": "#1"},
				"down": {"uv": [5.1875, 8.875, 5.0625, 9.125], "texture": "#1"}
			}
		},
		{
			"from": [0, 4, 23],
			"to": [4, 6, 27],
			"rotation": {"angle": 0, "axis": "y", "origin": [0, 0, 16]},
			"faces": {
				"north": {"uv": [5.1875, 8.875, 5.4375, 9], "texture": "#1"},
				"east": {"uv": [5.4375, 8.875, 5.6875, 9], "texture": "#1"},
				"south": {"uv": [8.875, 5.5, 9.125, 5.625], "texture": "#1"},
				"west": {"uv": [8.875, 5.625, 9.125, 5.75], "texture": "#1"},
				"up": {"uv": [8.75, 3.875, 8.5, 3.625], "texture": "#1"},
				"down": {"uv": [8.75, 3.875, 8.5, 4.125], "texture": "#1"}
			}
		},
		{
			"from": [0, 14, 23],
			"to": [16, 16, 27],
			"rotation": {"angle": 0, "axis": "y", "origin": [0, 0, 16]},
			"faces": {
				"north": {"uv": [8, 7.25, 9, 7.375], "texture": "#1"},
				"east": {"uv": [5.6875, 8.875, 5.9375, 9], "texture": "#1"},
				"south": {"uv": [7.875, 8.125, 8.875, 8.25], "texture": "#1"},
				"west": {"uv": [8.875, 5.75, 9.125, 5.875], "texture": "#1"},
				"up": {"uv": [8.75, 1.5, 7.75, 1.25], "texture": "#1"},
				"down": {"uv": [5.375, 7.875, 4.375, 8.125], "texture": "#1"}
			}
		},
		{
			"from": [12, 4, 23],
			"to": [16, 6, 27],
			"rotation": {"angle": 0, "axis": "y", "origin": [0, 0, 16]},
			"faces": {
				"north": {"uv": [8.875, 5.875, 9.125, 6], "texture": "#1"},
				"east": {"uv": [5.9375, 8.875, 6.1875, 9], "texture": "#1"},
				"south": {"uv": [8.875, 6, 9.125, 6.125], "texture": "#1"},
				"west": {"uv": [8.875, 6.125, 9.125, 6.25], "texture": "#1"},
				"up": {"uv": [8.75, 4.375, 8.5, 4.125], "texture": "#1"},
				"down": {"uv": [8.75, 4.375, 8.5, 4.625], "texture": "#1"}
			}
		},
		{
			"from": [18, -6, 23],
			"to": [20, 2, 27],
			"rotation": {"angle": 0, "axis": "y", "origin": [0, 0, 16]},
			"faces": {
				"north": {"uv": [3.875, 6.875, 4, 7.375], "texture": "#1"},
				"east": {"uv": [6.875, 8.125, 7.125, 8.625], "texture": "#1"},
				"south": {"uv": [8.5, 5.75, 8.625, 6.25], "texture": "#1"},
				"west": {"uv": [0, 8.25, 0.25, 8.75], "texture": "#1"},
				"up": {"uv": [6.3125, 9.125, 6.1875, 8.875], "texture": "#1"},
				"down": {"uv": [9, 6.25, 8.875, 6.5], "texture": "#1"}
			}
		},
		{
			"from": [-4, -6, 23],
			"to": [-2, 2, 27],
			"rotation": {"angle": 0, "axis": "y", "origin": [0, 0, 16]},
			"faces": {
				"north": {"uv": [8.5, 6.25, 8.625, 6.75], "texture": "#1"},
				"east": {"uv": [0.25, 8.25, 0.5, 8.75], "texture": "#1"},
				"south": {"uv": [8.5, 6.75, 8.625, 7.25], "texture": "#1"},
				"west": {"uv": [0.5, 8.25, 0.75, 8.75], "texture": "#1"},
				"up": {"uv": [6.4375, 9.125, 6.3125, 8.875], "texture": "#1"},
				"down": {"uv": [6.5625, 8.875, 6.4375, 9.125], "texture": "#1"}
			}
		},
		{
			"from": [-2, -6, 23],
			"to": [0, -2, 27],
			"rotation": {"angle": 0, "axis": "y", "origin": [0, 0, 16]},
			"faces": {
				"north": {"uv": [6.5625, 8.875, 6.6875, 9.125], "texture": "#1"},
				"east": {"uv": [7.875, 8.5, 8.125, 8.75], "texture": "#1"},
				"south": {"uv": [6.6875, 8.875, 6.8125, 9.125], "texture": "#1"},
				"west": {"uv": [8.125, 8.5, 8.375, 8.75], "texture": "#1"},
				"up": {"uv": [6.9375, 9.125, 6.8125, 8.875], "texture": "#1"},
				"down": {"uv": [7.0625, 8.875, 6.9375, 9.125], "texture": "#1"}
			}
		},
		{
			"from": [0, -6, 23],
			"to": [2, -4, 27],
			"rotation": {"angle": 0, "axis": "y", "origin": [0, 0, 16]},
			"faces": {
				"north": {"uv": [3, 7.75, 3.125, 7.875], "texture": "#1"},
				"east": {"uv": [7.0625, 8.875, 7.3125, 9], "texture": "#1"},
				"south": {"uv": [7.875, 5.75, 8, 5.875], "texture": "#1"},
				"west": {"uv": [7.3125, 8.875, 7.5625, 9], "texture": "#1"},
				"up": {"uv": [9, 7.625, 8.875, 7.375], "texture": "#1"},
				"down": {"uv": [7.6875, 8.875, 7.5625, 9.125], "texture": "#1"}
			}
		},
		{
			"from": [14, -6, 23],
			"to": [16, -4, 27],
			"rotation": {"angle": 0, "axis": "y", "origin": [0, 0, 16]},
			"faces": {
				"north": {"uv": [8.125, 8.875, 8.25, 9], "texture": "#1"},
				"east": {"uv": [8.875, 7.625, 9.125, 7.75], "texture": "#1"},
				"south": {"uv": [8.875, 8.125, 9, 8.25], "texture": "#1"},
				"west": {"uv": [8.875, 7.75, 9.125, 7.875], "texture": "#1"},
				"up": {"uv": [7.8125, 9.125, 7.6875, 8.875], "texture": "#1"},
				"down": {"uv": [8.125, 8.875, 8, 9.125], "texture": "#1"}
			}
		},
		{
			"from": [-4, 16, 23],
			"to": [20, 20, 27],
			"rotation": {"angle": 0, "axis": "y", "origin": [0, 0, 16]},
			"faces": {
				"north": {"uv": [6.75, 3, 8.25, 3.25], "texture": "#1"},
				"east": {"uv": [8.375, 8.5, 8.625, 8.75], "texture": "#1"},
				"south": {"uv": [6.75, 3.25, 8.25, 3.5], "texture": "#1"},
				"west": {"uv": [0.75, 8.625, 1, 8.875], "texture": "#1"},
				"up": {"uv": [8.25, 3.75, 6.75, 3.5], "texture": "#1"},
				"down": {"uv": [8.25, 3.75, 6.75, 4], "texture": "#1"}
			}
		},
		{
			"from": [-4, -14, -11],
			"to": [20, -10, -7],
			"rotation": {"angle": 0, "axis": "y", "origin": [0, 0, 16]},
			"faces": {
				"north": {"uv": [6.75, 4, 8.25, 4.25], "texture": "#1"},
				"east": {"uv": [1, 8.625, 1.25, 8.875], "texture": "#1"},
				"south": {"uv": [6.75, 4.25, 8.25, 4.5], "texture": "#1"},
				"west": {"uv": [3.5625, 8.625, 3.8125, 8.875], "texture": "#1"},
				"up": {"uv": [8.25, 4.75, 6.75, 4.5], "texture": "#1"},
				"down": {"uv": [8.375, 5.5, 6.875, 5.75], "texture": "#1"}
			}
		},
		{
			"from": [23, 20, -4],
			"to": [27, 24, 20],
			"rotation": {"angle": 0, "axis": "y", "origin": [0, 0, 16]},
			"faces": {
				"north": {"uv": [4.375, 8.625, 4.625, 8.875], "texture": "#1"},
				"east": {"uv": [6.5, 6.875, 8, 7.125], "texture": "#1"},
				"south": {"uv": [4.625, 8.625, 4.875, 8.875], "texture": "#1"},
				"west": {"uv": [6.5, 7.125, 8, 7.375], "texture": "#1"},
				"up": {"uv": [4.125, 8.875, 3.875, 7.375], "texture": "#1"},
				"down": {"uv": [4.375, 7.375, 4.125, 8.875], "texture": "#1"}
			}
		},
		{
			"from": [-11, -14, -4],
			"to": [-7, -10, 20],
			"rotation": {"angle": 0, "axis": "y", "origin": [0, 0, 16]},
			"faces": {
				"north": {"uv": [5.375, 8.625, 5.625, 8.875], "texture": "#1"},
				"east": {"uv": [7.5, 1.5, 9, 1.75], "texture": "#1"},
				"south": {"uv": [8.625, 5.5, 8.875, 5.75], "texture": "#1"},
				"west": {"uv": [7.5, 4.75, 9, 5], "texture": "#1"},
				"up": {"uv": [2, 9, 1.75, 7.5], "texture": "#1"},
				"down": {"uv": [2.25, 7.5, 2, 9], "texture": "#1"}
			}
		},
		{
			"from": [23, -14, -4],
			"to": [27, -10, 20],
			"rotation": {"angle": 0, "axis": "y", "origin": [0, 0, 16]},
			"faces": {
				"north": {"uv": [5.625, 8.625, 5.875, 8.875], "texture": "#1"},
				"east": {"uv": [7.5, 5, 9, 5.25], "texture": "#1"},
				"south": {"uv": [8.625, 5.75, 8.875, 6], "texture": "#1"},
				"west": {"uv": [7.5, 5.25, 9, 5.5], "texture": "#1"},
				"up": {"uv": [2.5, 9, 2.25, 7.5], "texture": "#1"},
				"down": {"uv": [2.75, 7.5, 2.5, 9], "texture": "#1"}
			}
		},
		{
			"from": [-11, 20, -4],
			"to": [-7, 24, 20],
			"rotation": {"angle": 0, "axis": "y", "origin": [0, 0, 16]},
			"faces": {
				"north": {"uv": [5.875, 8.625, 6.125, 8.875], "texture": "#1"},
				"east": {"uv": [4.375, 7.625, 5.875, 7.875], "texture": "#1"},
				"south": {"uv": [8.625, 6, 8.875, 6.25], "texture": "#1"},
				"west": {"uv": [5.875, 7.625, 7.375, 7.875], "texture": "#1"},
				"up": {"uv": [3, 9, 2.75, 7.5], "texture": "#1"},
				"down": {"uv": [7.875, 7.375, 7.625, 8.875], "texture": "#1"}
			}
		},
		{
			"from": [-4, 20, -11],
			"to": [20, 24, -7],
			"rotation": {"angle": 0, "axis": "y", "origin": [0, 0, 16]},
			"faces": {
				"north": {"uv": [0, 7.75, 1.5, 8], "texture": "#1"},
				"east": {"uv": [6.125, 8.625, 6.375, 8.875], "texture": "#1"},
				"south": {"uv": [7.75, 0, 9.25, 0.25], "texture": "#1"},
				"west": {"uv": [8.625, 6.25, 8.875, 6.5], "texture": "#1"},
				"up": {"uv": [9.25, 0.5, 7.75, 0.25], "texture": "#1"},
				"down": {"uv": [9.25, 0.5, 7.75, 0.75], "texture": "#1"}
			}
		},
		{
			"from": [-7, -10, -11],
			"to": [23, 20, -7],
			"rotation": {"angle": 0, "axis": "y", "origin": [0, 0, 16]},
			"faces": {
				"north": {"uv": [1.875, 0, 3.75, 1.875], "texture": "#1"},
				"east": {"uv": [2.625, 5.625, 2.875, 7.5], "texture": "#1"},
				"south": {"uv": [1.875, 1.875, 3.75, 3.75], "texture": "#1"},
				"west": {"uv": [2.875, 5.625, 3.125, 7.5], "texture": "#1"},
				"up": {"uv": [5, 5.875, 3.125, 5.625], "texture": "#1"},
				"down": {"uv": [6.875, 5.625, 5, 5.875], "texture": "#1"}
			}
		},
		{
			"from": [23, -10, -7],
			"to": [27, 20, 23],
			"rotation": {"angle": 0, "axis": "y", "origin": [0, 0, 16]},
			"faces": {
				"north": {"uv": [5.75, 3.625, 6, 5.5], "texture": "#1"},
				"east": {"uv": [0, 3.75, 1.875, 5.625], "texture": "#1"},
				"south": {"uv": [0, 5.875, 0.25, 7.75], "texture": "#1"},
				"west": {"uv": [3.75, 0, 5.625, 1.875], "texture": "#1"},
				"up": {"uv": [0.5, 7.75, 0.25, 5.875], "texture": "#1"},
				"down": {"uv": [0.75, 5.875, 0.5, 7.75], "texture": "#1"}
			}
		},
		{
			"from": [-11, -10, -7],
			"to": [-7, 20, 23],
			"rotation": {"angle": 0, "axis": "y", "origin": [0, 0, 16]},
			"faces": {
				"north": {"uv": [0.75, 5.875, 1, 7.75], "texture": "#1"},
				"east": {"uv": [1.875, 3.75, 3.75, 5.625], "texture": "#1"},
				"south": {"uv": [1, 5.875, 1.25, 7.75], "texture": "#1"},
				"west": {"uv": [3.75, 1.875, 5.625, 3.75], "texture": "#1"},
				"up": {"uv": [1.5, 7.75, 1.25, 5.875], "texture": "#1"},
				"down": {"uv": [1.75, 5.875, 1.5, 7.75], "texture": "#1"}
			}
		}
	],
	"display": {
		"thirdperson_righthand": {
			"rotation": [-108, 2, 180],
			"translation": [0, -1, -1],
			"scale": [0.2, 0.2, 0.2]
		},
		"thirdperson_lefthand": {
			"rotation": [-108, 0, 180],
			"translation": [0, -1, -1],
			"scale": [0.2, 0.2, 0.2]
		},
		"firstperson_righthand": {
			"rotation": [166.5, -6, -180],
			"translation": [2, -0.25, 0.5],
			"scale": [0.2, 0.2, 0.2]
		},
		"firstperson_lefthand": {
			"rotation": [164.52, 5.6, 176.57],
			"translation": [0, -0.25, 2.25],
			"scale": [0.2, 0.2, 0.2]
		},
		"ground": {
			"translation": [0, 4.5, 0],
			"scale": [0.3, 0.3, 0.3]
		},
		"gui": {
			"rotation": [-0.62, -21.99, -0.27],
			"translation": [0, 0.25, 0],
			"scale": [0.28, 0.29, 0.3]
		},
		"head": {
			"rotation": [-180, 0, -180],
			"translation": [0, 1, 0],
			"scale": [0.5, 0.5, 0.5]
		},
		"fixed": {
			"rotation": [-90.5, 0, 0],
			"translation": [0.75, 0, -29.5],
			"scale": [1.5, 1.5, 1.5]
		}
	},
	"groups": [
		{
			"name": "group",
			"origin": [0, 0, 0],
			"color": 0,
			"nbt": "{}",
			"children": [0, 1, 2, 3, 4, 5, 6, 7, 8, 9, 10, 11, 12, 13, 14, 15, 16, 17, 18, 19, 20]
		},
		{
			"name": "group",
			"origin": [0, 0, 16],
			"color": 0,
			"nbt": "{}",
			"children": [
				21,
				22,
				23,
				24,
				25,
				26,
				27,
				28,
				29,
				30,
				31,
				32,
				33,
				34,
				35,
				36,
				37,
				38,
				39,
				40,
				41,
				42,
				43,
				44,
				45,
				46,
				47,
				48,
				49,
				50,
				51,
				52,
				53,
				54,
				55,
				56,
				57,
				58,
				59,
				60,
				61,
				62,
				63,
				64,
				65,
				66,
				67,
				68,
				69,
				70,
				71,
				72
			]
		}
	]
}