{
	"credit": "Made with Blockbench",
	"parent": "diamond_sword",
	"texture_size": [32, 32],
	"textures": {
		"2": "jeracraft:survival/weapons/bonecleaver3",
		"particle": "jeracraft:survival/weapons/bonecleaver3"
	},
	"elements": [
		{
			"from": [7, 8.5, 7],
			"to": [9, 16.5, 9],
			"faces": {
				"north": {"uv": [4, 6, 5, 10], "texture": "#2"},
				"east": {"uv": [5, 6, 6, 10], "texture": "#2"},
				"south": {"uv": [6, 6, 7, 10], "texture": "#2"},
				"west": {"uv": [7, 6, 8, 10], "texture": "#2"},
				"up": {"uv": [5, 11, 4, 10], "texture": "#2"},
				"down": {"uv": [6, 10, 5, 11], "texture": "#2"}
			}
		},
		{
			"from": [6.8, 11.8, 6.8],
			"to": [9.2, 15.7, 9.2],
			"faces": {
				"north": {"uv": [2, 9.5, 3, 11.25], "texture": "#2"},
				"east": {"uv": [3, 9.5, 4, 11.25], "texture": "#2"},
				"south": {"uv": [9.5, 3, 10.5, 4.75], "texture": "#2"},
				"west": {"uv": [8, 9.5, 9, 11.25], "texture": "#2"},
				"up": {"uv": [11, 10, 10, 9], "texture": "#2"},
				"down": {"uv": [11, 10, 10, 11], "texture": "#2"}
			}
		},
		{
			"from": [7.1, 5.1, 7.1],
			"to": [8.9, 10.9, 8.9],
			"faces": {
				"north": {"uv": [6, 1.5, 7, 4.5], "texture": "#2"},
				"east": {"uv": [0, 9.5, 1, 12.5], "texture": "#2"},
				"south": {"uv": [9.5, 0, 10.5, 3], "texture": "#2"},
				"west": {"uv": [1, 9.5, 2, 12.5], "texture": "#2"},
				"up": {"uv": [11, 6, 10, 5], "texture": "#2"},
				"down": {"uv": [7, 10, 6, 11], "texture": "#2"}
			}
		},
		{
			"from": [7.175, -1.825, 7.175],
			"to": [8.825, 7.825, 8.825],
			"faces": {
				"north": {"uv": [0, 4.5, 1, 9.5], "texture": "#2"},
				"east": {"uv": [1, 4.5, 2, 9.5], "texture": "#2"},
				"south": {"uv": [2, 4.5, 3, 9.5], "texture": "#2"},
				"west": {"uv": [3, 4.5, 4, 9.5], "texture": "#2"},
				"up": {"uv": [11, 7, 10, 6], "texture": "#2"},
				"down": {"uv": [8, 10, 7, 11], "texture": "#2"}
			}
		},
		{
			"from": [7.25, -2.75, 7.25],
			"to": [8.75, 4.75, 8.75],
			"faces": {
				"north": {"uv": [7.5, 1.5, 8.5, 5.5], "texture": "#2"},
				"east": {"uv": [8, 5.5, 9, 9.5], "texture": "#2"},
				"south": {"uv": [8.5, 1.5, 9.5, 5.5], "texture": "#2"},
				"west": {"uv": [9, 5.5, 10, 9.5], "texture": "#2"},
				"up": {"uv": [11, 8, 10, 7], "texture": "#2"},
				"down": {"uv": [11, 8, 10, 9], "texture": "#2"}
			}
		},
		{
			"from": [7.775, 6, 2.5],
			"to": [8.225, 15, 8.5],
			"faces": {
				"north": {"uv": [9, 9.5, 9.25, 14], "texture": "#2"},
				"east": {"uv": [0, 0, 3, 4.5], "texture": "#2"},
				"south": {"uv": [9.5, 9.5, 9.75, 14], "texture": "#2"},
				"west": {"uv": [3, 0, 6, 4.5], "texture": "#2"},
				"up": {"uv": [7.25, 4.5, 7, 1.5], "texture": "#2"},
				"down": {"uv": [11.25, 3.5, 11, 6.5], "texture": "#2"}
			}
		},
		{
			"from": [7.77, 15.4, 1.5],
			"to": [8.245, 17.9, 8.4],
			"rotation": {"angle": -22.5, "axis": "x", "origin": [8, 17, 7.5]},
			"faces": {
				"north": {"uv": [10.5, 3.5, 10.75, 4.75], "texture": "#2"},
				"east": {"uv": [4, 4.5, 7.5, 5.75], "texture": "#2"},
				"south": {"uv": [4, 11, 4.25, 12.25], "texture": "#2"},
				"west": {"uv": [6, 0, 9.5, 1.25], "texture": "#2"},
				"up": {"uv": [10.75, 3.5, 10.5, 0], "texture": "#2"},
				"down": {"uv": [11.25, 0, 11, 3.5], "texture": "#2"}
			}
		},
		{
			"from": [7.77, 2.55244, 4.0725],
			"to": [8.245, 3.95244, 8.9725],
			"rotation": {"angle": 22.5, "axis": "x", "origin": [8, 6.08246, 12.6831]},
			"faces": {
				"north": {"uv": [14.75, 3.5, 15, 4.75], "texture": "#2"},
				"east": {"uv": [12, 2.25, 14.5, 3], "texture": "#2"},
				"south": {"uv": [14, 3.5, 14.25, 4.75], "texture": "#2"},
				"west": {"uv": [12, 0.75, 14.5, 1.5], "texture": "#2"},
				"up": {"uv": [15.75, 7.75, 15.5, 4.25], "texture": "#2"},
				"down": {"uv": [15.75, 0.25, 15.5, 2.75], "texture": "#2"}
			}
		},
		{
			"name": "hexadecagon",
			"from": [7.77, 7.18163, 2.5],
			"to": [8.245, 7.77837, 2.99],
			"rotation": {"angle": -45, "axis": "x", "origin": [8.25, 7.48, 4]},
			"faces": {
				"north": {"uv": [0, 0, 0.5, 0.5], "texture": "#2"},
				"east": {"uv": [0, 0, 0.5, 0.5], "texture": "#2"},
				"south": {"uv": [0, 0, 0.5, 0.5], "texture": "#2"},
				"west": {"uv": [5.25, 2.25, 5.75, 2.75], "texture": "#2"},
				"up": {"uv": [0, 0, 0.5, 0.5], "texture": "#2"},
				"down": {"uv": [0, 0, 0.5, 0.5], "texture": "#2"}
			}
		},
		{
			"name": "hexadecagon",
			"from": [7.77, 7.18163, 2.5],
			"to": [8.245, 7.77837, 2.99],
			"rotation": {"angle": -22.5, "axis": "x", "origin": [8.25, 7.48, 4]},
			"faces": {
				"north": {"uv": [0, 0, 0.5, 0.5], "texture": "#2"},
				"east": {"uv": [0, 0, 0.5, 0.5], "texture": "#2"},
				"south": {"uv": [0, 0, 0.5, 0.5], "texture": "#2"},
				"west": {"uv": [5.25, 2.25, 5.75, 2.75], "texture": "#2"},
				"up": {"uv": [0, 0, 0.5, 0.5], "texture": "#2"},
				"down": {"uv": [0, 0, 0.5, 0.5], "texture": "#2"}
			}
		},
		{
			"name": "hexadecagon",
			"from": [7.77, 7.18163, 2.5],
			"to": [8.245, 8.00163, 3],
			"rotation": {"angle": 0, "axis": "x", "origin": [8.25, 7.48, 4]},
			"faces": {
				"north": {"uv": [0, 0, 0.5, 0.5], "texture": "#2"},
				"east": {"uv": [0, 0, 0.5, 0.5], "texture": "#2"},
				"south": {"uv": [0, 0, 0.5, 0.5], "texture": "#2"},
				"west": {"uv": [5.25, 2.25, 5.75, 2.75], "texture": "#2"},
				"up": {"uv": [0, 0, 0.5, 0.5], "texture": "#2"},
				"down": {"uv": [0, 0, 0.5, 0.5], "texture": "#2"}
			}
		},
		{
			"name": "hexadecagon",
			"from": [7.77, 5.98, 3.70163],
			"to": [8.245, 6.47, 3.95163],
			"rotation": {"angle": 22.5, "axis": "x", "origin": [8.25, 7.48, 4]},
			"faces": {
				"north": {"uv": [0, 0, 0.5, 0.5], "texture": "#2"},
				"east": {"uv": [0, 0, 0.5, 0.5], "texture": "#2"},
				"south": {"uv": [0, 0, 0.5, 0.5], "texture": "#2"},
				"west": {"uv": [5.25, 2.25, 5.75, 2.75], "texture": "#2"},
				"up": {"uv": [0, 0, 0.5, 0.5], "texture": "#2"},
				"down": {"uv": [0, 0, 0.5, 0.5], "texture": "#2"}
			}
		}
	],
	"display": {
		"thirdperson_righthand": {
			"translation": [0, 4.25, 0]
		},
		"thirdperson_lefthand": {
			"translation": [0, 4.25, 0]
		},
		"firstperson_righthand": {
			"rotation": [0, 15, 0],
			"translation": [0.5, 5.75, 0.75]
		},
		"firstperson_lefthand": {
			"rotation": [0, 15, 0],
			"translation": [0.5, 5.75, 0.75]
		},
		"ground": {
			"translation": [0, 5.75, 0],
			"scale": [0.5, 0.5, 0.5]
		},
		"fixed": {
			"rotation": [-90, 45, 90],
			"translation": [0.5, 1, 0]
		}
	},
	"groups": [
		0,
		1,
		2,
		3,
		4,
		5,
		6,
		7,
		{
			"name": "Curve",
			"origin": [8, 8, 8],
			"color": 0,
			"nbt": "{}",
			"children": [8, 9, 10, 11]
		}
	]
}