{
	"credit": "Made with Blockbench",
	"texture_size": [64, 64],
	"textures": {
		"0": "jeracraft:christmas/candycane",
		"particle": "jeracraft:christmas/candycane"
	},
	"elements": [
		{
			"from": [4.2, 0, 7.4],
			"to": [5.2, 20, 9.4],
			"faces": {
				"north": {"uv": [4.5, 0, 4.75, 5], "texture": "#0"},
				"east": {"uv": [2, 0, 2.5, 5], "texture": "#0"},
				"south": {"uv": [0.5, 4.5, 0.75, 9.5], "texture": "#0"},
				"west": {"uv": [2.5, 0, 3, 5], "texture": "#0"},
				"up": {"uv": [6.75, 4.5, 6.5, 4], "texture": "#0"},
				"down": {"uv": [6.75, 4.5, 6.5, 5], "texture": "#0"}
			}
		},
		{
			"from": [7.2, 0, 7.4],
			"to": [8.2, 20, 9.4],
			"faces": {
				"north": {"uv": [0.75, 4.5, 1, 9.5], "texture": "#0"},
				"east": {"uv": [3, 0, 3.5, 5], "texture": "#0"},
				"south": {"uv": [1, 4.5, 1.25, 9.5], "texture": "#0"},
				"west": {"uv": [3.5, 0, 4, 5], "texture": "#0"},
				"up": {"uv": [5.25, 7, 5, 6.5], "texture": "#0"},
				"down": {"uv": [5.5, 6.5, 5.25, 7], "texture": "#0"}
			}
		},
		{
			"from": [7.2, 19, 1.4],
			"to": [8.2, 20, 2.4],
			"faces": {
				"north": {"uv": [6.25, 6.75, 6.5, 7], "texture": "#0"},
				"east": {"uv": [6.75, 6.25, 7, 6.5], "texture": "#0"},
				"south": {"uv": [6.75, 6.5, 7, 6.75], "texture": "#0"},
				"west": {"uv": [6.75, 6.75, 7, 7], "texture": "#0"},
				"up": {"uv": [7.25, 0.25, 7, 0], "texture": "#0"},
				"down": {"uv": [7.25, 0.25, 7, 0.5], "texture": "#0"}
			}
		},
		{
			"from": [7.2, 17, 1.4],
			"to": [8.2, 19, 3.4],
			"faces": {
				"north": {"uv": [6.5, 5.25, 6.75, 5.75], "texture": "#0"},
				"east": {"uv": [5, 6, 5.5, 6.5], "texture": "#0"},
				"south": {"uv": [5.5, 6.5, 5.75, 7], "texture": "#0"},
				"west": {"uv": [6, 5.25, 6.5, 5.75], "texture": "#0"},
				"up": {"uv": [6, 7, 5.75, 6.5], "texture": "#0"},
				"down": {"uv": [6.25, 6.5, 6, 7], "texture": "#0"}
			}
		},
		{
			"from": [4.2, 17, 1.4],
			"to": [5.2, 19, 3.4],
			"faces": {
				"north": {"uv": [6.5, 6, 6.75, 6.5], "texture": "#0"},
				"east": {"uv": [5.75, 6, 6.25, 6.5], "texture": "#0"},
				"south": {"uv": [6.5, 6.5, 6.75, 7], "texture": "#0"},
				"west": {"uv": [6.25, 0, 6.75, 0.5], "texture": "#0"},
				"up": {"uv": [7, 0.5, 6.75, 0], "texture": "#0"},
				"down": {"uv": [2.25, 6.75, 2, 7.25], "texture": "#0"}
			}
		},
		{
			"from": [5.2, 17, 3.4],
			"to": [7.2, 18, 4.4],
			"faces": {
				"north": {"uv": [2.25, 6.75, 2.75, 7], "texture": "#0"},
				"east": {"uv": [1.25, 7, 1.5, 7.25], "texture": "#0"},
				"south": {"uv": [2.75, 6.75, 3.25, 7], "texture": "#0"},
				"west": {"uv": [1.5, 7, 1.75, 7.25], "texture": "#0"},
				"up": {"uv": [7.25, 3.25, 6.75, 3], "texture": "#0"},
				"down": {"uv": [3.75, 6.75, 3.25, 7], "texture": "#0"}
			}
		},
		{
			"from": [4.2, 18, 3.4],
			"to": [8.2, 19, 4.4],
			"faces": {
				"north": {"uv": [6, 5.75, 7, 6], "texture": "#0"},
				"east": {"uv": [7, 1.5, 7.25, 1.75], "texture": "#0"},
				"south": {"uv": [6.25, 0.5, 7.25, 0.75], "texture": "#0"},
				"west": {"uv": [1.75, 7, 2, 7.25], "texture": "#0"},
				"up": {"uv": [7.25, 1, 6.25, 0.75], "texture": "#0"},
				"down": {"uv": [7.25, 1, 6.25, 1.25], "texture": "#0"}
			}
		},
		{
			"from": [5.2, 16, 0.4],
			"to": [7.2, 20, 3.4],
			"faces": {
				"north": {"uv": [4.75, 4, 5.25, 5], "texture": "#0"},
				"east": {"uv": [1.25, 4.5, 2, 5.5], "texture": "#0"},
				"south": {"uv": [2, 5, 2.5, 6], "texture": "#0"},
				"west": {"uv": [4.75, 1.5, 5.5, 2.5], "texture": "#0"},
				"up": {"uv": [5.75, 4.25, 5.25, 3.5], "texture": "#0"},
				"down": {"uv": [5.75, 4.25, 5.25, 5], "texture": "#0"}
			}
		},
		{
			"from": [4.2, 19, 1.4],
			"to": [5.2, 20, 7.4],
			"faces": {
				"north": {"uv": [7, 1.75, 7.25, 2], "texture": "#0"},
				"east": {"uv": [5.5, 1.5, 7, 1.75], "texture": "#0"},
				"south": {"uv": [7, 2, 7.25, 2.25], "texture": "#0"},
				"west": {"uv": [5.5, 1.75, 7, 2], "texture": "#0"},
				"up": {"uv": [1.5, 7, 1.25, 5.5], "texture": "#0"},
				"down": {"uv": [1.75, 5.5, 1.5, 7], "texture": "#0"}
			}
		},
		{
			"from": [4.2, 20, 2.4],
			"to": [5.2, 21, 8.4],
			"faces": {
				"north": {"uv": [2.25, 7, 2.5, 7.25], "texture": "#0"},
				"east": {"uv": [5.5, 2, 7, 2.25], "texture": "#0"},
				"south": {"uv": [7, 2.25, 7.25, 2.5], "texture": "#0"},
				"west": {"uv": [5.5, 2.25, 7, 2.5], "texture": "#0"},
				"up": {"uv": [2, 7, 1.75, 5.5], "texture": "#0"},
				"down": {"uv": [5.75, 5, 5.5, 6.5], "texture": "#0"}
			}
		},
		{
			"from": [7.2, 20, 2.4],
			"to": [8.2, 21, 8.4],
			"faces": {
				"north": {"uv": [2.5, 7, 2.75, 7.25], "texture": "#0"},
				"east": {"uv": [5.75, 2.5, 7.25, 2.75], "texture": "#0"},
				"south": {"uv": [2.75, 7, 3, 7.25], "texture": "#0"},
				"west": {"uv": [5.75, 2.75, 7.25, 3], "texture": "#0"},
				"up": {"uv": [6, 4.5, 5.75, 3], "texture": "#0"},
				"down": {"uv": [6, 4.5, 5.75, 6], "texture": "#0"}
			}
		},
		{
			"from": [7.2, 19, 2.4],
			"to": [8.2, 20, 7.4],
			"faces": {
				"north": {"uv": [3, 7, 3.25, 7.25], "texture": "#0"},
				"east": {"uv": [3.5, 6, 4.75, 6.25], "texture": "#0"},
				"south": {"uv": [3.25, 7, 3.5, 7.25], "texture": "#0"},
				"west": {"uv": [6, 3.75, 7.25, 4], "texture": "#0"},
				"up": {"uv": [6.25, 5.25, 6, 4], "texture": "#0"},
				"down": {"uv": [5, 6, 4.75, 7.25], "texture": "#0"}
			}
		},
		{
			"from": [5.2, 0, 6.4],
			"to": [7.2, 18, 10.4],
			"faces": {
				"north": {"uv": [4, 0, 4.5, 4.5], "texture": "#0"},
				"east": {"uv": [0, 0, 1, 4.5], "texture": "#0"},
				"south": {"uv": [0, 4.5, 0.5, 9], "texture": "#0"},
				"west": {"uv": [1, 0, 2, 4.5], "texture": "#0"},
				"up": {"uv": [3, 6, 2.5, 5], "texture": "#0"},
				"down": {"uv": [3.5, 5, 3, 6], "texture": "#0"}
			}
		},
		{
			"from": [5.2, 18, 9.4],
			"to": [7.2, 20, 10.4],
			"faces": {
				"north": {"uv": [3.5, 6.25, 4, 6.75], "texture": "#0"},
				"east": {"uv": [6.75, 3.25, 7, 3.75], "texture": "#0"},
				"south": {"uv": [4, 6.25, 4.5, 6.75], "texture": "#0"},
				"west": {"uv": [3.75, 6.75, 4, 7.25], "texture": "#0"},
				"up": {"uv": [4.5, 7, 4, 6.75], "texture": "#0"},
				"down": {"uv": [7.25, 4, 6.75, 4.25], "texture": "#0"}
			}
		},
		{
			"from": [5.2, 18, 1.4],
			"to": [7.2, 21, 7.4],
			"faces": {
				"north": {"uv": [2, 6, 2.5, 6.75], "texture": "#0"},
				"east": {"uv": [4.75, 0, 6.25, 0.75], "texture": "#0"},
				"south": {"uv": [2.5, 6, 3, 6.75], "texture": "#0"},
				"west": {"uv": [4.75, 0.75, 6.25, 1.5], "texture": "#0"},
				"up": {"uv": [4.5, 6, 4, 4.5], "texture": "#0"},
				"down": {"uv": [5.25, 2.5, 4.75, 4], "texture": "#0"}
			}
		},
		{
			"from": [5.2, 18, 7.4],
			"to": [7.2, 22, 8.4],
			"faces": {
				"north": {"uv": [3.5, 5, 4, 6], "texture": "#0"},
				"east": {"uv": [6.25, 4, 6.5, 5], "texture": "#0"},
				"south": {"uv": [4.5, 5, 5, 6], "texture": "#0"},
				"west": {"uv": [4.5, 6.25, 4.75, 7.25], "texture": "#0"},
				"up": {"uv": [7.25, 4.5, 6.75, 4.25], "texture": "#0"},
				"down": {"uv": [7.25, 4.5, 6.75, 4.75], "texture": "#0"}
			}
		},
		{
			"from": [5.2, 18, 8.4],
			"to": [7.2, 21, 9.4],
			"faces": {
				"north": {"uv": [3, 6, 3.5, 6.75], "texture": "#0"},
				"east": {"uv": [6.25, 6, 6.5, 6.75], "texture": "#0"},
				"south": {"uv": [6, 3, 6.5, 3.75], "texture": "#0"},
				"west": {"uv": [6.5, 3, 6.75, 3.75], "texture": "#0"},
				"up": {"uv": [7.25, 5, 6.75, 4.75], "texture": "#0"},
				"down": {"uv": [7.25, 5.25, 6.75, 5.5], "texture": "#0"}
			}
		},
		{
			"from": [5.2, 21, 3.4],
			"to": [7.2, 22, 7.4],
			"faces": {
				"north": {"uv": [6.75, 5.5, 7.25, 5.75], "texture": "#0"},
				"east": {"uv": [6.25, 1.25, 7.25, 1.5], "texture": "#0"},
				"south": {"uv": [6.75, 6, 7.25, 6.25], "texture": "#0"},
				"west": {"uv": [6.25, 5, 7.25, 5.25], "texture": "#0"},
				"up": {"uv": [5.5, 6, 5, 5], "texture": "#0"},
				"down": {"uv": [5.75, 2.5, 5.25, 3.5], "texture": "#0"}
			}
		},
		{
			"from": [9.1, 0, 7.9],
			"to": [10.1, 20, 9.9],
			"rotation": {"angle": -22.5, "axis": "z", "origin": [0, 0, 0]},
			"faces": {
				"north": {"uv": [0.5, 4.5, 0.75, 9.5], "texture": "#0"},
				"east": {"uv": [2.5, 0, 3, 5], "texture": "#0"},
				"south": {"uv": [4.5, 0, 4.75, 5], "texture": "#0"},
				"west": {"uv": [2, 0, 2.5, 5], "texture": "#0"},
				"up": {"uv": [6.75, 4.5, 6.5, 4], "rotation": 180, "texture": "#0"},
				"down": {"uv": [6.75, 4.5, 6.5, 5], "rotation": 180, "texture": "#0"}
			}
		},
		{
			"from": [6.1, 0, 7.9],
			"to": [7.1, 20, 9.9],
			"rotation": {"angle": -22.5, "axis": "z", "origin": [0, 0, 0]},
			"faces": {
				"north": {"uv": [1, 4.5, 1.25, 9.5], "texture": "#0"},
				"east": {"uv": [3.5, 0, 4, 5], "texture": "#0"},
				"south": {"uv": [0.75, 4.5, 1, 9.5], "texture": "#0"},
				"west": {"uv": [3, 0, 3.5, 5], "texture": "#0"},
				"up": {"uv": [5.25, 7, 5, 6.5], "rotation": 180, "texture": "#0"},
				"down": {"uv": [5.5, 6.5, 5.25, 7], "rotation": 180, "texture": "#0"}
			}
		},
		{
			"from": [6.1, 19, 14.9],
			"to": [7.1, 20, 15.9],
			"rotation": {"angle": -22.5, "axis": "z", "origin": [0, 0, 0]},
			"faces": {
				"north": {"uv": [6.75, 6.5, 7, 6.75], "texture": "#0"},
				"east": {"uv": [6.75, 6.75, 7, 7], "texture": "#0"},
				"south": {"uv": [6.25, 6.75, 6.5, 7], "texture": "#0"},
				"west": {"uv": [6.75, 6.25, 7, 6.5], "texture": "#0"},
				"up": {"uv": [7.25, 0.25, 7, 0], "rotation": 180, "texture": "#0"},
				"down": {"uv": [7.25, 0.25, 7, 0.5], "rotation": 180, "texture": "#0"}
			}
		},
		{
			"from": [6.1, 17, 13.9],
			"to": [7.1, 19, 15.9],
			"rotation": {"angle": -22.5, "axis": "z", "origin": [0, 0, 0]},
			"faces": {
				"north": {"uv": [5.5, 6.5, 5.75, 7], "texture": "#0"},
				"east": {"uv": [6, 5.25, 6.5, 5.75], "texture": "#0"},
				"south": {"uv": [6.5, 5.25, 6.75, 5.75], "texture": "#0"},
				"west": {"uv": [5, 6, 5.5, 6.5], "texture": "#0"},
				"up": {"uv": [6, 7, 5.75, 6.5], "rotation": 180, "texture": "#0"},
				"down": {"uv": [6.25, 6.5, 6, 7], "rotation": 180, "texture": "#0"}
			}
		},
		{
			"from": [9.1, 17, 13.9],
			"to": [10.1, 19, 15.9],
			"rotation": {"angle": -22.5, "axis": "z", "origin": [0, 0, 0]},
			"faces": {
				"north": {"uv": [6.5, 6.5, 6.75, 7], "texture": "#0"},
				"east": {"uv": [6.25, 0, 6.75, 0.5], "texture": "#0"},
				"south": {"uv": [6.5, 6, 6.75, 6.5], "texture": "#0"},
				"west": {"uv": [5.75, 6, 6.25, 6.5], "texture": "#0"},
				"up": {"uv": [7, 0.5, 6.75, 0], "rotation": 180, "texture": "#0"},
				"down": {"uv": [2.25, 6.75, 2, 7.25], "rotation": 180, "texture": "#0"}
			}
		},
		{
			"from": [7.1, 17, 12.9],
			"to": [9.1, 18, 13.9],
			"rotation": {"angle": -22.5, "axis": "z", "origin": [0, 0, 0]},
			"faces": {
				"north": {"uv": [2.75, 6.75, 3.25, 7], "texture": "#0"},
				"east": {"uv": [1.5, 7, 1.75, 7.25], "texture": "#0"},
				"south": {"uv": [2.25, 6.75, 2.75, 7], "texture": "#0"},
				"west": {"uv": [1.25, 7, 1.5, 7.25], "texture": "#0"},
				"up": {"uv": [7.25, 3.25, 6.75, 3], "rotation": 180, "texture": "#0"},
				"down": {"uv": [3.75, 6.75, 3.25, 7], "rotation": 180, "texture": "#0"}
			}
		},
		{
			"from": [6.1, 18, 12.9],
			"to": [10.1, 19, 13.9],
			"rotation": {"angle": -22.5, "axis": "z", "origin": [0, 0, 0]},
			"faces": {
				"north": {"uv": [6.25, 0.5, 7.25, 0.75], "texture": "#0"},
				"east": {"uv": [1.75, 7, 2, 7.25], "texture": "#0"},
				"south": {"uv": [6, 5.75, 7, 6], "texture": "#0"},
				"west": {"uv": [7, 1.5, 7.25, 1.75], "texture": "#0"},
				"up": {"uv": [7.25, 1, 6.25, 0.75], "rotation": 180, "texture": "#0"},
				"down": {"uv": [7.25, 1, 6.25, 1.25], "rotation": 180, "texture": "#0"}
			}
		},
		{
			"from": [7.1, 16, 13.9],
			"to": [9.1, 20, 16.9],
			"rotation": {"angle": -22.5, "axis": "z", "origin": [0, 0, 0]},
			"faces": {
				"north": {"uv": [2, 5, 2.5, 6], "texture": "#0"},
				"east": {"uv": [4.75, 1.5, 5.5, 2.5], "texture": "#0"},
				"south": {"uv": [4.75, 4, 5.25, 5], "texture": "#0"},
				"west": {"uv": [1.25, 4.5, 2, 5.5], "texture": "#0"},
				"up": {"uv": [5.75, 4.25, 5.25, 3.5], "rotation": 180, "texture": "#0"},
				"down": {"uv": [5.75, 4.25, 5.25, 5], "rotation": 180, "texture": "#0"}
			}
		},
		{
			"from": [9.1, 19, 9.9],
			"to": [10.1, 20, 15.9],
			"rotation": {"angle": -22.5, "axis": "z", "origin": [0, 0, 0]},
			"faces": {
				"north": {"uv": [7, 2, 7.25, 2.25], "texture": "#0"},
				"east": {"uv": [5.5, 1.75, 7, 2], "texture": "#0"},
				"south": {"uv": [7, 1.75, 7.25, 2], "texture": "#0"},
				"west": {"uv": [5.5, 1.5, 7, 1.75], "texture": "#0"},
				"up": {"uv": [1.5, 7, 1.25, 5.5], "rotation": 180, "texture": "#0"},
				"down": {"uv": [1.75, 5.5, 1.5, 7], "rotation": 180, "texture": "#0"}
			}
		},
		{
			"from": [9.1, 20, 8.9],
			"to": [10.1, 21, 14.9],
			"rotation": {"angle": -22.5, "axis": "z", "origin": [0, 0, 0]},
			"faces": {
				"north": {"uv": [7, 2.25, 7.25, 2.5], "texture": "#0"},
				"east": {"uv": [5.5, 2.25, 7, 2.5], "texture": "#0"},
				"south": {"uv": [2.25, 7, 2.5, 7.25], "texture": "#0"},
				"west": {"uv": [5.5, 2, 7, 2.25], "texture": "#0"},
				"up": {"uv": [2, 7, 1.75, 5.5], "rotation": 180, "texture": "#0"},
				"down": {"uv": [5.75, 5, 5.5, 6.5], "rotation": 180, "texture": "#0"}
			}
		},
		{
			"from": [6.1, 20, 8.9],
			"to": [7.1, 21, 14.9],
			"rotation": {"angle": -22.5, "axis": "z", "origin": [0, 0, 0]},
			"faces": {
				"north": {"uv": [2.75, 7, 3, 7.25], "texture": "#0"},
				"east": {"uv": [5.75, 2.75, 7.25, 3], "texture": "#0"},
				"south": {"uv": [2.5, 7, 2.75, 7.25], "texture": "#0"},
				"west": {"uv": [5.75, 2.5, 7.25, 2.75], "texture": "#0"},
				"up": {"uv": [6, 4.5, 5.75, 3], "rotation": 180, "texture": "#0"},
				"down": {"uv": [6, 4.5, 5.75, 6], "rotation": 180, "texture": "#0"}
			}
		},
		{
			"from": [6.1, 19, 9.9],
			"to": [7.1, 20, 14.9],
			"rotation": {"angle": -22.5, "axis": "z", "origin": [0, 0, 0]},
			"faces": {
				"north": {"uv": [3.25, 7, 3.5, 7.25], "texture": "#0"},
				"east": {"uv": [6, 3.75, 7.25, 4], "texture": "#0"},
				"south": {"uv": [3, 7, 3.25, 7.25], "texture": "#0"},
				"west": {"uv": [3.5, 6, 4.75, 6.25], "texture": "#0"},
				"up": {"uv": [6.25, 5.25, 6, 4], "rotation": 180, "texture": "#0"},
				"down": {"uv": [5, 6, 4.75, 7.25], "rotation": 180, "texture": "#0"}
			}
		},
		{
			"from": [7.1, 0, 6.9],
			"to": [9.1, 18, 10.9],
			"rotation": {"angle": -22.5, "axis": "z", "origin": [0, 0, 0]},
			"faces": {
				"north": {"uv": [0, 4.5, 0.5, 9], "texture": "#0"},
				"east": {"uv": [1, 0, 2, 4.5], "texture": "#0"},
				"south": {"uv": [4, 0, 4.5, 4.5], "texture": "#0"},
				"west": {"uv": [0, 0, 1, 4.5], "texture": "#0"},
				"up": {"uv": [3, 6, 2.5, 5], "rotation": 180, "texture": "#0"},
				"down": {"uv": [3.5, 5, 3, 6], "rotation": 180, "texture": "#0"}
			}
		},
		{
			"from": [7.1, 18, 6.9],
			"to": [9.1, 20, 7.9],
			"rotation": {"angle": -22.5, "axis": "z", "origin": [0, 0, 0]},
			"faces": {
				"north": {"uv": [4, 6.25, 4.5, 6.75], "texture": "#0"},
				"east": {"uv": [3.75, 6.75, 4, 7.25], "texture": "#0"},
				"south": {"uv": [3.5, 6.25, 4, 6.75], "texture": "#0"},
				"west": {"uv": [6.75, 3.25, 7, 3.75], "texture": "#0"},
				"up": {"uv": [4.5, 7, 4, 6.75], "rotation": 180, "texture": "#0"},
				"down": {"uv": [7.25, 4, 6.75, 4.25], "rotation": 180, "texture": "#0"}
			}
		},
		{
			"from": [7.1, 18, 9.9],
			"to": [9.1, 21, 15.9],
			"rotation": {"angle": -22.5, "axis": "z", "origin": [0, 0, 0]},
			"faces": {
				"north": {"uv": [2.5, 6, 3, 6.75], "texture": "#0"},
				"east": {"uv": [4.75, 0.75, 6.25, 1.5], "texture": "#0"},
				"south": {"uv": [2, 6, 2.5, 6.75], "texture": "#0"},
				"west": {"uv": [4.75, 0, 6.25, 0.75], "texture": "#0"},
				"up": {"uv": [4.5, 6, 4, 4.5], "rotation": 180, "texture": "#0"},
				"down": {"uv": [5.25, 2.5, 4.75, 4], "rotation": 180, "texture": "#0"}
			}
		},
		{
			"from": [7.1, 18, 8.9],
			"to": [9.1, 22, 9.9],
			"rotation": {"angle": -22.5, "axis": "z", "origin": [0, 0, 0]},
			"faces": {
				"north": {"uv": [4.5, 5, 5, 6], "texture": "#0"},
				"east": {"uv": [4.5, 6.25, 4.75, 7.25], "texture": "#0"},
				"south": {"uv": [3.5, 5, 4, 6], "texture": "#0"},
				"west": {"uv": [6.25, 4, 6.5, 5], "texture": "#0"},
				"up": {"uv": [7.25, 4.5, 6.75, 4.25], "rotation": 180, "texture": "#0"},
				"down": {"uv": [7.25, 4.5, 6.75, 4.75], "rotation": 180, "texture": "#0"}
			}
		},
		{
			"from": [7.1, 18, 7.9],
			"to": [9.1, 21, 8.9],
			"rotation": {"angle": -22.5, "axis": "z", "origin": [0, 0, 0]},
			"faces": {
				"north": {"uv": [6, 3, 6.5, 3.75], "texture": "#0"},
				"east": {"uv": [6.5, 3, 6.75, 3.75], "texture": "#0"},
				"south": {"uv": [3, 6, 3.5, 6.75], "texture": "#0"},
				"west": {"uv": [6.25, 6, 6.5, 6.75], "texture": "#0"},
				"up": {"uv": [7.25, 5, 6.75, 4.75], "rotation": 180, "texture": "#0"},
				"down": {"uv": [7.25, 5.25, 6.75, 5.5], "rotation": 180, "texture": "#0"}
			}
		},
		{
			"from": [7.1, 21, 9.9],
			"to": [9.1, 22, 13.9],
			"rotation": {"angle": -22.5, "axis": "z", "origin": [0, 0, 0]},
			"faces": {
				"north": {"uv": [6.75, 6, 7.25, 6.25], "texture": "#0"},
				"east": {"uv": [6.25, 5, 7.25, 5.25], "texture": "#0"},
				"south": {"uv": [6.75, 5.5, 7.25, 5.75], "texture": "#0"},
				"west": {"uv": [6.25, 1.25, 7.25, 1.5], "texture": "#0"},
				"up": {"uv": [5.5, 6, 5, 5], "rotation": 180, "texture": "#0"},
				"down": {"uv": [5.75, 2.5, 5.25, 3.5], "rotation": 180, "texture": "#0"}
			}
		}
	],
	"display": {
		"gui": {
			"rotation": [-18, -150, -6],
			"translation": [0.5, -1, 0],
			"scale": [0.6, 0.6, 0.6]
		},
		"head": {
			"translation": [0, 40, 0],
			"scale": [4, 4, 4]
		},
		"fixed": {
			"rotation": [-90, 0, 0],
			"translation": [1, -2, -30],
			"scale": [4, 4, 4]
		}
	},
	"groups": [
		{
			"name": "group",
			"origin": [8, 8, 8],
			"color": 0,
			"nbt": "{}",
			"children": [
				0,
				1,
				2,
				3,
				4,
				5,
				6,
				7,
				8,
				9,
				10,
				11,
				12,
				{
					"name": "group",
					"origin": [8, 8, 8],
					"color": 0,
					"nbt": "{}",
					"children": [13, 14, 15, 16, 17]
				}
			]
		},
		{
			"name": "group",
			"origin": [8, 8, 8],
			"color": 0,
			"nbt": "{}",
			"children": [
				18,
				19,
				20,
				21,
				22,
				23,
				24,
				25,
				26,
				27,
				28,
				29,
				30,
				{
					"name": "group",
					"origin": [8, 8, 8],
					"color": 0,
					"nbt": "{}",
					"children": [31, 32, 33, 34, 35]
				}
			]
		}
	]
}