{
	"credit": "Made with Blockbench",
	"texture_size": [32, 32],
	"textures": {
		"0": "jeracraft:christmas/hat3",
		"particle": "jeracraft:christmas/hat3"
	},
	"elements": [
		{
			"from": [4, 0, 4],
			"to": [12, 1, 12],
			"faces": {
				"north": {"uv": [3, 9, 7, 9.5], "texture": "#0"},
				"east": {"uv": [7, 9, 11, 9.5], "texture": "#0"},
				"south": {"uv": [3, 9.5, 7, 10], "texture": "#0"},
				"west": {"uv": [7, 9.5, 11, 10], "texture": "#0"},
				"up": {"uv": [4, 4, 0, 0], "texture": "#0"},
				"down": {"uv": [4, 4, 0, 8], "texture": "#0"}
			}
		},
		{
			"from": [5, 1, 5],
			"to": [11, 2, 11],
			"faces": {
				"north": {"uv": [0, 10, 3, 10.5], "texture": "#0"},
				"east": {"uv": [10, 0, 13, 0.5], "texture": "#0"},
				"south": {"uv": [10, 0.5, 13, 1], "texture": "#0"},
				"west": {"uv": [10, 1, 13, 1.5], "texture": "#0"},
				"up": {"uv": [7, 3, 4, 0], "texture": "#0"},
				"down": {"uv": [7, 3, 4, 6], "texture": "#0"}
			}
		},
		{
			"from": [5, 4, 11.2],
			"to": [7, 5, 11.2],
			"rotation": {"angle": -22.5, "axis": "z", "origin": [0, 0, 0]},
			"faces": {
				"north": {"uv": [3, 8, 4, 8.5], "texture": "#0"},
				"east": {"uv": [0, 0, 0, 0.5], "texture": "#0"},
				"south": {"uv": [3, 8.5, 4, 9], "texture": "#0"},
				"west": {"uv": [0, 0, 0, 0.5], "texture": "#0"},
				"up": {"uv": [1, 0, 0, 0], "texture": "#0"},
				"down": {"uv": [1, 0, 0, 0], "texture": "#0"}
			}
		},
		{
			"from": [5.62359, -1.04684, 11.3],
			"to": [6.62359, 0.95316, 11.3],
			"rotation": {"angle": 22.5, "axis": "z", "origin": [1.62359, 5.95316, 0]},
			"faces": {
				"north": {"uv": [10, 1.5, 10.5, 2.5], "texture": "#0"},
				"east": {"uv": [0, 0, 0, 1], "texture": "#0"},
				"south": {"uv": [10, 2.5, 10.5, 3.5], "texture": "#0"},
				"west": {"uv": [0, 0, 0, 1], "texture": "#0"},
				"up": {"uv": [0.5, 0, 0, 0], "texture": "#0"},
				"down": {"uv": [0.5, 0, 0, 0], "texture": "#0"}
			}
		},
		{
			"from": [5.62359, -1.04684, 10.7],
			"to": [6.12359, -0.54684, 11.7],
			"rotation": {"angle": 22.5, "axis": "z", "origin": [1.62359, 5.95316, 0]},
			"faces": {
				"north": {"uv": [3, 10, 3.5, 10.5], "texture": "#0"},
				"east": {"uv": [3.5, 10, 4, 10.5], "texture": "#0"},
				"south": {"uv": [10, 3.5, 10.5, 4], "texture": "#0"},
				"west": {"uv": [4, 10, 4.5, 10.5], "texture": "#0"},
				"up": {"uv": [10.5, 4.5, 10, 4], "texture": "#0"},
				"down": {"uv": [5, 10, 4.5, 10.5], "texture": "#0"}
			}
		},
		{
			"from": [5.92359, -0.54684, 10.6],
			"to": [6.42359, -0.04684, 11.6],
			"rotation": {"angle": 22.5, "axis": "z", "origin": [1.62359, 5.95316, 0]},
			"faces": {
				"north": {"uv": [10, 4.5, 10.5, 5], "texture": "#0"},
				"east": {"uv": [5, 10, 5.5, 10.5], "texture": "#0"},
				"south": {"uv": [10, 5, 10.5, 5.5], "texture": "#0"},
				"west": {"uv": [5.5, 10, 6, 10.5], "texture": "#0"},
				"up": {"uv": [10.5, 6, 10, 5.5], "texture": "#0"},
				"down": {"uv": [6.5, 10, 6, 10.5], "texture": "#0"}
			}
		},
		{
			"from": [6.22359, -1.04684, 10.7],
			"to": [6.72359, -0.54684, 11.7],
			"rotation": {"angle": 22.5, "axis": "z", "origin": [1.62359, 5.95316, 0]},
			"faces": {
				"north": {"uv": [10, 6, 10.5, 6.5], "texture": "#0"},
				"east": {"uv": [6.5, 10, 7, 10.5], "texture": "#0"},
				"south": {"uv": [10, 6.5, 10.5, 7], "texture": "#0"},
				"west": {"uv": [7, 10, 7.5, 10.5], "texture": "#0"},
				"up": {"uv": [10.5, 7.5, 10, 7], "texture": "#0"},
				"down": {"uv": [8, 10, 7.5, 10.5], "texture": "#0"}
			}
		},
		{
			"from": [5, 2, 5],
			"to": [11, 6, 11],
			"faces": {
				"north": {"uv": [7, 3, 10, 5], "texture": "#0"},
				"east": {"uv": [7, 5, 10, 7], "texture": "#0"},
				"south": {"uv": [7, 7, 10, 9], "texture": "#0"},
				"west": {"uv": [0, 8, 3, 10], "texture": "#0"},
				"up": {"uv": [7, 9, 4, 6], "texture": "#0"},
				"down": {"uv": [10, 0, 7, 3], "texture": "#0"}
			}
		}
	],
	"display": {
		"gui": {
			"rotation": [54, -26, 0],
			"translation": [0, 5, 0],
			"scale": [1.4, 1.4, 1.4]
		},
		"head": {
			"rotation": [9, 180, 0],
			"translation": [0, 22, 3],
			"scale": [2.5, 2.5, 2.5]
		},
		"fixed": {
			"rotation": [-90, 0, 0],
			"translation": [0, 0, -32],
			"scale": [4, 4, 4]
		}
	}
}