{
  "textures":{
    "layer0":"item/bone"
  },
  "parent":"item/generated",
  "overrides":[
    {
      "predicate":{
        "custom_model_data":1
      },
      "model":"jeracraft:halloween/big_spider"
    },
    {
      "predicate":{
        "custom_model_data":2
      },
      "model":"jeracraft:halloween/candy_bowl"
    },
    {
      "predicate":{
        "custom_model_data":3
      },
      "model":"jeracraft:halloween/coffin"
    },
    {
      "predicate":{
        "custom_model_data":4
      },
      "model":"jeracraft:halloween/grave_stone"
    },
    {
      "predicate":{
        "custom_model_data":5
      },
      "model":"jeracraft:halloween/hpumpkin"
    },
    {
      "predicate":{
        "custom_model_data":6
      },
      "model":"jeracraft:halloween/skull_gx"
    },
    {
      "predicate":{
        "custom_model_data":7
      },
      "model":"jeracraft:halloween/strings"
    },
    {
      "predicate":{
        "custom_model_data":8
      },
      "model":"jeracraft:halloween/stringsmall"
    },
    {
      "predicate":{
        "custom_model_data":9
      },
      "model":"jeracraft:halloween/witch_hat"
    },
    {
      "predicate":{
        "custom_model_data":10
      },
      "model":"jeracraft:halloween/grave_stone_mini"
    },
    {
      "predicate":{
        "custom_model_data":11
      },
      "model":"jeracraft:survival/halloween/candyexchangearrow"
    },
    {
      "predicate":{
        "custom_model_data":12
      },
      "model":"jeracraft:survival/halloween/pumpkinreward"
    }
  ]
}