{
  "parent": "minecraft:item/handheld",
  "textures": {
    "layer0": "minecraft:item/fishing_rod"
  },
	
	"overrides": [
		{"predicate": {"custom_model_data":100}, "model": "jeracraft:survival/weapons/will_o_wisp"},
		{"predicate": {"custom_model_data":101}, "model": "jeracraft:survival/weapons/helluhruans_wrath"},
    {"predicate": {"custom_model_data":102}, "model": "jeracraft:survival/weapons/corrupted_netherite_axe"},
    {"predicate": {"custom_model_data":2220}, "model": "jeracraft:survival/christmas/the_north_fishing_pole"}
	]
}