{
	"credit": "Made with Blockbench",
	"texture_size": [64, 64],
	"textures": {
		"1": "jeracraft:survival/weapons/gilded_greatsword"
	},
	"elements": [
		{
			"from": [5, 10, 7],
			"to": [6, 23, 9],
			"rotation": {"angle": 0, "axis": "y", "origin": [8, 12, 8]},
			"faces": {
				"north": {"uv": [0.5, 4.25, 0.75, 7.5], "texture": "#1"},
				"east": {"uv": [2, 0, 2.5, 3.25], "texture": "#1"},
				"south": {"uv": [0.75, 4.25, 1, 7.5], "texture": "#1"},
				"west": {"uv": [2.5, 0, 3, 3.25], "texture": "#1"},
				"up": {"uv": [0.5, 7.5, 0.25, 7], "texture": "#1"},
				"down": {"uv": [1.5, 7.5, 1.25, 8], "texture": "#1"}
			}
		},
		{
			"from": [10, 10, 7],
			"to": [11, 23, 9],
			"rotation": {"angle": 0, "axis": "y", "origin": [8, 12, 8]},
			"faces": {
				"north": {"uv": [1, 4.25, 1.25, 7.5], "texture": "#1"},
				"east": {"uv": [3, 0, 3.5, 3.25], "texture": "#1"},
				"south": {"uv": [1.25, 4.25, 1.5, 7.5], "texture": "#1"},
				"west": {"uv": [2, 3.25, 2.5, 6.5], "texture": "#1"},
				"up": {"uv": [2, 8, 1.75, 7.5], "texture": "#1"},
				"down": {"uv": [7.75, 4.25, 7.5, 4.75], "texture": "#1"}
			}
		},
		{
			"from": [5, 8, 8],
			"to": [6, 10, 8],
			"rotation": {"angle": 0, "axis": "y", "origin": [8, 12, 8]},
			"faces": {
				"north": {"uv": [4.5, 7.5, 4.75, 8], "texture": "#1"},
				"east": {"uv": [0, 0, 0, 0.5], "texture": "#1"},
				"south": {"uv": [4.75, 7.5, 5, 8], "texture": "#1"},
				"west": {"uv": [0, 0, 0, 0.5], "texture": "#1"},
				"up": {"uv": [0.25, 0, 0, 0], "texture": "#1"},
				"down": {"uv": [0.25, 0, 0, 0], "texture": "#1"}
			}
		},
		{
			"from": [10, 8, 8],
			"to": [11, 10, 8],
			"rotation": {"angle": 0, "axis": "y", "origin": [8, 12, 8]},
			"faces": {
				"north": {"uv": [7.5, 4.75, 7.75, 5.25], "texture": "#1"},
				"east": {"uv": [0, 0, 0, 0.5], "texture": "#1"},
				"south": {"uv": [5, 7.5, 5.25, 8], "texture": "#1"},
				"west": {"uv": [0, 0, 0, 0.5], "texture": "#1"},
				"up": {"uv": [0.25, 0, 0, 0], "texture": "#1"},
				"down": {"uv": [0.25, 0, 0, 0], "texture": "#1"}
			}
		},
		{
			"from": [6, 23, 8],
			"to": [10, 25, 8],
			"rotation": {"angle": 0, "axis": "y", "origin": [8, 12, 8]},
			"faces": {
				"north": {"uv": [5.75, 2.25, 6.75, 2.75], "texture": "#1"},
				"east": {"uv": [0, 0, 0, 0.5], "texture": "#1"},
				"south": {"uv": [5.75, 2.75, 6.75, 3.25], "texture": "#1"},
				"west": {"uv": [0, 0, 0, 0.5], "texture": "#1"},
				"up": {"uv": [1, 0, 0, 0], "texture": "#1"},
				"down": {"uv": [1, 0, 0, 0], "texture": "#1"}
			}
		},
		{
			"from": [6, 24, 8],
			"to": [9, 27, 8],
			"rotation": {"angle": 45, "axis": "z", "origin": [8, 26, 8]},
			"faces": {
				"north": {"uv": [5, 0, 5.75, 0.75], "texture": "#1"},
				"east": {"uv": [0, 0, 0, 0.75], "texture": "#1"},
				"south": {"uv": [5, 0.75, 5.75, 1.5], "texture": "#1"},
				"west": {"uv": [0, 0, 0, 0.75], "texture": "#1"},
				"up": {"uv": [0.75, 0, 0, 0], "texture": "#1"},
				"down": {"uv": [0.75, 0, 0, 0], "texture": "#1"}
			}
		},
		{
			"from": [7, 26, 8],
			"to": [9, 28, 8],
			"rotation": {"angle": 0, "axis": "z", "origin": [8, 26, 8]},
			"faces": {
				"north": {"uv": [6.5, 1.25, 7, 1.75], "texture": "#1"},
				"east": {"uv": [0, 0, 0, 0.5], "texture": "#1"},
				"south": {"uv": [6.5, 1.75, 7, 2.25], "texture": "#1"},
				"west": {"uv": [0, 0, 0, 0.5], "texture": "#1"},
				"up": {"uv": [0.5, 0, 0, 0], "texture": "#1"},
				"down": {"uv": [0.5, 0, 0, 0], "texture": "#1"}
			}
		},
		{
			"from": [6, 6, 8],
			"to": [10, 23, 8],
			"rotation": {"angle": 0, "axis": "y", "origin": [8, 12, 8]},
			"faces": {
				"north": {"uv": [0, 0, 1, 4.25], "texture": "#1"},
				"east": {"uv": [0, 0, 0, 4.25], "texture": "#1"},
				"south": {"uv": [1, 0, 2, 4.25], "texture": "#1"},
				"west": {"uv": [0, 0, 0, 4.25], "texture": "#1"},
				"up": {"uv": [1, 0, 0, 0], "texture": "#1"},
				"down": {"uv": [1, 0, 0, 0], "texture": "#1"}
			}
		},
		{
			"from": [14, 21, 7],
			"to": [15, 28, 9],
			"rotation": {"angle": 22.5, "axis": "z", "origin": [8, 12, 8]},
			"faces": {
				"north": {"uv": [1.75, 5.75, 2, 7.5], "texture": "#1"},
				"east": {"uv": [4, 0, 4.5, 1.75], "texture": "#1"},
				"south": {"uv": [5.5, 6, 5.75, 7.75], "texture": "#1"},
				"west": {"uv": [4, 1.75, 4.5, 3.5], "texture": "#1"},
				"up": {"uv": [5.5, 8, 5.25, 7.5], "texture": "#1"},
				"down": {"uv": [7.75, 5.25, 7.5, 5.75], "texture": "#1"}
			}
		},
		{
			"from": [1, 21, 7],
			"to": [2, 28, 9],
			"rotation": {"angle": -22.5, "axis": "z", "origin": [8, 12, 8]},
			"faces": {
				"north": {"uv": [6.25, 4.25, 6.5, 6], "texture": "#1"},
				"east": {"uv": [4, 3.5, 4.5, 5.25], "texture": "#1"},
				"south": {"uv": [5.75, 6.25, 6, 8], "texture": "#1"},
				"west": {"uv": [0, 4.25, 0.5, 6], "texture": "#1"},
				"up": {"uv": [7.75, 6.25, 7.5, 5.75], "texture": "#1"},
				"down": {"uv": [6.5, 7.5, 6.25, 8], "texture": "#1"}
			}
		},
		{
			"from": [6, 10, 7],
			"to": [7, 14, 9],
			"rotation": {"angle": 22.5, "axis": "z", "origin": [8, 8, 8]},
			"faces": {
				"north": {"uv": [6.5, 5.5, 6.75, 6.5], "texture": "#1"},
				"east": {"uv": [5.75, 3.25, 6.25, 4.25], "texture": "#1"},
				"south": {"uv": [6.5, 6.5, 6.75, 7.5], "texture": "#1"},
				"west": {"uv": [3.5, 5.75, 4, 6.75], "texture": "#1"},
				"up": {"uv": [6.75, 8, 6.5, 7.5], "texture": "#1"},
				"down": {"uv": [7.75, 6.5, 7.5, 7], "texture": "#1"}
			}
		},
		{
			"from": [9, 10, 7],
			"to": [10, 14, 9],
			"rotation": {"angle": -22.5, "axis": "z", "origin": [8, 8, 8]},
			"faces": {
				"north": {"uv": [6.75, 0, 7, 1], "texture": "#1"},
				"east": {"uv": [5.75, 4.25, 6.25, 5.25], "texture": "#1"},
				"south": {"uv": [6.75, 2.25, 7, 3.25], "texture": "#1"},
				"west": {"uv": [5.75, 5.25, 6.25, 6.25], "texture": "#1"},
				"up": {"uv": [7, 8, 6.75, 7.5], "texture": "#1"},
				"down": {"uv": [7.25, 7.5, 7, 8], "texture": "#1"}
			}
		},
		{
			"from": [9, 8, 7],
			"to": [10, 13, 9],
			"rotation": {"angle": -45, "axis": "z", "origin": [8, 8, 8]},
			"faces": {
				"north": {"uv": [6.5, 0, 6.75, 1.25], "texture": "#1"},
				"east": {"uv": [4.5, 1.5, 5, 2.75], "texture": "#1"},
				"south": {"uv": [2, 6.5, 2.25, 7.75], "texture": "#1"},
				"west": {"uv": [4.5, 2.75, 5, 4], "texture": "#1"},
				"up": {"uv": [7.75, 7.5, 7.5, 7], "texture": "#1"},
				"down": {"uv": [7.5, 7.5, 7.25, 8], "texture": "#1"}
			}
		},
		{
			"from": [10, 6, 7],
			"to": [11, 10, 9],
			"rotation": {"angle": -45, "axis": "z", "origin": [8, 8, 8]},
			"faces": {
				"north": {"uv": [3.5, 6.75, 3.75, 7.75], "texture": "#1"},
				"east": {"uv": [0, 6, 0.5, 7], "texture": "#1"},
				"south": {"uv": [3.75, 6.75, 4, 7.75], "texture": "#1"},
				"west": {"uv": [6, 0, 6.5, 1], "texture": "#1"},
				"up": {"uv": [7.75, 8, 7.5, 7.5], "texture": "#1"},
				"down": {"uv": [2.25, 7.75, 2, 8.25], "texture": "#1"}
			}
		},
		{
			"from": [6, 8, 7],
			"to": [7, 13, 9],
			"rotation": {"angle": 45, "axis": "z", "origin": [8, 8, 8]},
			"faces": {
				"north": {"uv": [2.25, 6.5, 2.5, 7.75], "texture": "#1"},
				"east": {"uv": [3.5, 4.5, 4, 5.75], "texture": "#1"},
				"south": {"uv": [6.5, 4.25, 6.75, 5.5], "texture": "#1"},
				"west": {"uv": [4.5, 4, 5, 5.25], "texture": "#1"},
				"up": {"uv": [2.5, 8.25, 2.25, 7.75], "texture": "#1"},
				"down": {"uv": [2.75, 7.75, 2.5, 8.25], "texture": "#1"}
			}
		},
		{
			"from": [5, 6, 7],
			"to": [6, 10, 9],
			"rotation": {"angle": 45, "axis": "z", "origin": [8, 8, 8]},
			"faces": {
				"north": {"uv": [6.75, 4.25, 7, 5.25], "texture": "#1"},
				"east": {"uv": [6, 1, 6.5, 2], "texture": "#1"},
				"south": {"uv": [6.75, 5.25, 7, 6.25], "texture": "#1"},
				"west": {"uv": [5, 6, 5.5, 7], "texture": "#1"},
				"up": {"uv": [3, 8.25, 2.75, 7.75], "texture": "#1"},
				"down": {"uv": [3.25, 7.75, 3, 8.25], "texture": "#1"}
			}
		},
		{
			"from": [6, 6, 6],
			"to": [7, 7, 10],
			"rotation": {"angle": 45, "axis": "z", "origin": [8, 8, 8]},
			"faces": {
				"north": {"uv": [7.75, 6.5, 8, 6.75], "texture": "#1"},
				"east": {"uv": [6.75, 1, 7.75, 1.25], "texture": "#1"},
				"south": {"uv": [7.75, 6.75, 8, 7], "texture": "#1"},
				"west": {"uv": [6.75, 6.25, 7.75, 6.5], "texture": "#1"},
				"up": {"uv": [7, 7.5, 6.75, 6.5], "texture": "#1"},
				"down": {"uv": [0.25, 7, 0, 8], "texture": "#1"}
			}
		},
		{
			"from": [6, 4, 7],
			"to": [10, 5, 9],
			"rotation": {"angle": 0, "axis": "z", "origin": [8, 8, 8]},
			"faces": {
				"north": {"uv": [7, 0, 8, 0.25], "texture": "#1"},
				"east": {"uv": [6, 2, 6.5, 2.25], "texture": "#1"},
				"south": {"uv": [7, 0.25, 8, 0.5], "texture": "#1"},
				"west": {"uv": [7.75, 1, 8.25, 1.25], "texture": "#1"},
				"up": {"uv": [7.25, 3.75, 6.25, 3.25], "texture": "#1"},
				"down": {"uv": [7.25, 3.75, 6.25, 4.25], "texture": "#1"}
			}
		},
		{
			"from": [7, 4, 7],
			"to": [9, 5, 9],
			"rotation": {"angle": 45, "axis": "y", "origin": [8, 8, 8]},
			"faces": {
				"north": {"uv": [3.25, 7.75, 3.75, 8], "texture": "#1"},
				"east": {"uv": [7.75, 3.25, 8.25, 3.5], "texture": "#1"},
				"south": {"uv": [7.75, 3.5, 8.25, 3.75], "texture": "#1"},
				"west": {"uv": [7.75, 3.75, 8.25, 4], "texture": "#1"},
				"up": {"uv": [7.5, 1, 7, 0.5], "texture": "#1"},
				"down": {"uv": [7.5, 1.25, 7, 1.75], "texture": "#1"}
			}
		},
		{
			"from": [7, -3, 7],
			"to": [9, 6, 9],
			"rotation": {"angle": 0, "axis": "z", "origin": [8, 8, 8]},
			"faces": {
				"north": {"uv": [2.5, 3.25, 3, 5.5], "texture": "#1"},
				"east": {"uv": [3, 3.25, 3.5, 5.5], "texture": "#1"},
				"south": {"uv": [3.5, 0, 4, 2.25], "texture": "#1"},
				"west": {"uv": [3.5, 2.25, 4, 4.5], "texture": "#1"},
				"up": {"uv": [7.5, 2.25, 7, 1.75], "texture": "#1"},
				"down": {"uv": [7.5, 2.25, 7, 2.75], "texture": "#1"}
			}
		},
		{
			"from": [8, -3, 7],
			"to": [9, 6, 8],
			"rotation": {"angle": 45, "axis": "y", "origin": [8, 8, 8]},
			"faces": {
				"north": {"uv": [5, 1.5, 5.25, 3.75], "texture": "#1"},
				"east": {"uv": [5, 3.75, 5.25, 6], "texture": "#1"},
				"south": {"uv": [5.25, 1.5, 5.5, 3.75], "texture": "#1"},
				"west": {"uv": [5.25, 3.75, 5.5, 6], "texture": "#1"},
				"up": {"uv": [8, 7.25, 7.75, 7], "texture": "#1"},
				"down": {"uv": [8, 7.25, 7.75, 7.5], "texture": "#1"}
			}
		},
		{
			"from": [7, -3, 8],
			"to": [8, 6, 9],
			"rotation": {"angle": 45, "axis": "y", "origin": [8, 8, 8]},
			"faces": {
				"north": {"uv": [4, 5.25, 4.25, 7.5], "texture": "#1"},
				"east": {"uv": [4.25, 5.25, 4.5, 7.5], "texture": "#1"},
				"south": {"uv": [4.5, 5.25, 4.75, 7.5], "texture": "#1"},
				"west": {"uv": [4.75, 5.25, 5, 7.5], "texture": "#1"},
				"up": {"uv": [8, 7.75, 7.75, 7.5], "texture": "#1"},
				"down": {"uv": [8, 7.75, 7.75, 8], "texture": "#1"}
			}
		},
		{
			"from": [8, 5, 7],
			"to": [9, 14, 8],
			"rotation": {"angle": 45, "axis": "y", "origin": [8, 8, 8]},
			"faces": {
				"north": {"uv": [5.5, 1.5, 5.75, 3.75], "texture": "#1"},
				"east": {"uv": [2.5, 5.5, 2.75, 7.75], "texture": "#1"},
				"south": {"uv": [2.75, 5.5, 3, 7.75], "texture": "#1"},
				"west": {"uv": [3, 5.5, 3.25, 7.75], "texture": "#1"},
				"up": {"uv": [0.25, 8.25, 0, 8], "texture": "#1"},
				"down": {"uv": [8.25, 0, 8, 0.25], "texture": "#1"}
			}
		},
		{
			"from": [7, 5, 8],
			"to": [8, 14, 9],
			"rotation": {"angle": 45, "axis": "y", "origin": [8, 8, 8]},
			"faces": {
				"north": {"uv": [3.25, 5.5, 3.5, 7.75], "texture": "#1"},
				"east": {"uv": [5.5, 3.75, 5.75, 6], "texture": "#1"},
				"south": {"uv": [5.75, 0, 6, 2.25], "texture": "#1"},
				"west": {"uv": [1.5, 5.75, 1.75, 8], "texture": "#1"},
				"up": {"uv": [0.5, 8.25, 0.25, 8], "texture": "#1"},
				"down": {"uv": [8.25, 0.25, 8, 0.5], "texture": "#1"}
			}
		},
		{
			"from": [15, -1, 7],
			"to": [17, 1, 9],
			"rotation": {"angle": -45, "axis": "z", "origin": [8, 8, 8]},
			"faces": {
				"north": {"uv": [7, 2.75, 7.5, 3.25], "texture": "#1"},
				"east": {"uv": [7, 4.25, 7.5, 4.75], "texture": "#1"},
				"south": {"uv": [7, 4.75, 7.5, 5.25], "texture": "#1"},
				"west": {"uv": [5, 7, 5.5, 7.5], "texture": "#1"},
				"up": {"uv": [7.5, 5.75, 7, 5.25], "texture": "#1"},
				"down": {"uv": [7.5, 5.75, 7, 6.25], "texture": "#1"}
			}
		},
		{
			"from": [6, 8, 7],
			"to": [8, 10, 9],
			"rotation": {"angle": -45, "axis": "z", "origin": [8, 8, 8]},
			"faces": {
				"north": {"uv": [7, 6.5, 7.5, 7], "texture": "#1"},
				"east": {"uv": [7, 7, 7.5, 7.5], "texture": "#1"},
				"south": {"uv": [7.25, 3.25, 7.75, 3.75], "texture": "#1"},
				"west": {"uv": [7.25, 3.75, 7.75, 4.25], "texture": "#1"},
				"up": {"uv": [0.75, 8, 0.25, 7.5], "texture": "#1"},
				"down": {"uv": [8, 0.5, 7.5, 1], "texture": "#1"}
			}
		},
		{
			"from": [2, 12, 7],
			"to": [4, 14, 9],
			"rotation": {"angle": -45, "axis": "z", "origin": [8, 8, 8]},
			"faces": {
				"north": {"uv": [0.75, 7.5, 1.25, 8], "texture": "#1"},
				"east": {"uv": [7.5, 1.25, 8, 1.75], "texture": "#1"},
				"south": {"uv": [7.5, 1.75, 8, 2.25], "texture": "#1"},
				"west": {"uv": [7.5, 2.25, 8, 2.75], "texture": "#1"},
				"up": {"uv": [8, 3.25, 7.5, 2.75], "texture": "#1"},
				"down": {"uv": [4.5, 7.5, 4, 8], "texture": "#1"}
			}
		},
		{
			"from": [4, 5, 7],
			"to": [5, 6, 9],
			"rotation": {"angle": 22.5, "axis": "z", "origin": [8, 8, 8]},
			"faces": {
				"north": {"uv": [0.5, 8, 0.75, 8.25], "texture": "#1"},
				"east": {"uv": [7.75, 4.5, 8.25, 4.75], "texture": "#1"},
				"south": {"uv": [8, 0.5, 8.25, 0.75], "texture": "#1"},
				"west": {"uv": [7.75, 4.75, 8.25, 5], "texture": "#1"},
				"up": {"uv": [8, 5.5, 7.75, 5], "texture": "#1"},
				"down": {"uv": [5.75, 7.75, 5.5, 8.25], "texture": "#1"}
			}
		},
		{
			"from": [11, 5, 7],
			"to": [12, 6, 9],
			"rotation": {"angle": -22.5, "axis": "z", "origin": [8, 8, 8]},
			"faces": {
				"north": {"uv": [0.75, 8, 1, 8.25], "texture": "#1"},
				"east": {"uv": [7.75, 5.5, 8.25, 5.75], "texture": "#1"},
				"south": {"uv": [8, 0.75, 8.25, 1], "texture": "#1"},
				"west": {"uv": [7.75, 5.75, 8.25, 6], "texture": "#1"},
				"up": {"uv": [6.25, 8.25, 6, 7.75], "texture": "#1"},
				"down": {"uv": [8, 6, 7.75, 6.5], "texture": "#1"}
			}
		}
	],
	"display": {
		"thirdperson_righthand": {
			"rotation": [71.42, -86.33, 79.08],
			"translation": [0, 4.75, 0]
		},
		"thirdperson_lefthand": {
			"rotation": [-112.37, -2.67, -33.11],
			"translation": [-8.25, -5, 11.25]
		},
		"firstperson_righthand": {
			"rotation": [174.09, -77.98, -163.62],
			"translation": [3.75, 3.5, -2]
		},
		"firstperson_lefthand": {
			"rotation": [-180, 83.25, 0],
			"translation": [2.25, 0, -2.75]
		},
		"ground": {
			"rotation": [-7.2, 2.04, -31.52],
			"translation": [0, 5.5, 0],
			"scale": [0.8, 0.8, 0.8]
		},
		"gui": {
			"rotation": [0, 0, -44.75],
			"translation": [-2, -2.5, 0],
			"scale": [0.6, 0.6, 0.6]
		},
		"head": {
			"rotation": [0, 0, 146.75],
			"translation": [5, -9, 4.5],
			"scale": [2, 2, 2]
		},
		"fixed": {
			"rotation": [0, 0, 46],
			"translation": [3.25, -2.75, -1]
		}
	},
	"groups": [
		{
			"name": "group",
			"origin": [8, 8, 8],
			"color": 0,
			"nbt": "{}",
			"children": [0, 1, 2, 3, 4, 5, 6, 7, 8, 9, 10, 11, 12, 13, 14, 15, 16, 17, 18, 19, 20, 21, 22, 23, 24, 25, 26, 27, 28]
		}
	]
}