{
	"credit": "Made with Blockbench",
	"texture_size": [32, 32],
	"textures": {
		"1": "jeracraft:survival/weapons/will_o_wisp_animation",
		"4": "jeracraft:survival/weapons/will_o_wisp",
		"particle": "jeracraft:survival/weapons/will_o_wisp"
	},
	"elements": [
		{
			"from": [7, 7, 7],
			"to": [9, 12, 9],
			"rotation": {"angle": 0, "axis": "y", "origin": [8, 1, 7]},
			"faces": {
				"north": {"uv": [9, 0, 10, 2.5], "texture": "#4"},
				"east": {"uv": [9, 2.5, 10, 5], "texture": "#4"},
				"south": {"uv": [9, 5, 10, 7.5], "texture": "#4"},
				"west": {"uv": [9, 7.5, 10, 10], "texture": "#4"},
				"up": {"uv": [5, 14.5, 4, 13.5], "texture": "#4"},
				"down": {"uv": [14.5, 4.5, 13.5, 5.5], "texture": "#4"}
			}
		},
		{
			"from": [7, -2, 7],
			"to": [9, 3, 9],
			"rotation": {"angle": 0, "axis": "y", "origin": [8, 1, 7]},
			"faces": {
				"north": {"uv": [10, 0, 11, 2.5], "texture": "#4"},
				"east": {"uv": [10, 2.5, 11, 5], "texture": "#4"},
				"south": {"uv": [10, 5, 11, 7.5], "texture": "#4"},
				"west": {"uv": [10, 7.5, 11, 10], "texture": "#4"},
				"up": {"uv": [14.5, 6.5, 13.5, 5.5], "texture": "#4"},
				"down": {"uv": [14.5, 6.5, 13.5, 7.5], "texture": "#4"}
			}
		},
		{
			"from": [7, 5, 7],
			"to": [9, 8, 8],
			"rotation": {"angle": 22.5, "axis": "x", "origin": [8, 5, 8]},
			"faces": {
				"north": {"uv": [11.5, 11.5, 12.5, 13], "texture": "#4"},
				"east": {"uv": [5, 12, 5.5, 13.5], "texture": "#4"},
				"south": {"uv": [4, 12, 5, 13.5], "texture": "#4"},
				"west": {"uv": [5, 13.5, 5.5, 15], "texture": "#4"},
				"up": {"uv": [1, 15, 0, 14.5], "texture": "#4"},
				"down": {"uv": [15.5, 0, 14.5, 0.5], "texture": "#4"}
			}
		},
		{
			"from": [7, 5, 8],
			"to": [9, 8, 9],
			"rotation": {"angle": -22.5, "axis": "x", "origin": [8, 5, 8]},
			"faces": {
				"north": {"uv": [12, 7.5, 13, 9], "texture": "#4"},
				"east": {"uv": [14, 7.5, 14.5, 9], "texture": "#4"},
				"south": {"uv": [8, 12, 9, 13.5], "texture": "#4"},
				"west": {"uv": [9, 14, 9.5, 15.5], "texture": "#4"},
				"up": {"uv": [15.5, 1, 14.5, 0.5], "texture": "#4"},
				"down": {"uv": [2, 14.5, 1, 15], "texture": "#4"}
			}
		},
		{
			"from": [7, 2, 7],
			"to": [9, 5, 8],
			"rotation": {"angle": -22.5, "axis": "x", "origin": [8, 5, 8]},
			"faces": {
				"north": {"uv": [12, 9, 13, 10.5], "texture": "#4"},
				"east": {"uv": [14, 9, 14.5, 10.5], "texture": "#4"},
				"south": {"uv": [12.5, 0, 13.5, 1.5], "texture": "#4"},
				"west": {"uv": [9.5, 14, 10, 15.5], "texture": "#4"},
				"up": {"uv": [15.5, 1.5, 14.5, 1], "texture": "#4"},
				"down": {"uv": [15.5, 1.5, 14.5, 2], "texture": "#4"}
			}
		},
		{
			"from": [7, 2, 8],
			"to": [9, 5, 9],
			"rotation": {"angle": 22.5, "axis": "x", "origin": [8, 5, 8]},
			"faces": {
				"north": {"uv": [12.5, 1.5, 13.5, 3], "texture": "#4"},
				"east": {"uv": [10, 14, 10.5, 15.5], "texture": "#4"},
				"south": {"uv": [12.5, 3, 13.5, 4.5], "texture": "#4"},
				"west": {"uv": [10.5, 14, 11, 15.5], "texture": "#4"},
				"up": {"uv": [15.5, 2.5, 14.5, 2], "texture": "#4"},
				"down": {"uv": [15.5, 2.5, 14.5, 3], "texture": "#4"}
			}
		},
		{
			"from": [8, 12, 7],
			"to": [9, 13, 9],
			"rotation": {"angle": -22.5, "axis": "z", "origin": [8, 11, 8]},
			"faces": {
				"north": {"uv": [15, 5.5, 15.5, 6], "texture": "#4"},
				"east": {"uv": [14.5, 3, 15.5, 3.5], "texture": "#4"},
				"south": {"uv": [6, 15, 6.5, 15.5], "texture": "#4"},
				"west": {"uv": [14.5, 3.5, 15.5, 4], "texture": "#4"},
				"up": {"uv": [12.5, 11.5, 12, 10.5], "texture": "#4"},
				"down": {"uv": [4.5, 14.5, 4, 15.5], "texture": "#4"}
			}
		},
		{
			"from": [7, 12, 7],
			"to": [8, 13, 9],
			"rotation": {"angle": 22.5, "axis": "z", "origin": [8, 11, 8]},
			"faces": {
				"north": {"uv": [15, 6.5, 15.5, 7], "texture": "#4"},
				"east": {"uv": [14.5, 4, 15.5, 4.5], "texture": "#4"},
				"south": {"uv": [7, 15, 7.5, 15.5], "texture": "#4"},
				"west": {"uv": [14.5, 4.5, 15.5, 5], "texture": "#4"},
				"up": {"uv": [5, 15.5, 4.5, 14.5], "texture": "#4"},
				"down": {"uv": [15, 5, 14.5, 6], "texture": "#4"}
			}
		},
		{
			"from": [2, 5, 7],
			"to": [3, 6, 9],
			"rotation": {"angle": -22.5, "axis": "z", "origin": [8, -5, 8]},
			"faces": {
				"north": {"uv": [15, 7, 15.5, 7.5], "texture": "#4"},
				"east": {"uv": [5.5, 14.5, 6.5, 15], "texture": "#4"},
				"south": {"uv": [7.5, 15, 8, 15.5], "texture": "#4"},
				"west": {"uv": [14.5, 6, 15.5, 6.5], "texture": "#4"},
				"up": {"uv": [7, 15.5, 6.5, 14.5], "texture": "#4"},
				"down": {"uv": [15, 6.5, 14.5, 7.5], "texture": "#4"}
			}
		},
		{
			"from": [13, 5, 7],
			"to": [14, 6, 9],
			"rotation": {"angle": 22.5, "axis": "z", "origin": [8, -5, 8]},
			"faces": {
				"north": {"uv": [15, 8, 15.5, 8.5], "texture": "#4"},
				"east": {"uv": [7, 14.5, 8, 15], "texture": "#4"},
				"south": {"uv": [15, 8.5, 15.5, 9], "texture": "#4"},
				"west": {"uv": [14.5, 7.5, 15.5, 8], "texture": "#4"},
				"up": {"uv": [8.5, 15.5, 8, 14.5], "texture": "#4"},
				"down": {"uv": [15, 8, 14.5, 9], "texture": "#4"}
			}
		},
		{
			"from": [7, 20, 7],
			"to": [8, 21, 9],
			"rotation": {"angle": 22.5, "axis": "z", "origin": [8, 19, 8]},
			"faces": {
				"north": {"uv": [15, 10, 15.5, 10.5], "texture": "#4"},
				"east": {"uv": [14.5, 9, 15.5, 9.5], "texture": "#4"},
				"south": {"uv": [15, 10.5, 15.5, 11], "texture": "#4"},
				"west": {"uv": [14.5, 9.5, 15.5, 10], "texture": "#4"},
				"up": {"uv": [9, 15.5, 8.5, 14.5], "texture": "#4"},
				"down": {"uv": [15, 10, 14.5, 11], "texture": "#4"}
			}
		},
		{
			"from": [8, 20, 7],
			"to": [9, 21, 9],
			"rotation": {"angle": -22.5, "axis": "z", "origin": [8, 19, 8]},
			"faces": {
				"north": {"uv": [11.5, 15, 12, 15.5], "texture": "#4"},
				"east": {"uv": [14.5, 11, 15.5, 11.5], "texture": "#4"},
				"south": {"uv": [15, 11.5, 15.5, 12], "texture": "#4"},
				"west": {"uv": [11.5, 14.5, 12.5, 15], "texture": "#4"},
				"up": {"uv": [15, 12.5, 14.5, 11.5], "texture": "#4"},
				"down": {"uv": [13, 14.5, 12.5, 15.5], "texture": "#4"}
			}
		},
		{
			"from": [7, 14, 7],
			"to": [9, 19, 9],
			"rotation": {"angle": 0, "axis": "y", "origin": [8, 1, 7]},
			"faces": {
				"north": {"uv": [9, 10, 10, 12.5], "texture": "#4"},
				"east": {"uv": [10, 10, 11, 12.5], "texture": "#4"},
				"south": {"uv": [0, 10.5, 1, 13], "texture": "#4"},
				"west": {"uv": [1, 10.5, 2, 13], "texture": "#4"},
				"up": {"uv": [9, 14.5, 8, 13.5], "texture": "#4"},
				"down": {"uv": [14.5, 10.5, 13.5, 11.5], "texture": "#4"}
			}
		},
		{
			"from": [7, 21, 7],
			"to": [9, 24, 9],
			"rotation": {"angle": 0, "axis": "y", "origin": [8, 1, 7]},
			"faces": {
				"north": {"uv": [12.5, 4.5, 13.5, 6], "texture": "#4"},
				"east": {"uv": [12.5, 6, 13.5, 7.5], "texture": "#4"},
				"south": {"uv": [9, 12.5, 10, 14], "texture": "#4"},
				"west": {"uv": [10, 12.5, 11, 14], "texture": "#4"},
				"up": {"uv": [14.5, 12.5, 13.5, 11.5], "texture": "#4"},
				"down": {"uv": [13.5, 13.5, 12.5, 14.5], "texture": "#4"}
			}
		},
		{
			"from": [7, 12, 7],
			"to": [8, 24, 8],
			"rotation": {"angle": 45, "axis": "y", "origin": [8, 13, 8]},
			"faces": {
				"north": {"uv": [6, 7, 6.5, 13], "texture": "#4"},
				"east": {"uv": [6.5, 7, 7, 13], "texture": "#4"},
				"south": {"uv": [7, 7, 7.5, 13], "texture": "#4"},
				"west": {"uv": [7.5, 7, 8, 13], "texture": "#4"},
				"up": {"uv": [12.5, 15.5, 12, 15], "texture": "#4"},
				"down": {"uv": [15.5, 12, 15, 12.5], "texture": "#4"}
			}
		},
		{
			"from": [7, -2, 7],
			"to": [8, 7, 8],
			"rotation": {"angle": 45, "axis": "y", "origin": [8, 13, 8]},
			"faces": {
				"north": {"uv": [2, 10.5, 2.5, 15], "texture": "#4"},
				"east": {"uv": [2.5, 10.5, 3, 15], "texture": "#4"},
				"south": {"uv": [3, 10.5, 3.5, 15], "texture": "#4"},
				"west": {"uv": [3.5, 10.5, 4, 15], "texture": "#4"},
				"up": {"uv": [13.5, 15.5, 13, 15], "texture": "#4"},
				"down": {"uv": [14, 15, 13.5, 15.5], "texture": "#4"}
			}
		},
		{
			"from": [8, 12, 7],
			"to": [9, 24, 8],
			"rotation": {"angle": -45, "axis": "y", "origin": [8, 13, 8]},
			"faces": {
				"north": {"uv": [8, 0, 8.5, 6], "texture": "#4"},
				"east": {"uv": [8, 6, 8.5, 12], "texture": "#4"},
				"south": {"uv": [8.5, 0, 9, 6], "texture": "#4"},
				"west": {"uv": [8.5, 6, 9, 12], "texture": "#4"},
				"up": {"uv": [14.5, 15.5, 14, 15], "texture": "#4"},
				"down": {"uv": [15, 15, 14.5, 15.5], "texture": "#4"}
			}
		},
		{
			"from": [8, -1, 7],
			"to": [9, 7, 8],
			"rotation": {"angle": -45, "axis": "y", "origin": [8, 13, 8]},
			"faces": {
				"north": {"uv": [5.5, 10.5, 6, 14.5], "texture": "#4"},
				"east": {"uv": [11, 7.5, 11.5, 11.5], "texture": "#4"},
				"south": {"uv": [11.5, 7.5, 12, 11.5], "texture": "#4"},
				"west": {"uv": [11, 11.5, 11.5, 15.5], "texture": "#4"},
				"up": {"uv": [15.5, 15, 15, 14.5], "texture": "#4"},
				"down": {"uv": [15.5, 15, 15, 15.5], "texture": "#4"}
			}
		},
		{
			"from": [7, 23, 7],
			"to": [9, 24, 9],
			"rotation": {"angle": -45, "axis": "y", "origin": [8, 13, 8]},
			"faces": {
				"north": {"uv": [14.5, 12.5, 15.5, 13], "texture": "#4"},
				"east": {"uv": [13, 14.5, 14, 15], "texture": "#4"},
				"south": {"uv": [14.5, 13, 15.5, 13.5], "texture": "#4"},
				"west": {"uv": [14.5, 13.5, 15.5, 14], "texture": "#4"},
				"up": {"uv": [14.5, 13.5, 13.5, 12.5], "texture": "#4"},
				"down": {"uv": [14.5, 13.5, 13.5, 14.5], "texture": "#4"}
			}
		},
		{
			"from": [7, -2.29289, 8.80761],
			"to": [9, 0.70711, 11.80761],
			"rotation": {"angle": 45, "axis": "x", "origin": [8, 1, 7]},
			"faces": {
				"north": {"uv": [12.5, 10.5, 13.5, 12], "texture": "#4"},
				"east": {"uv": [4, 10.5, 5.5, 12], "texture": "#4"},
				"south": {"uv": [12.5, 12, 13.5, 13.5], "texture": "#4"},
				"west": {"uv": [11, 0, 12.5, 1.5], "texture": "#4"},
				"up": {"uv": [1, 14.5, 0, 13], "texture": "#4"},
				"down": {"uv": [2, 13, 1, 14.5], "texture": "#4"}
			}
		},
		{
			"from": [7, 4.70711, 4.80761],
			"to": [9, 5.70711, 5.80761],
			"rotation": {"angle": 45, "axis": "x", "origin": [8, 1, 7]},
			"faces": {
				"north": {"uv": [14, 14.5, 15, 15], "texture": "#4"},
				"east": {"uv": [0, 15.5, 0.5, 16], "texture": "#4"},
				"south": {"uv": [14.5, 14, 15.5, 14.5], "texture": "#4"},
				"west": {"uv": [15.5, 0, 16, 0.5], "texture": "#4"},
				"up": {"uv": [1, 15.5, 0, 15], "texture": "#4"},
				"down": {"uv": [2, 15, 1, 15.5], "texture": "#4"}
			}
		},
		{
			"from": [7, 3.70711, 3.80761],
			"to": [9, 4.70711, 4.80761],
			"rotation": {"angle": 45, "axis": "x", "origin": [8, 1, 7]},
			"faces": {
				"north": {"uv": [2, 15, 3, 15.5], "texture": "#4"},
				"east": {"uv": [0.5, 15.5, 1, 16], "texture": "#4"},
				"south": {"uv": [3, 15, 4, 15.5], "texture": "#4"},
				"west": {"uv": [15.5, 0.5, 16, 1], "texture": "#4"},
				"up": {"uv": [6, 15.5, 5, 15], "texture": "#4"},
				"down": {"uv": [16, 5, 15, 5.5], "texture": "#4"}
			}
		},
		{
			"from": [7, 8.70711, -2.19239],
			"to": [9, 11.70711, 0.80761],
			"rotation": {"angle": 45, "axis": "x", "origin": [8, 1, 7]},
			"faces": {
				"north": {"uv": [6, 13, 7, 14.5], "texture": "#4"},
				"east": {"uv": [11, 1.5, 12.5, 3], "texture": "#4"},
				"south": {"uv": [7, 13, 8, 14.5], "texture": "#4"},
				"west": {"uv": [11, 3, 12.5, 4.5], "texture": "#4"},
				"up": {"uv": [14, 9, 13, 7.5], "texture": "#4"},
				"down": {"uv": [14, 9, 13, 10.5], "texture": "#4"}
			}
		},
		{
			"from": [7, 12.70711, -7.19239],
			"to": [9, 19.70711, -0.19239],
			"rotation": {"angle": 45, "axis": "x", "origin": [8, 1, 7]},
			"faces": {
				"north": {"uv": [0, 7, 1, 10.5], "texture": "#4"},
				"east": {"uv": [0, 0, 3.5, 3.5], "texture": "#4"},
				"south": {"uv": [7, 0, 8, 3.5], "texture": "#4"},
				"west": {"uv": [0, 3.5, 3.5, 7], "texture": "#4"},
				"up": {"uv": [2, 10.5, 1, 7], "texture": "#4"},
				"down": {"uv": [3, 7, 2, 10.5], "texture": "#4"}
			}
		},
		{
			"from": [7, 12.70711, 16.19239],
			"to": [9, 19.70711, 23.19239],
			"rotation": {"angle": -45, "axis": "x", "origin": [8, 1, 9]},
			"faces": {
				"north": {"uv": [3, 7, 4, 10.5], "texture": "#4"},
				"east": {"uv": [3.5, 0, 7, 3.5], "texture": "#4"},
				"south": {"uv": [7, 3.5, 8, 7], "texture": "#4"},
				"west": {"uv": [3.5, 3.5, 7, 7], "texture": "#4"},
				"up": {"uv": [5, 10.5, 4, 7], "texture": "#4"},
				"down": {"uv": [6, 7, 5, 10.5], "texture": "#4"}
			}
		},
		{
			"from": [8, 15, -3],
			"to": [8, 23, 5],
			"rotation": {"angle": 0, "axis": "x", "origin": [8, 24, 8]},
			"faces": {
				"north": {"uv": [0, 0, 0, 1], "texture": "#1"},
				"east": {"uv": [0, 1, 16, 16], "rotation": 90, "texture": "#1"},
				"south": {"uv": [0, 0, 0, 1], "rotation": 180, "texture": "#1"},
				"west": {"uv": [0, 1.56, 0.2, 1.52], "rotation": 270, "texture": "#1"},
				"up": {"uv": [0, 6, 0, 3], "rotation": 180, "texture": "#1"},
				"down": {"uv": [0, 6, 0, 3], "texture": "#1"}
			}
		},
		{
			"from": [8, 15, -3],
			"to": [8, 23, 5],
			"rotation": {"angle": 0, "axis": "x", "origin": [8, 24, 8]},
			"faces": {
				"north": {"uv": [0, 0, 0, 1], "texture": "#1"},
				"east": {"uv": [0, 1.52, 0.2, 1.56], "rotation": 270, "texture": "#1"},
				"south": {"uv": [0, 0, 0, 1], "rotation": 180, "texture": "#1"},
				"west": {"uv": [0, 16, 16, 1], "rotation": 90, "texture": "#1"},
				"up": {"uv": [0, 6, 0, 3], "rotation": 180, "texture": "#1"},
				"down": {"uv": [0, 6, 0, 3], "texture": "#1"}
			}
		},
		{
			"from": [8, 16, 1],
			"to": [8, 22, 7],
			"rotation": {"angle": 45, "axis": "x", "origin": [8, 24, 8]},
			"faces": {
				"north": {"uv": [0, 0, 0, 1], "texture": "#1"},
				"east": {"uv": [0, 1.52, 0.2, 1.56], "rotation": 270, "texture": "#1"},
				"south": {"uv": [0, 0, 0, 1], "rotation": 180, "texture": "#1"},
				"west": {"uv": [0, 16, 16, 1], "rotation": 90, "texture": "#1"},
				"up": {"uv": [0, 6, 0, 3], "rotation": 180, "texture": "#1"},
				"down": {"uv": [0, 6, 0, 3], "texture": "#1"}
			}
		},
		{
			"from": [8, -6.90812, 6.09188],
			"to": [8, -2.90812, 10.09188],
			"rotation": {"angle": 0, "axis": "x", "origin": [8, -3, 8]},
			"faces": {
				"north": {"uv": [0, 6, 0, 3], "texture": "#1"},
				"east": {"uv": [0, 1.52, 0.2, 1.56], "texture": "#1"},
				"south": {"uv": [0, 6, 0, 3], "texture": "#1"},
				"west": {"uv": [0, 16, 16, 1], "texture": "#1"},
				"up": {"uv": [0, 0, 0, 1], "rotation": 180, "texture": "#1"},
				"down": {"uv": [0, 0, 0, 1], "rotation": 180, "texture": "#1"}
			}
		},
		{
			"from": [8, -6.90812, 6.09188],
			"to": [8, -2.90812, 10.09188],
			"rotation": {"angle": 0, "axis": "x", "origin": [8, -3, 8]},
			"faces": {
				"north": {"uv": [0, 6, 0, 3], "texture": "#1"},
				"east": {"uv": [16, 16, 0, 1], "texture": "#1"},
				"south": {"uv": [0, 6, 0, 3], "texture": "#1"},
				"west": {"uv": [0.2, 1.52, 0, 1.56], "texture": "#1"},
				"up": {"uv": [0, 0, 0, 1], "rotation": 180, "texture": "#1"},
				"down": {"uv": [0, 0, 0, 1], "rotation": 180, "texture": "#1"}
			}
		},
		{
			"from": [8, 16, 1],
			"to": [8, 22, 7],
			"rotation": {"angle": 45, "axis": "x", "origin": [8, 24, 8]},
			"faces": {
				"north": {"uv": [0, 0, 0, 1], "texture": "#1"},
				"east": {"uv": [0, 1, 16, 16], "rotation": 90, "texture": "#1"},
				"south": {"uv": [0, 0, 0, 1], "rotation": 180, "texture": "#1"},
				"west": {"uv": [0, 1.56, 0.2, 1.52], "rotation": 270, "texture": "#1"},
				"up": {"uv": [0, 6, 0, 3], "rotation": 180, "texture": "#1"},
				"down": {"uv": [0, 6, 0, 3], "texture": "#1"}
			}
		},
		{
			"from": [8, 19, -6],
			"to": [8, 25, 0],
			"rotation": {"angle": -45, "axis": "x", "origin": [8, 24, 8]},
			"faces": {
				"north": {"uv": [0, 0, 0, 1], "texture": "#1"},
				"east": {"uv": [0, 1.52, 0.2, 1.56], "rotation": 270, "texture": "#1"},
				"south": {"uv": [0, 0, 0, 1], "rotation": 180, "texture": "#1"},
				"west": {"uv": [0, 16, 16, 1], "rotation": 90, "texture": "#1"},
				"up": {"uv": [0, 6, 0, 3], "rotation": 180, "texture": "#1"},
				"down": {"uv": [0, 6, 0, 3], "texture": "#1"}
			}
		},
		{
			"from": [8, 19, -6],
			"to": [8, 25, 0],
			"rotation": {"angle": -45, "axis": "x", "origin": [8, 24, 8]},
			"faces": {
				"north": {"uv": [0, 0, 0, 1], "texture": "#1"},
				"east": {"uv": [0, 1, 16, 16], "rotation": 90, "texture": "#1"},
				"south": {"uv": [0, 0, 0, 1], "rotation": 180, "texture": "#1"},
				"west": {"uv": [0, 1.56, 0.2, 1.52], "rotation": 270, "texture": "#1"},
				"up": {"uv": [0, 6, 0, 3], "rotation": 180, "texture": "#1"},
				"down": {"uv": [0, 6, 0, 3], "texture": "#1"}
			}
		}
	],
	"display": {
		"thirdperson_righthand": {
			"rotation": [-173.34, -0.64, 179.56],
			"translation": [0, -3.5, 0.25]
		},
		"thirdperson_lefthand": {
			"rotation": [178.98, -0.48, 179.84],
			"translation": [0, -3, 0.25]
		},
		"firstperson_righthand": {
			"rotation": [160.43, -10.05, 178.64],
			"translation": [0, -0.75, 0]
		},
		"firstperson_lefthand": {
			"rotation": [163.45, -11.15, -175.47],
			"translation": [-2, -1, 0.25]
		},
		"ground": {
			"rotation": [25.79, 1.73, 7.55],
			"translation": [0, 5.5, 0]
		},
		"gui": {
			"rotation": [66.34, 48.86, -82.88],
			"translation": [-1.75, -2, 0],
			"scale": [0.8, 0.8, 0.8]
		},
		"head": {
			"rotation": [93.17, 55.66, 87.38],
			"translation": [4.75, -10.25, 4.75],
			"scale": [1.5, 1.5, 1.5]
		},
		"fixed": {
			"rotation": [88.37, -40.48, 88.92],
			"translation": [1.5, -2, -0.5]
		}
	},
	"groups": [
		{
			"name": "group",
			"origin": [8, 8, 8],
			"color": 0,
			"nbt": "{}",
			"children": [0, 1, 2, 3, 4, 5, 6, 7, 8, 9, 10, 11, 12, 13, 14, 15, 16, 17, 18, 19, 20, 21, 22, 23, 24]
		},
		{
			"name": "group",
			"origin": [8, 6, 7],
			"color": 0,
			"nbt": "{}",
			"children": [25, 26, 27, 28, 29, 30, 31, 32]
		}
	]
}