{
	"credit": "Made with Blockbench",
	"texture_size": [32, 32],
	"textures": {
		"2": "jeracraft:survival/weapons/wrath-animation",
		"3": "jeracraft:survival/weapons/wrath"
	},
	"elements": [
		{
			"from": [7, 5, 8],
			"to": [9, 8, 9],
			"rotation": {"angle": 0, "axis": "y", "origin": [8, 3, 8]},
			"faces": {
				"north": {"uv": [5, 0, 6, 1.5], "texture": "#3"},
				"east": {"uv": [6.5, 0, 7, 1.5], "texture": "#3"},
				"south": {"uv": [5, 1.5, 6, 3], "texture": "#3"},
				"west": {"uv": [6.5, 1.5, 7, 3], "texture": "#3"},
				"up": {"uv": [8.5, 0.5, 7.5, 0], "texture": "#3"},
				"down": {"uv": [8.5, 0.5, 7.5, 1], "texture": "#3"}
			}
		},
		{
			"from": [7, 10, 8],
			"to": [9, 16, 9],
			"rotation": {"angle": 0, "axis": "y", "origin": [8, 3, 8]},
			"faces": {
				"north": {"uv": [4, 0, 5, 3], "texture": "#3"},
				"east": {"uv": [5, 3, 5.5, 6], "texture": "#3"},
				"south": {"uv": [4, 3, 5, 6], "texture": "#3"},
				"west": {"uv": [5.5, 3, 6, 6], "texture": "#3"},
				"up": {"uv": [8.5, 1.5, 7.5, 1], "texture": "#3"},
				"down": {"uv": [8.5, 1.5, 7.5, 2], "texture": "#3"}
			}
		},
		{
			"from": [7, 4, 7],
			"to": [9, 5, 8],
			"rotation": {"angle": 45, "axis": "x", "origin": [8, 3, 8]},
			"faces": {
				"north": {"uv": [7.5, 2, 8.5, 2.5], "texture": "#3"},
				"east": {"uv": [3.5, 8.5, 4, 9], "texture": "#3"},
				"south": {"uv": [7.5, 2.5, 8.5, 3], "texture": "#3"},
				"west": {"uv": [8.5, 7.5, 9, 8], "texture": "#3"},
				"up": {"uv": [8.5, 3.5, 7.5, 3], "texture": "#3"},
				"down": {"uv": [8.5, 3.5, 7.5, 4], "texture": "#3"}
			}
		},
		{
			"from": [6, 7, 8],
			"to": [7, 9, 9],
			"rotation": {"angle": -22.5, "axis": "z", "origin": [8, 3, 8]},
			"faces": {
				"north": {"uv": [7.5, 6, 8, 7], "texture": "#3"},
				"east": {"uv": [6.5, 7.5, 7, 8.5], "texture": "#3"},
				"south": {"uv": [7, 7.5, 7.5, 8.5], "texture": "#3"},
				"west": {"uv": [7.5, 7, 8, 8], "texture": "#3"},
				"up": {"uv": [9.5, 0.5, 9, 0], "texture": "#3"},
				"down": {"uv": [9.5, 0.5, 9, 1], "texture": "#3"}
			}
		},
		{
			"from": [2, 14, 8],
			"to": [3, 16, 9],
			"rotation": {"angle": -22.5, "axis": "z", "origin": [8, 3, 8]},
			"faces": {
				"north": {"uv": [4, 8, 4.5, 9], "texture": "#3"},
				"east": {"uv": [4.5, 8, 5, 9], "texture": "#3"},
				"south": {"uv": [5, 8, 5.5, 9], "texture": "#3"},
				"west": {"uv": [5.5, 8, 6, 9], "texture": "#3"},
				"up": {"uv": [9.5, 1.5, 9, 1], "texture": "#3"},
				"down": {"uv": [9.5, 1.5, 9, 2], "texture": "#3"}
			}
		},
		{
			"from": [13, 14, 8],
			"to": [14, 16, 9],
			"rotation": {"angle": 22.5, "axis": "z", "origin": [8, 3, 8]},
			"faces": {
				"north": {"uv": [6, 8, 6.5, 9], "texture": "#3"},
				"east": {"uv": [8, 6, 8.5, 7], "texture": "#3"},
				"south": {"uv": [8, 7, 8.5, 8], "texture": "#3"},
				"west": {"uv": [7.5, 8, 8, 9], "texture": "#3"},
				"up": {"uv": [9.5, 2.5, 9, 2], "texture": "#3"},
				"down": {"uv": [9.5, 2.5, 9, 3], "texture": "#3"}
			}
		},
		{
			"from": [8.44834, 8.69136, 8],
			"to": [9.44834, 10.69136, 9],
			"rotation": {"angle": 22.5, "axis": "z", "origin": [10, 9, 8]},
			"faces": {
				"north": {"uv": [8, 8, 8.5, 9], "texture": "#3"},
				"east": {"uv": [0, 8.5, 0.5, 9.5], "texture": "#3"},
				"south": {"uv": [8.5, 0, 9, 1], "texture": "#3"},
				"west": {"uv": [0.5, 8.5, 1, 9.5], "texture": "#3"},
				"up": {"uv": [9.5, 3.5, 9, 3], "texture": "#3"},
				"down": {"uv": [4, 9, 3.5, 9.5], "texture": "#3"}
			}
		},
		{
			"from": [11.44834, 15.69136, 8],
			"to": [12.44834, 18.69136, 9],
			"rotation": {"angle": 22.5, "axis": "z", "origin": [10, 9, 8]},
			"faces": {
				"north": {"uv": [6.5, 3, 7, 4.5], "texture": "#3"},
				"east": {"uv": [6.5, 4.5, 7, 6], "texture": "#3"},
				"south": {"uv": [6.5, 6, 7, 7.5], "texture": "#3"},
				"west": {"uv": [0, 7, 0.5, 8.5], "texture": "#3"},
				"up": {"uv": [9.5, 4, 9, 3.5], "texture": "#3"},
				"down": {"uv": [4.5, 9, 4, 9.5], "texture": "#3"}
			}
		},
		{
			"from": [3.55166, 15.69136, 8],
			"to": [4.55166, 18.69136, 9],
			"rotation": {"angle": -22.5, "axis": "z", "origin": [6, 9, 8]},
			"faces": {
				"north": {"uv": [7, 0, 7.5, 1.5], "texture": "#3"},
				"east": {"uv": [0.5, 7, 1, 8.5], "texture": "#3"},
				"south": {"uv": [1, 7, 1.5, 8.5], "texture": "#3"},
				"west": {"uv": [1.5, 7, 2, 8.5], "texture": "#3"},
				"up": {"uv": [5, 9.5, 4.5, 9], "texture": "#3"},
				"down": {"uv": [5.5, 9, 5, 9.5], "texture": "#3"}
			}
		},
		{
			"from": [6.62029, 18.2057, 8],
			"to": [7.62029, 19.2057, 9],
			"rotation": {"angle": -22.5, "axis": "z", "origin": [8, 17, 8]},
			"faces": {
				"north": {"uv": [5.5, 9, 6, 9.5], "texture": "#3"},
				"east": {"uv": [6, 9, 6.5, 9.5], "texture": "#3"},
				"south": {"uv": [6.5, 9, 7, 9.5], "texture": "#3"},
				"west": {"uv": [7, 9, 7.5, 9.5], "texture": "#3"},
				"up": {"uv": [8, 9.5, 7.5, 9], "texture": "#3"},
				"down": {"uv": [9.5, 7.5, 9, 8], "texture": "#3"}
			}
		},
		{
			"from": [5.62029, 18.2057, 8],
			"to": [6.62029, 19.2057, 9],
			"rotation": {"angle": -45, "axis": "z", "origin": [8, 17, 8]},
			"faces": {
				"north": {"uv": [8, 9, 8.5, 9.5], "texture": "#3"},
				"east": {"uv": [9, 8, 9.5, 8.5], "texture": "#3"},
				"south": {"uv": [8.5, 9, 9, 9.5], "texture": "#3"},
				"west": {"uv": [9, 8.5, 9.5, 9], "texture": "#3"},
				"up": {"uv": [9.5, 9.5, 9, 9], "texture": "#3"},
				"down": {"uv": [0.5, 9.5, 0, 10], "texture": "#3"}
			}
		},
		{
			"from": [9.37971, 18.2057, 8],
			"to": [10.37971, 19.2057, 9],
			"rotation": {"angle": 45, "axis": "z", "origin": [8, 17, 8]},
			"faces": {
				"north": {"uv": [9.5, 0, 10, 0.5], "texture": "#3"},
				"east": {"uv": [0.5, 9.5, 1, 10], "texture": "#3"},
				"south": {"uv": [9.5, 0.5, 10, 1], "texture": "#3"},
				"west": {"uv": [1, 9.5, 1.5, 10], "texture": "#3"},
				"up": {"uv": [10, 1.5, 9.5, 1], "texture": "#3"},
				"down": {"uv": [2, 9.5, 1.5, 10], "texture": "#3"}
			}
		},
		{
			"from": [8.37971, 18.2057, 8],
			"to": [9.37971, 19.2057, 9],
			"rotation": {"angle": 22.5, "axis": "z", "origin": [8, 17, 8]},
			"faces": {
				"north": {"uv": [9.5, 1.5, 10, 2], "texture": "#3"},
				"east": {"uv": [2, 9.5, 2.5, 10], "texture": "#3"},
				"south": {"uv": [9.5, 2, 10, 2.5], "texture": "#3"},
				"west": {"uv": [2.5, 9.5, 3, 10], "texture": "#3"},
				"up": {"uv": [10, 3, 9.5, 2.5], "texture": "#3"},
				"down": {"uv": [3.5, 9.5, 3, 10], "texture": "#3"}
			}
		},
		{
			"from": [6.55166, 8.69136, 8],
			"to": [7.55166, 10.69136, 9],
			"rotation": {"angle": -22.5, "axis": "z", "origin": [6, 9, 8]},
			"faces": {
				"north": {"uv": [1, 8.5, 1.5, 9.5], "texture": "#3"},
				"east": {"uv": [8.5, 1, 9, 2], "texture": "#3"},
				"south": {"uv": [1.5, 8.5, 2, 9.5], "texture": "#3"},
				"west": {"uv": [2, 8.5, 2.5, 9.5], "texture": "#3"},
				"up": {"uv": [10, 3.5, 9.5, 3], "texture": "#3"},
				"down": {"uv": [4, 9.5, 3.5, 10], "texture": "#3"}
			}
		},
		{
			"from": [9, 7, 8],
			"to": [10, 9, 9],
			"rotation": {"angle": 22.5, "axis": "z", "origin": [8, 3, 8]},
			"faces": {
				"north": {"uv": [8.5, 2, 9, 3], "texture": "#3"},
				"east": {"uv": [2.5, 8.5, 3, 9.5], "texture": "#3"},
				"south": {"uv": [3, 8.5, 3.5, 9.5], "texture": "#3"},
				"west": {"uv": [8.5, 3, 9, 4], "texture": "#3"},
				"up": {"uv": [10, 4, 9.5, 3.5], "texture": "#3"},
				"down": {"uv": [4.5, 9.5, 4, 10], "texture": "#3"}
			}
		},
		{
			"from": [7, 4, 9],
			"to": [9, 5, 10],
			"rotation": {"angle": -45, "axis": "x", "origin": [8, 3, 9]},
			"faces": {
				"north": {"uv": [8.5, 4, 9.5, 4.5], "texture": "#3"},
				"east": {"uv": [9.5, 4, 10, 4.5], "texture": "#3"},
				"south": {"uv": [8.5, 4.5, 9.5, 5], "texture": "#3"},
				"west": {"uv": [4.5, 9.5, 5, 10], "texture": "#3"},
				"up": {"uv": [9.5, 5.5, 8.5, 5], "texture": "#3"},
				"down": {"uv": [9.5, 5.5, 8.5, 6], "texture": "#3"}
			}
		},
		{
			"from": [7, 4, 8],
			"to": [8, 5, 9],
			"rotation": {"angle": 0, "axis": "y", "origin": [8, 3, 9]},
			"faces": {
				"north": {"uv": [9.5, 5, 10, 5.5], "texture": "#3"},
				"east": {"uv": [5.5, 9.5, 6, 10], "texture": "#3"},
				"south": {"uv": [9.5, 5.5, 10, 6], "texture": "#3"},
				"west": {"uv": [6, 9.5, 6.5, 10], "texture": "#3"},
				"up": {"uv": [10, 6.5, 9.5, 6], "texture": "#3"},
				"down": {"uv": [7, 9.5, 6.5, 10], "texture": "#3"}
			}
		},
		{
			"from": [6, 4, 8],
			"to": [9, 5, 9],
			"rotation": {"angle": 0, "axis": "y", "origin": [8, 3, 9]},
			"faces": {
				"north": {"uv": [7, 1.5, 7.5, 3], "rotation": 90, "texture": "#3"},
				"east": {"uv": [7.5, 9.5, 7, 10], "rotation": 270, "texture": "#3"},
				"south": {"uv": [2.5, 7, 3, 8.5], "rotation": 270, "texture": "#3"},
				"west": {"uv": [10, 7, 9.5, 6.5], "rotation": 270, "texture": "#3"},
				"up": {"uv": [2, 7, 2.5, 8.5], "rotation": 270, "texture": "#3"},
				"down": {"uv": [3, 7, 3.5, 8.5], "rotation": 270, "texture": "#3"}
			}
		},
		{
			"from": [7, 5, 8],
			"to": [8, 6, 9],
			"rotation": {"angle": 45, "axis": "z", "origin": [8, 3, 9]},
			"faces": {
				"north": {"uv": [9.5, 7, 10, 7.5], "texture": "#3"},
				"east": {"uv": [7.5, 9.5, 8, 10], "texture": "#3"},
				"south": {"uv": [9.5, 7.5, 10, 8], "texture": "#3"},
				"west": {"uv": [8, 9.5, 8.5, 10], "texture": "#3"},
				"up": {"uv": [10, 8.5, 9.5, 8], "texture": "#3"},
				"down": {"uv": [9, 9.5, 8.5, 10], "texture": "#3"}
			}
		},
		{
			"from": [7, 4, 8],
			"to": [8, 5, 9],
			"rotation": {"angle": 22.5, "axis": "z", "origin": [8, 3, 9]},
			"faces": {
				"north": {"uv": [9.5, 7, 10, 7.5], "texture": "#3"},
				"east": {"uv": [7.5, 9.5, 8, 10], "texture": "#3"},
				"south": {"uv": [9.5, 7.5, 10, 8], "texture": "#3"},
				"west": {"uv": [8, 9.5, 8.5, 10], "texture": "#3"},
				"up": {"uv": [10, 8.5, 9.5, 8], "texture": "#3"},
				"down": {"uv": [9, 9.5, 8.5, 10], "texture": "#3"}
			}
		},
		{
			"from": [9, 0, 8],
			"to": [10, 1, 9],
			"rotation": {"angle": -22.5, "axis": "z", "origin": [8, 3, 9]},
			"faces": {
				"north": {"uv": [9.5, 7, 10, 7.5], "texture": "#3"},
				"east": {"uv": [7.5, 9.5, 8, 10], "texture": "#3"},
				"south": {"uv": [9.5, 7.5, 10, 8], "texture": "#3"},
				"west": {"uv": [8, 9.5, 8.5, 10], "texture": "#3"},
				"up": {"uv": [10, 8.5, 9.5, 8], "texture": "#3"},
				"down": {"uv": [9, 9.5, 8.5, 10], "texture": "#3"}
			}
		},
		{
			"from": [10, 2, 8],
			"to": [11, 3, 9],
			"rotation": {"angle": 45, "axis": "z", "origin": [8, 3, 9]},
			"faces": {
				"north": {"uv": [3.5, 10, 4, 10.5], "rotation": 270, "texture": "#3"},
				"east": {"uv": [5, 10.5, 4.5, 10], "rotation": 90, "texture": "#3"},
				"south": {"uv": [4, 10, 4.5, 10.5], "rotation": 90, "texture": "#3"},
				"west": {"uv": [10.5, 4.5, 10, 5], "rotation": 90, "texture": "#3"},
				"up": {"uv": [10, 4, 10.5, 4.5], "rotation": 90, "texture": "#3"},
				"down": {"uv": [10, 3.5, 10.5, 4], "rotation": 90, "texture": "#3"}
			}
		},
		{
			"from": [5, 0, 8],
			"to": [6, 1, 9],
			"rotation": {"angle": 45, "axis": "z", "origin": [8, 3, 9]},
			"faces": {
				"north": {"uv": [3.5, 10, 4, 10.5], "rotation": 270, "texture": "#3"},
				"east": {"uv": [5, 10.5, 4.5, 10], "rotation": 90, "texture": "#3"},
				"south": {"uv": [4, 10, 4.5, 10.5], "rotation": 90, "texture": "#3"},
				"west": {"uv": [10.5, 4.5, 10, 5], "rotation": 90, "texture": "#3"},
				"up": {"uv": [10, 4, 10.5, 4.5], "rotation": 90, "texture": "#3"},
				"down": {"uv": [10, 3.5, 10.5, 4], "rotation": 90, "texture": "#3"}
			}
		},
		{
			"from": [6, 0, 8],
			"to": [7, 1, 9],
			"rotation": {"angle": 22.5, "axis": "z", "origin": [8, 3, 9]},
			"faces": {
				"north": {"uv": [3.5, 10, 4, 10.5], "texture": "#3"},
				"east": {"uv": [10, 3.5, 10.5, 4], "texture": "#3"},
				"south": {"uv": [4, 10, 4.5, 10.5], "texture": "#3"},
				"west": {"uv": [10, 4, 10.5, 4.5], "texture": "#3"},
				"up": {"uv": [5, 10.5, 4.5, 10], "texture": "#3"},
				"down": {"uv": [10.5, 4.5, 10, 5], "texture": "#3"}
			}
		},
		{
			"from": [8, 4, 8],
			"to": [9, 5, 9],
			"rotation": {"angle": -22.5, "axis": "z", "origin": [8, 3, 9]},
			"faces": {
				"north": {"uv": [3.5, 10, 4, 10.5], "texture": "#3"},
				"east": {"uv": [10, 3.5, 10.5, 4], "texture": "#3"},
				"south": {"uv": [4, 10, 4.5, 10.5], "texture": "#3"},
				"west": {"uv": [10, 4, 10.5, 4.5], "texture": "#3"},
				"up": {"uv": [5, 10.5, 4.5, 10], "texture": "#3"},
				"down": {"uv": [10.5, 4.5, 10, 5], "texture": "#3"}
			}
		},
		{
			"from": [7, 4, 8],
			"to": [10, 5, 9],
			"rotation": {"angle": 0, "axis": "y", "origin": [8, 3, 9]},
			"faces": {
				"north": {"uv": [7, 3, 7.5, 4.5], "rotation": 90, "texture": "#3"},
				"east": {"uv": [10.5, 6.5, 10, 7], "rotation": 270, "texture": "#3"},
				"south": {"uv": [7, 4.5, 7.5, 6], "rotation": 270, "texture": "#3"},
				"west": {"uv": [7, 10.5, 6.5, 10], "rotation": 270, "texture": "#3"},
				"up": {"uv": [3.5, 7, 4, 8.5], "rotation": 270, "texture": "#3"},
				"down": {"uv": [7, 6, 7.5, 7.5], "rotation": 270, "texture": "#3"}
			}
		},
		{
			"from": [8, 0, 8],
			"to": [9, 4, 9],
			"rotation": {"angle": 45, "axis": "y", "origin": [8, 3, 9]},
			"faces": {
				"north": {"uv": [6, 0, 6.5, 2], "texture": "#3"},
				"east": {"uv": [6, 2, 6.5, 4], "texture": "#3"},
				"south": {"uv": [4, 6, 4.5, 8], "texture": "#3"},
				"west": {"uv": [6, 4, 6.5, 6], "texture": "#3"},
				"up": {"uv": [7.5, 10.5, 7, 10], "texture": "#3"},
				"down": {"uv": [10.5, 7, 10, 7.5], "texture": "#3"}
			}
		},
		{
			"from": [8, 0, 8],
			"to": [9, 4, 9],
			"rotation": {"angle": -45, "axis": "y", "origin": [8, 3, 8]},
			"faces": {
				"north": {"uv": [4.5, 6, 5, 8], "texture": "#3"},
				"east": {"uv": [5, 6, 5.5, 8], "texture": "#3"},
				"south": {"uv": [5.5, 6, 6, 8], "texture": "#3"},
				"west": {"uv": [6, 6, 6.5, 8], "texture": "#3"},
				"up": {"uv": [8, 10.5, 7.5, 10], "texture": "#3"},
				"down": {"uv": [10.5, 7.5, 10, 8], "texture": "#3"}
			}
		},
		{
			"from": [7, 4, 8],
			"to": [8, 18, 9],
			"rotation": {"angle": 45, "axis": "y", "origin": [8, 3, 8]},
			"faces": {
				"north": {"uv": [0, 0, 0.5, 7], "texture": "#3"},
				"east": {"uv": [0.5, 0, 1, 7], "texture": "#3"},
				"south": {"uv": [1, 0, 1.5, 7], "texture": "#3"},
				"west": {"uv": [1.5, 0, 2, 7], "texture": "#3"},
				"up": {"uv": [8.5, 10.5, 8, 10], "texture": "#3"},
				"down": {"uv": [10.5, 8, 10, 8.5], "texture": "#3"}
			}
		},
		{
			"from": [8, 4, 8],
			"to": [9, 18, 9],
			"rotation": {"angle": 45, "axis": "y", "origin": [8, 3, 9]},
			"faces": {
				"north": {"uv": [2, 0, 2.5, 7], "texture": "#3"},
				"east": {"uv": [2.5, 0, 3, 7], "texture": "#3"},
				"south": {"uv": [3, 0, 3.5, 7], "texture": "#3"},
				"west": {"uv": [3.5, 0, 4, 7], "texture": "#3"},
				"up": {"uv": [9, 10.5, 8.5, 10], "texture": "#3"},
				"down": {"uv": [10.5, 8.5, 10, 9], "texture": "#3"}
			}
		},
		{
			"from": [5, 9, 6],
			"to": [11, 9, 11],
			"rotation": {"angle": -45, "axis": "z", "origin": [8, 9, 8]},
			"faces": {
				"north": {"uv": [0, 0, 16, 0], "rotation": 180, "texture": "#2"},
				"east": {"uv": [0, 0, 0, 16], "rotation": 90, "texture": "#2"},
				"south": {"uv": [0, 0, 16, 0], "texture": "#2"},
				"west": {"uv": [0, 0, 0, 16], "rotation": 270, "texture": "#2"},
				"up": {"uv": [0, 0, 16, 16], "texture": "#2"},
				"down": {"uv": [0, 0, 16, 16], "rotation": 180, "texture": "#2"}
			}
		},
		{
			"from": [5, 9, 6],
			"to": [11, 9, 11],
			"rotation": {"angle": 45, "axis": "z", "origin": [8, 9, 8]},
			"faces": {
				"north": {"uv": [16, 0, 0, 0], "rotation": 180, "texture": "#2"},
				"east": {"uv": [0, 16, 0, 0], "rotation": 270, "texture": "#2"},
				"south": {"uv": [16, 0, 0, 0], "texture": "#2"},
				"west": {"uv": [0, 16, 0, 0], "rotation": 90, "texture": "#2"},
				"up": {"uv": [16, 0, 0, 16], "texture": "#2"},
				"down": {"uv": [16, 0, 0, 16], "rotation": 180, "texture": "#2"}
			}
		}
	],
	"display": {
		"thirdperson_righthand": {
			"rotation": [-64.39, 83.81, 70.1],
			"translation": [-1.25, 6.75, 1],
			"scale": [1.5, 1.5, 1.5]
		},
		"thirdperson_lefthand": {
			"rotation": [69.68, 1.77, -142],
			"translation": [-6.25, -5.25, 8.75],
			"scale": [1.5, 1.5, 1.5]
		},
		"firstperson_righthand": {
			"rotation": [159.5, 77, -180],
			"translation": [2.25, 5, -3.5],
			"scale": [1.5, 1.5, 1.5]
		},
		"firstperson_lefthand": {
			"rotation": [152, -79.25, 0],
			"translation": [1.75, -3, 2.75],
			"scale": [1.5, 1.5, 1.5]
		},
		"ground": {
			"rotation": [173.78, 61.08, 150.56],
			"translation": [0, 6.5, 0],
			"scale": [1.5, 1.5, 1.5]
		},
		"gui": {
			"rotation": [3, 15, -47],
			"translation": [-1, -1, 0],
			"scale": [1.2, 1.2, 1.2]
		},
		"head": {
			"rotation": [-0.78, 1.88, -143.75],
			"translation": [-3, -12, 3.25],
			"scale": [1.8, 1.8, 1.8]
		},
		"fixed": {
			"rotation": [0, 0, 45.25],
			"translation": [1, -1, -1.75],
			"scale": [1.5, 1.5, 1.5]
		}
	},
	"groups": [
		{
			"name": "group",
			"origin": [8, 8, 8],
			"color": 0,
			"nbt": "{}",
			"children": [0, 1, 2, 3, 4, 5, 6, 7, 8, 9, 10, 11, 12, 13, 14, 15, 16, 17, 18, 19, 20, 21, 22, 23, 24, 25, 26, 27, 28, 29]
		},
		{
			"name": "group",
			"origin": [8, 8, 8],
			"color": 0,
			"nbt": "{}",
			"children": [30, 31]
		}
	]
}