{
	"credit": "Made with Blockbench",
	"texture_size": [32, 32],
	"textures": {
		"0": "jeracraft:halloween/skulltx",
		"particle": "jeracraft:halloween/skulltx"
	},
	"elements": [
		{
			"from": [6, 5.7, 6.7],
			"to": [10, 6.7, 10.7],
			"faces": {
				"north": {"uv": [9, 5, 11, 5.5], "texture": "#0"},
				"east": {"uv": [9, 5.5, 11, 6], "texture": "#0"},
				"south": {"uv": [9, 6, 11, 6.5], "texture": "#0"},
				"west": {"uv": [9, 6.5, 11, 7], "texture": "#0"},
				"up": {"uv": [6.5, 7, 4.5, 5], "texture": "#0"},
				"down": {"uv": [8.5, 0, 6.5, 2], "texture": "#0"}
			}
		},
		{
			"from": [6.5, 0, 5.4],
			"to": [9.5, 1, 9.7],
			"faces": {
				"north": {"uv": [9, 7, 11, 7.5], "texture": "#0"},
				"east": {"uv": [9, 7.5, 11, 8], "texture": "#0"},
				"south": {"uv": [9, 8, 11, 8.5], "texture": "#0"},
				"west": {"uv": [9, 8.5, 11, 9], "texture": "#0"},
				"up": {"uv": [8.5, 6.5, 6.5, 4.5], "texture": "#0"},
				"down": {"uv": [8.5, 6.5, 6.5, 8.5], "texture": "#0"}
			}
		},
		{
			"from": [6, 4.7, 5.7],
			"to": [10, 5.7, 11.7],
			"faces": {
				"north": {"uv": [9, 9, 11, 9.5], "texture": "#0"},
				"east": {"uv": [7, 4, 10, 4.5], "texture": "#0"},
				"south": {"uv": [0, 9.5, 2, 10], "texture": "#0"},
				"west": {"uv": [8.5, 1, 11.5, 1.5], "texture": "#0"},
				"up": {"uv": [2, 3, 0, 0], "texture": "#0"},
				"down": {"uv": [4, 0, 2, 3], "texture": "#0"}
			}
		},
		{
			"from": [6, 1, 10.7],
			"to": [10, 4.7, 11.7],
			"faces": {
				"north": {"uv": [0, 7, 2, 9], "texture": "#0"},
				"east": {"uv": [3.5, 9, 4, 11], "texture": "#0"},
				"south": {"uv": [7, 2, 9, 4], "texture": "#0"},
				"west": {"uv": [4, 9, 4.5, 11], "texture": "#0"},
				"up": {"uv": [6.5, 10, 4.5, 9.5], "texture": "#0"},
				"down": {"uv": [10.5, 9.5, 8.5, 10], "texture": "#0"}
			}
		},
		{
			"from": [5, 2, 10.7],
			"to": [6, 4.7, 11.7],
			"faces": {
				"north": {"uv": [9, 11.5, 9.5, 13], "texture": "#0"},
				"east": {"uv": [9.5, 11.5, 10, 13], "texture": "#0"},
				"south": {"uv": [10, 11.5, 10.5, 13], "texture": "#0"},
				"west": {"uv": [10.5, 11.5, 11, 13], "texture": "#0"},
				"up": {"uv": [6.5, 5, 6, 4.5], "texture": "#0"},
				"down": {"uv": [2.5, 7, 2, 7.5], "texture": "#0"}
			}
		},
		{
			"from": [10, 2, 10.7],
			"to": [11, 4.7, 11.7],
			"faces": {
				"north": {"uv": [11.5, 10.5, 12, 12], "texture": "#0"},
				"east": {"uv": [4.5, 12, 5, 13.5], "texture": "#0"},
				"south": {"uv": [5, 12, 5.5, 13.5], "texture": "#0"},
				"west": {"uv": [5.5, 12, 6, 13.5], "texture": "#0"},
				"up": {"uv": [4.5, 8, 4, 7.5], "texture": "#0"},
				"down": {"uv": [4.5, 8, 4, 8.5], "texture": "#0"}
			}
		},
		{
			"from": [6, 0, 9.7],
			"to": [10, 1.7, 10.7],
			"faces": {
				"north": {"uv": [2, 7.5, 4, 8.5], "texture": "#0"},
				"east": {"uv": [4, 2, 4.5, 3], "texture": "#0"},
				"south": {"uv": [8.5, 0, 10.5, 1], "texture": "#0"},
				"west": {"uv": [4.5, 2, 5, 3], "texture": "#0"},
				"up": {"uv": [2, 10.5, 0, 10], "texture": "#0"},
				"down": {"uv": [12, 4, 10, 4.5], "texture": "#0"}
			}
		},
		{
			"from": [7, 3.7, 5.7],
			"to": [9, 4.7, 10.7],
			"faces": {
				"north": {"uv": [5, 4.5, 6, 5], "texture": "#0"},
				"east": {"uv": [8.5, 1.5, 11, 2], "texture": "#0"},
				"south": {"uv": [12, 4, 13, 4.5], "texture": "#0"},
				"west": {"uv": [2, 8.5, 4.5, 9], "texture": "#0"},
				"up": {"uv": [5.5, 9.5, 4.5, 7], "texture": "#0"},
				"down": {"uv": [6.5, 7, 5.5, 9.5], "texture": "#0"}
			}
		},
		{
			"from": [5, 1.7, 6.7],
			"to": [6, 5.7, 10.7],
			"faces": {
				"north": {"uv": [2, 9.5, 2.5, 11.5], "texture": "#0"},
				"east": {"uv": [0, 3, 2.5, 5], "texture": "#0"},
				"south": {"uv": [4.5, 10, 5, 12], "texture": "#0"},
				"west": {"uv": [2.5, 3, 5, 5], "texture": "#0"},
				"up": {"uv": [9, 7, 8.5, 4.5], "texture": "#0"},
				"down": {"uv": [7, 8.5, 6.5, 11], "texture": "#0"}
			}
		},
		{
			"from": [7, 2.7, 5.7],
			"to": [7.5, 3.7, 9.7],
			"faces": {
				"north": {"uv": [6, 12, 6.5, 12.5], "texture": "#0"},
				"east": {"uv": [8.5, 10, 10.5, 10.5], "texture": "#0"},
				"south": {"uv": [12, 6, 12.5, 6.5], "texture": "#0"},
				"west": {"uv": [0, 10.5, 2, 11], "texture": "#0"},
				"up": {"uv": [5.5, 12, 5, 10], "texture": "#0"},
				"down": {"uv": [6, 10, 5.5, 12], "texture": "#0"}
			}
		},
		{
			"from": [8.3, 3.2, 5.7],
			"to": [8.5, 3.7, 9.7],
			"faces": {
				"north": {"uv": [12, 6.5, 12.5, 7], "texture": "#0"},
				"east": {"uv": [10.5, 0, 12.5, 0.5], "texture": "#0"},
				"south": {"uv": [12, 7, 12.5, 7.5], "texture": "#0"},
				"west": {"uv": [10.5, 0.5, 12.5, 1], "texture": "#0"},
				"up": {"uv": [6.5, 12, 6, 10], "texture": "#0"},
				"down": {"uv": [9, 10.5, 8.5, 12.5], "texture": "#0"}
			}
		},
		{
			"from": [7.5, 3.2, 5.7],
			"to": [7.7, 3.7, 9.7],
			"faces": {
				"north": {"uv": [12, 7.5, 12.5, 8], "texture": "#0"},
				"east": {"uv": [9, 10.5, 11, 11], "texture": "#0"},
				"south": {"uv": [12, 10.5, 12.5, 11], "texture": "#0"},
				"west": {"uv": [10.5, 9.5, 12.5, 10], "texture": "#0"},
				"up": {"uv": [0.5, 13, 0, 11], "texture": "#0"},
				"down": {"uv": [1, 11, 0.5, 13], "texture": "#0"}
			}
		},
		{
			"from": [8.5, 2.7, 5.7],
			"to": [9, 3.7, 9.7],
			"faces": {
				"north": {"uv": [12, 11, 12.5, 11.5], "texture": "#0"},
				"east": {"uv": [10.5, 10, 12.5, 10.5], "texture": "#0"},
				"south": {"uv": [11.5, 12, 12, 12.5], "texture": "#0"},
				"west": {"uv": [11, 1.5, 13, 2], "texture": "#0"},
				"up": {"uv": [1.5, 13, 1, 11], "texture": "#0"},
				"down": {"uv": [2, 11, 1.5, 13], "texture": "#0"}
			}
		},
		{
			"from": [6.4, 1.2, 5.7],
			"to": [6.9, 1.7, 6.7],
			"faces": {
				"north": {"uv": [12, 11.5, 12.5, 12], "texture": "#0"},
				"east": {"uv": [12, 12, 12.5, 12.5], "texture": "#0"},
				"south": {"uv": [12.5, 0, 13, 0.5], "texture": "#0"},
				"west": {"uv": [12.5, 0.5, 13, 1], "texture": "#0"},
				"up": {"uv": [6.5, 13, 6, 12.5], "texture": "#0"},
				"down": {"uv": [13, 6, 12.5, 6.5], "texture": "#0"}
			}
		},
		{
			"from": [7.2, 1.2, 5.7],
			"to": [7.7, 1.7, 6.7],
			"faces": {
				"north": {"uv": [12.5, 6.5, 13, 7], "texture": "#0"},
				"east": {"uv": [12.5, 7, 13, 7.5], "texture": "#0"},
				"south": {"uv": [12.5, 7.5, 13, 8], "texture": "#0"},
				"west": {"uv": [8.5, 12.5, 9, 13], "texture": "#0"},
				"up": {"uv": [13, 10, 12.5, 9.5], "texture": "#0"},
				"down": {"uv": [13, 10, 12.5, 10.5], "texture": "#0"}
			}
		},
		{
			"from": [8, 1.2, 5.7],
			"to": [8.5, 1.7, 6.7],
			"faces": {
				"north": {"uv": [12.5, 10.5, 13, 11], "texture": "#0"},
				"east": {"uv": [11, 12.5, 11.5, 13], "texture": "#0"},
				"south": {"uv": [12.5, 11, 13, 11.5], "texture": "#0"},
				"west": {"uv": [11.5, 12.5, 12, 13], "texture": "#0"},
				"up": {"uv": [13, 12, 12.5, 11.5], "texture": "#0"},
				"down": {"uv": [12.5, 12.5, 12, 13], "texture": "#0"}
			}
		},
		{
			"from": [8.9, 1.2, 5.7],
			"to": [9.4, 1.7, 6.7],
			"faces": {
				"north": {"uv": [12.5, 12, 13, 12.5], "texture": "#0"},
				"east": {"uv": [12.5, 12.5, 13, 13], "texture": "#0"},
				"south": {"uv": [0, 13, 0.5, 13.5], "texture": "#0"},
				"west": {"uv": [13, 0, 13.5, 0.5], "texture": "#0"},
				"up": {"uv": [1, 13.5, 0.5, 13], "texture": "#0"},
				"down": {"uv": [13.5, 0.5, 13, 1], "texture": "#0"}
			}
		},
		{
			"from": [10, 1.7, 6.7],
			"to": [11, 5.7, 10.7],
			"faces": {
				"north": {"uv": [3.5, 11, 4, 13], "texture": "#0"},
				"east": {"uv": [4, 0, 6.5, 2], "texture": "#0"},
				"south": {"uv": [4, 11, 4.5, 13], "texture": "#0"},
				"west": {"uv": [0, 5, 2.5, 7], "texture": "#0"},
				"up": {"uv": [7.5, 11, 7, 8.5], "texture": "#0"},
				"down": {"uv": [9, 7, 8.5, 9.5], "texture": "#0"}
			}
		},
		{
			"from": [9.7, 1.2, 7.1],
			"to": [10.7, 1.7, 10.7],
			"faces": {
				"north": {"uv": [1, 13, 1.5, 13.5], "texture": "#0"},
				"east": {"uv": [11, 5, 13, 5.5], "texture": "#0"},
				"south": {"uv": [1.5, 13, 2, 13.5], "texture": "#0"},
				"west": {"uv": [11, 5.5, 13, 6], "texture": "#0"},
				"up": {"uv": [11.5, 8, 11, 6], "texture": "#0"},
				"down": {"uv": [7, 11, 6.5, 13], "texture": "#0"}
			}
		},
		{
			"from": [5.3, 1.2, 7.1],
			"to": [6.3, 1.7, 10.7],
			"faces": {
				"north": {"uv": [13, 1.5, 13.5, 2], "texture": "#0"},
				"east": {"uv": [11, 8, 13, 8.5], "texture": "#0"},
				"south": {"uv": [3.5, 13, 4, 13.5], "texture": "#0"},
				"west": {"uv": [11, 8.5, 13, 9], "texture": "#0"},
				"up": {"uv": [7.5, 13, 7, 11], "texture": "#0"},
				"down": {"uv": [8, 11, 7.5, 13], "texture": "#0"}
			}
		},
		{
			"from": [6, 2.7, 5.7],
			"to": [7, 3.2, 10.7],
			"faces": {
				"north": {"uv": [4, 13, 4.5, 13.5], "texture": "#0"},
				"east": {"uv": [0, 9, 2.5, 9.5], "texture": "#0"},
				"south": {"uv": [13, 4, 13.5, 4.5], "texture": "#0"},
				"west": {"uv": [9, 2, 11.5, 2.5], "texture": "#0"},
				"up": {"uv": [8, 11, 7.5, 8.5], "texture": "#0"},
				"down": {"uv": [8.5, 8.5, 8, 11], "texture": "#0"}
			}
		},
		{
			"from": [6, 3.2, 6.7],
			"to": [7, 4.7, 10.7],
			"faces": {
				"north": {"uv": [13, 5, 13.5, 5.5], "texture": "#0"},
				"east": {"uv": [9, 11, 11, 11.5], "texture": "#0"},
				"south": {"uv": [13, 5.5, 13.5, 6], "texture": "#0"},
				"west": {"uv": [11, 9, 13, 9.5], "texture": "#0"},
				"up": {"uv": [8.5, 13, 8, 11], "texture": "#0"},
				"down": {"uv": [11.5, 10.5, 11, 12.5], "texture": "#0"}
			}
		},
		{
			"from": [7.5, 2.5, 6.7],
			"to": [8.5, 4, 10.7],
			"faces": {
				"north": {"uv": [6, 13, 6.5, 13.5], "texture": "#0"},
				"east": {"uv": [11.5, 1, 13.5, 1.5], "texture": "#0"},
				"south": {"uv": [13, 6, 13.5, 6.5], "texture": "#0"},
				"west": {"uv": [11.5, 2, 13.5, 2.5], "texture": "#0"},
				"up": {"uv": [2.5, 13.5, 2, 11.5], "texture": "#0"},
				"down": {"uv": [3, 11.5, 2.5, 13.5], "texture": "#0"}
			}
		},
		{
			"from": [9, 3.2, 6.7],
			"to": [10, 4.7, 10.7],
			"faces": {
				"north": {"uv": [6.5, 13, 7, 13.5], "texture": "#0"},
				"east": {"uv": [11.5, 2.5, 13.5, 3], "texture": "#0"},
				"south": {"uv": [13, 6.5, 13.5, 7], "texture": "#0"},
				"west": {"uv": [11.5, 3, 13.5, 3.5], "texture": "#0"},
				"up": {"uv": [3.5, 13.5, 3, 11.5], "texture": "#0"},
				"down": {"uv": [12, 6, 11.5, 8], "texture": "#0"}
			}
		},
		{
			"from": [9, 2.7, 5.7],
			"to": [10, 3.2, 10.7],
			"faces": {
				"north": {"uv": [8, 13, 8.5, 13.5], "texture": "#0"},
				"east": {"uv": [9, 2.5, 11.5, 3], "texture": "#0"},
				"south": {"uv": [13, 8, 13.5, 8.5], "texture": "#0"},
				"west": {"uv": [9, 3, 11.5, 3.5], "texture": "#0"},
				"up": {"uv": [3, 11.5, 2.5, 9], "texture": "#0"},
				"down": {"uv": [3.5, 9, 3, 11.5], "texture": "#0"}
			}
		},
		{
			"from": [6, 1.7, 5.6],
			"to": [10, 2.7, 10.7],
			"faces": {
				"north": {"uv": [11.5, 3.5, 13.5, 4], "texture": "#0"},
				"east": {"uv": [9, 3.5, 11.5, 4], "texture": "#0"},
				"south": {"uv": [11.5, 4.5, 13.5, 5], "texture": "#0"},
				"west": {"uv": [9, 4.5, 11.5, 5], "texture": "#0"},
				"up": {"uv": [7, 4.5, 5, 2], "texture": "#0"},
				"down": {"uv": [4.5, 5, 2.5, 7.5], "texture": "#0"}
			}
		}
	],
	"display": {
		"thirdperson_righthand": {
			"rotation": [134.44, 12.23, -174.82],
			"translation": [0, 5, -4.25]
		},
		"thirdperson_lefthand": {
			"rotation": [134.44, 12.23, -174.82],
			"translation": [0, 4.75, -4.25]
		},
		"firstperson_righthand": {
			"rotation": [134.44, 12.23, -174.82],
			"translation": [0, 4.75, -4.25]
		},
		"firstperson_lefthand": {
			"rotation": [134.44, 12.23, -174.82],
			"translation": [0, 4.75, -4.25]
		},
		"ground": {
			"translation": [0, 6.75, 0]
		},
		"gui": {
			"rotation": [-180, 0.25, -180],
			"translation": [0, 9.5, 0],
			"scale": [2, 2, 2]
		},
		"head": {
			"rotation": [0.74, -0.34, -0.86],
			"translation": [0.5, 15.5, -2.75],
			"scale": [2.15, 2.15, 2.15]
		},
		"fixed": {
			"rotation": [-90, 0, 0],
			"translation": [-0.25, 1, -19.5],
			"scale": [2.56, 2.56, 2.56]
		}
	},
	"groups": [
		{
			"name": "group",
			"origin": [8, 8, 8],
			"color": 9,
			"nbt": "{}",
			"children": [0, 1, 2, 3, 4, 5, 6, 7, 8, 9, 10, 11, 12, 13, 14, 15, 16, 17, 18, 19, 20, 21, 22, 23, 24, 25]
		}
	]
}