{
	"credit": "Designed and created by the Jeracraft Network Texture and Model Development Team.",
	"parent": "minecraft:item/handheld",
	"textures": {
		"layer0": "minecraft:item/netherite_hoe"
	},
	
	"overrides":
	[
		{"predicate":{"custom_model_data":102},"model": "jeracraft:survival/weapons/rhaastweapon"},
		{"predicate":{"custom_model_data":1201},"model": "jeracraft:survival/halloween/damnedsickle"},
		{"predicate":{"custom_model_data":1400},"model": "jeracraft:survival/halloween/dreamcatcherscythe"}
	]
}