{
    "parent": "item/generated",
    "textures": {
        "layer0": "item/potion_overlay",
        "layer1": "item/potion"
    },

    "overrides": [
          {"predicate": {"custom_model_data":100}, "model": "jeracraft:survival/potions/armored_skin_extract"},
          {"predicate": {"custom_model_data":101}, "model": "jeracraft:survival/potions/true_potion_of_healing"},
          {"predicate": {"custom_model_data":102}, "model": "jeracraft:survival/potions/intoxicating_potion"},
          {"predicate": {"custom_model_data":103}, "model": "jeracraft:survival/potions/unstable_concoction"},
          {"predicate": {"custom_model_data":104}, "model": "jeracraft:survival/potions/heros_return"},
          {"predicate": {"custom_model_data":105}, "model": "jeracraft:survival/halloween/babayagasbrew"},
          {"predicate": {"custom_model_data":106}, "model": "jeracraft:survival/halloween/bubblesomethingidk"},
          {"predicate": {"custom_model_data":2330}, "model": "jeracraft:survival/christmas/vial_of_frozen_water"}
      ]
}
