{
	"halloween.lobby": {
		"sounds": [
			{
				"name": "jeracraft:halloween/lobby",
				"volume": 0.7,
				"stream": true
			}
		]
	},
	"halloween.crow": {
		"sounds": [
			{
				"name": "jeracraft:halloween/crow1",
				"volume": 0.3,
		        "weight": 3
			},
			{
		        "name":"jeracraft:halloween/crow2",
		        "volume": 0.3,
		        "weight": 1
		    }
		]
	},
	"halloween.boss.p1.intro": {
		"sounds": [
			{
				"name": "jeracraft:halloween/boss_phase1_intro",
				"volume": 0.7,
				"stream": true,
				"attenuation_distance": 1000
			}
		]
	},
	"halloween.boss.p2.intro": {
		"sounds": [
			{
				"name": "jeracraft:halloween/boss_phase2_intro",
				"volume": 0.7,
				"stream": true,
				"attenuation_distance": 1000
			}
		]
	},
	"halloween.boss.p3.intro": {
		"sounds": [
			{
				"name": "jeracraft:halloween/boss_phase3_intro",
				"volume": 0.7,
				"stream": true,
				"attenuation_distance": 1000
			}
		]
	},
	"halloween.boss.p1.loop": {
		"sounds": [
			{
				"name": "jeracraft:halloween/boss_phase1_2_loop",
				"volume": 0.7,
				"stream": true,
				"attenuation_distance": 1000
			}
		]
	},
	"halloween.boss.p2.loop": {
		"sounds": [
			{
				"name": "jeracraft:halloween/boss_phase1_2_loop",
				"volume": 0.7,
				"stream": true,
				"attenuation_distance": 1000
			}
		]
	},
	"halloween.boss.p3.loop": {
		"sounds": [
			{
				"name": "jeracraft:halloween/boss_phase3_loop",
				"volume": 0.7,
				"stream": true,
				"attenuation_distance": 1000
			}
		]
	},
	"halloween.boss.ending": {
		"sounds": [
			{
				"name": "jeracraft:halloween/boss_ending",
				"volume": 0.7,
				"stream": true,
				"attenuation_distance": 1000
			}
		]
	},
	"halloween.boss.phrase.1": {
		"sounds": [
			{
				"name": "jeracraft:halloween/boss_during1",
				"volume": 0.7,
				"attenuation_distance": 1000
			}
		]
	},
	"halloween.boss.phrase.2": {
		"sounds": [
			{
				"name": "jeracraft:halloween/boss_during2",
				"volume": 0.7
			}
		]
	},
	"halloween.boss.phrase.3": {
		"sounds": [
			{
				"name": "jeracraft:halloween/boss_during3",
				"volume": 0.7,
				"attenuation_distance": 1000
			}
		]
	},
	"halloween.boss.secret_ending": {
		"sounds": [
			{
				"name": "jeracraft:halloween/boss_after_event",
				"volume": 0.6,
				"attenuation_distance": 1000
			}
		]
	},
	"christmas.calendar.background": {
		"sounds": [
			{
				"name": "jeracraft:christmas/calendar/background"
			}
		]
	},
	"christmas.calendar.impact": {
		"sounds": [
			{
				"name": "jeracraft:christmas/calendar/impact"
			}
		]
	},
	"christmas.hunt.present": {
		"sounds": [
			{
				"name": "jeracraft:christmas/hunt/present"
			}
		]
	},
	"christmas.spawn.full": {
		"sounds": [
			{
				"name": "jeracraft:christmas/full"
			}
		]
	},
	"christmas.spawn.loop": {
		"sounds": [
			{
				"name": "jeracraft:christmas/loop"
			}
		]
	}
}