{
	"credit": "Made with Blockbench",
	"texture_size": [8, 8],
	"textures": {
		"0": "jeracraft:christmas/cakehat",
		"1": "jeracraft:christmas/leaves",
		"2": "jeracraft:christmas/firetexture",
		"particle": "jeracraft:christmas/cakehat"
	},
	"elements": [
		{
			"from": [4.52144, 11, 7],
			"to": [11.52144, 14, 9],
			"rotation": {"angle": 0, "axis": "y", "origin": [0.52144, 0, 1]},
			"faces": {
				"north": {"uv": [5.5, 1.5, 6.375, 1.875], "texture": "#0"},
				"east": {"uv": [1.75, 4.875, 2, 5.25], "texture": "#0"},
				"south": {"uv": [5.5, 1.875, 6.375, 2.25], "texture": "#0"},
				"west": {"uv": [3.5, 6.5, 3.75, 6.875], "texture": "#0"},
				"up": {"uv": [6.375, 4.875, 5.5, 4.625], "texture": "#0"},
				"down": {"uv": [6.375, 4.875, 5.5, 5.125], "texture": "#0"}
			}
		},
		{
			"from": [7.02145, 14, 7],
			"to": [9.02145, 21, 9],
			"rotation": {"angle": 0, "axis": "y", "origin": [0.52144, 0, 1]},
			"faces": {
				"north": {"uv": [1.75, 4, 2, 4.875], "texture": "#0"},
				"east": {"uv": [1.5, 5.5, 1.75, 6.375], "texture": "#0"},
				"south": {"uv": [5.5, 5.125, 5.75, 6], "texture": "#0"},
				"west": {"uv": [5.75, 5.125, 6, 6], "texture": "#0"},
				"up": {"uv": [5.625, 7.75, 5.375, 7.5], "texture": "#0"},
				"down": {"uv": [6.625, 7.5, 6.375, 7.75], "texture": "#0"}
			}
		},
		{
			"from": [7.84644, 19.325, 7.825],
			"to": [8.19644, 23.675, 8.175],
			"rotation": {"angle": 0, "axis": "y", "origin": [0.52144, 0, 1]},
			"faces": {
				"north": {"uv": [3.625, 5.25, 3.75, 5.875], "texture": "#0"},
				"east": {"uv": [3.375, 7.375, 3.5, 8], "texture": "#0"},
				"south": {"uv": [6.25, 7.375, 6.375, 8], "texture": "#0"},
				"west": {"uv": [0.75, 7.5, 0.875, 8.125], "texture": "#0"},
				"up": {"uv": [6, 6.75, 5.875, 6.625], "texture": "#0"},
				"down": {"uv": [5.5, 6.75, 5.375, 6.875], "texture": "#0"}
			}
		},
		{
			"from": [6.93554, 17.75723, 7.025],
			"to": [10.88554, 19.70723, 8.975],
			"rotation": {"angle": -45, "axis": "z", "origin": [10.91054, 19.23223, 8]},
			"faces": {
				"north": {"uv": [6.125, 3.375, 6.625, 3.625], "texture": "#0"},
				"east": {"uv": [3, 7.625, 3.25, 7.875], "texture": "#0"},
				"south": {"uv": [5, 6.25, 5.5, 6.5], "texture": "#0"},
				"west": {"uv": [3.5, 7.625, 3.75, 7.875], "texture": "#0"},
				"up": {"uv": [6.75, 5.875, 6.25, 5.625], "texture": "#0"},
				"down": {"uv": [6.75, 5.875, 6.25, 6.125], "texture": "#0"}
			}
		},
		{
			"from": [7.97855, 22.675, 7],
			"to": [7.97855, 25.675, 9],
			"rotation": {"angle": -45, "axis": "y", "origin": [7.97855, 24.675, 8]},
			"faces": {
				"north": {"uv": [0, 0, 0, 6], "texture": "#2"},
				"east": {"uv": [0, 0, 4, 6], "texture": "#2"},
				"south": {"uv": [0, 0, 0, 6], "texture": "#2"},
				"west": {"uv": [4, 0, 8, 6], "texture": "#2"},
				"up": {"uv": [0, 4, 0, 0], "texture": "#2"},
				"down": {"uv": [0, 0, 0, 4], "texture": "#2"}
			}
		},
		{
			"from": [7.97855, 22.675, 7],
			"to": [7.97855, 25.675, 9],
			"rotation": {"angle": 45, "axis": "y", "origin": [7.97855, 24.675, 8]},
			"faces": {
				"north": {"uv": [0, 0, 0, 6], "texture": "#2"},
				"east": {"uv": [0, 6, 4, 12], "texture": "#2"},
				"south": {"uv": [0, 0, 0, 6], "texture": "#2"},
				"west": {"uv": [4, 6, 8, 12], "texture": "#2"},
				"up": {"uv": [0, 4, 0, 0], "texture": "#2"},
				"down": {"uv": [0, 0, 0, 4], "texture": "#2"}
			}
		},
		{
			"from": [1.25, 0.25, 1.25],
			"to": [14.75, 11.75, 14.75],
			"faces": {
				"north": {"uv": [3.75, 1.75, 5.5, 3.25], "texture": "#0"},
				"east": {"uv": [3.75, 3.25, 5.5, 4.75], "texture": "#0"},
				"south": {"uv": [0, 4, 1.75, 5.5], "texture": "#0"},
				"west": {"uv": [3.75, 4.75, 5.5, 6.25], "texture": "#0"},
				"up": {"uv": [3.75, 1.75, 2, 0], "texture": "#0"},
				"down": {"uv": [3.75, 1.75, 2, 3.5], "texture": "#0"}
			}
		},
		{
			"from": [1, 0.5, 1],
			"to": [15, 3.5, 15],
			"faces": {
				"north": {"uv": [5.5, 0, 7.25, 0.375], "texture": "#0"},
				"east": {"uv": [5.5, 0.375, 7.25, 0.75], "texture": "#0"},
				"south": {"uv": [5.5, 0.75, 7.25, 1.125], "texture": "#0"},
				"west": {"uv": [5.5, 1.125, 7.25, 1.5], "texture": "#0"},
				"up": {"uv": [3.75, 5.25, 2, 3.5], "texture": "#0"},
				"down": {"uv": [5.5, 0, 3.75, 1.75], "texture": "#0"}
			}
		},
		{
			"from": [1.9, 11.5, 1.1],
			"to": [4.9, 13.5, 3.1],
			"faces": {
				"north": {"uv": [4, 7.5, 4.375, 7.75], "texture": "#0"},
				"east": {"uv": [2.625, 8, 2.875, 8.25], "texture": "#0"},
				"south": {"uv": [4.375, 7.5, 4.75, 7.75], "texture": "#0"},
				"west": {"uv": [4.5, 8, 4.75, 8.25], "texture": "#0"},
				"up": {"uv": [5.375, 7.75, 5, 7.5], "texture": "#0"},
				"down": {"uv": [7.875, 5.375, 7.5, 5.625], "texture": "#0"}
			}
		},
		{
			"from": [6, 11.5, 1.1],
			"to": [10, 12.5, 3.1],
			"faces": {
				"north": {"uv": [2.125, 8, 2.625, 8.125], "texture": "#0"},
				"east": {"uv": [1.5, 8.625, 1.75, 8.75], "texture": "#0"},
				"south": {"uv": [8, 4.25, 8.5, 4.375], "texture": "#0"},
				"west": {"uv": [8.625, 1.5, 8.875, 1.625], "texture": "#0"},
				"up": {"uv": [6.875, 5.125, 6.375, 4.875], "texture": "#0"},
				"down": {"uv": [5.5, 6.5, 5, 6.75], "texture": "#0"}
			}
		},
		{
			"from": [6, 12.5, 1.1],
			"to": [10, 13.5, 3.1],
			"faces": {
				"north": {"uv": [7.875, 6, 8.375, 6.125], "texture": "#0"},
				"east": {"uv": [8.625, 1.25, 8.875, 1.375], "texture": "#0"},
				"south": {"uv": [8, 1.625, 8.5, 1.75], "texture": "#0"},
				"west": {"uv": [8.625, 1.375, 8.875, 1.5], "texture": "#0"},
				"up": {"uv": [6.875, 2.25, 6.375, 2], "texture": "#0"},
				"down": {"uv": [6.875, 4.625, 6.375, 4.875], "texture": "#0"}
			}
		},
		{
			"from": [3, 11.5, 0],
			"to": [6, 12.5, 2],
			"faces": {
				"north": {"uv": [0.5, 8.375, 0.875, 8.5], "texture": "#0"},
				"east": {"uv": [1, 8.625, 1.25, 8.75], "texture": "#0"},
				"south": {"uv": [0.875, 8.375, 1.25, 8.5], "texture": "#0"},
				"west": {"uv": [1.25, 8.625, 1.5, 8.75], "texture": "#0"},
				"up": {"uv": [7.875, 3.75, 7.5, 3.5], "texture": "#0"},
				"down": {"uv": [7.875, 3.75, 7.5, 4], "texture": "#0"}
			}
		},
		{
			"from": [10.9, 11.5, 1.1],
			"to": [13.9, 13.5, 3.1],
			"rotation": {"angle": 0, "axis": "y", "origin": [16, 0, 0]},
			"faces": {
				"north": {"uv": [7.5, 2, 7.875, 2.25], "texture": "#0"},
				"east": {"uv": [1.625, 8, 1.875, 8.25], "texture": "#0"},
				"south": {"uv": [7.5, 2.25, 7.875, 2.5], "texture": "#0"},
				"west": {"uv": [1.875, 8, 2.125, 8.25], "texture": "#0"},
				"up": {"uv": [7.875, 2.75, 7.5, 2.5], "texture": "#0"},
				"down": {"uv": [7.875, 3.25, 7.5, 3.5], "texture": "#0"}
			}
		},
		{
			"from": [10.9, 13.5, 1.1],
			"to": [11.9, 14.4, 2.1],
			"rotation": {"angle": 0, "axis": "y", "origin": [16, 0, 0]},
			"faces": {
				"north": {"uv": [2.875, 8.75, 3, 8.875], "texture": "#0"},
				"east": {"uv": [8.75, 2.875, 8.875, 3], "texture": "#0"},
				"south": {"uv": [3, 8.75, 3.125, 8.875], "texture": "#0"},
				"west": {"uv": [8.75, 3, 8.875, 3.125], "texture": "#0"},
				"up": {"uv": [3.25, 8.875, 3.125, 8.75], "texture": "#0"},
				"down": {"uv": [8.875, 3.125, 8.75, 3.25], "texture": "#0"}
			}
		},
		{
			"from": [7.9, 13.5, 1.1],
			"to": [8.9, 14.4, 2.1],
			"rotation": {"angle": 0, "axis": "y", "origin": [16, 0, 0]},
			"faces": {
				"north": {"uv": [2.5, 8.75, 2.625, 8.875], "texture": "#0"},
				"east": {"uv": [8.75, 2.5, 8.875, 2.625], "texture": "#0"},
				"south": {"uv": [2.625, 8.75, 2.75, 8.875], "texture": "#0"},
				"west": {"uv": [8.75, 2.625, 8.875, 2.75], "texture": "#0"},
				"up": {"uv": [2.875, 8.875, 2.75, 8.75], "texture": "#0"},
				"down": {"uv": [8.875, 2.75, 8.75, 2.875], "texture": "#0"}
			}
		},
		{
			"from": [10, 11.5, 0],
			"to": [13, 12.5, 2],
			"rotation": {"angle": 0, "axis": "y", "origin": [16, 0, 0]},
			"faces": {
				"north": {"uv": [8.375, 0, 8.75, 0.125], "texture": "#0"},
				"east": {"uv": [0.75, 8.625, 1, 8.75], "texture": "#0"},
				"south": {"uv": [8.375, 0.125, 8.75, 0.25], "texture": "#0"},
				"west": {"uv": [8.625, 0.75, 8.875, 0.875], "texture": "#0"},
				"up": {"uv": [7.875, 1.625, 7.5, 1.375], "texture": "#0"},
				"down": {"uv": [7.875, 1.75, 7.5, 2], "texture": "#0"}
			}
		},
		{
			"from": [2, 11.5, 2],
			"to": [14, 12.5, 13],
			"rotation": {"angle": 0, "axis": "y", "origin": [16, 0, 0]},
			"faces": {
				"north": {"uv": [5.875, 4.125, 7.375, 4.25], "texture": "#0"},
				"east": {"uv": [5.875, 4.375, 7.25, 4.5], "texture": "#0"},
				"south": {"uv": [5.875, 4.25, 7.375, 4.375], "texture": "#0"},
				"west": {"uv": [5.875, 4.5, 7.25, 4.625], "texture": "#0"},
				"up": {"uv": [3.25, 6.625, 1.75, 5.25], "texture": "#0"},
				"down": {"uv": [1.5, 5.5, 0, 6.875], "texture": "#0"}
			}
		},
		{
			"from": [3, 10.5, 0],
			"to": [5, 11.5, 2],
			"faces": {
				"north": {"uv": [0.25, 8.625, 0.5, 8.75], "texture": "#0"},
				"east": {"uv": [0.5, 8.625, 0.75, 8.75], "texture": "#0"},
				"south": {"uv": [8.625, 0.5, 8.875, 0.625], "texture": "#0"},
				"west": {"uv": [8.625, 0.625, 8.875, 0.75], "texture": "#0"},
				"up": {"uv": [1.375, 8.25, 1.125, 8], "texture": "#0"},
				"down": {"uv": [1.625, 8, 1.375, 8.25], "texture": "#0"}
			}
		},
		{
			"from": [11, 10.5, 0],
			"to": [13, 11.5, 2],
			"faces": {
				"north": {"uv": [8.5, 8, 8.75, 8.125], "texture": "#0"},
				"east": {"uv": [8.25, 8.5, 8.5, 8.625], "texture": "#0"},
				"south": {"uv": [8.5, 8.5, 8.75, 8.625], "texture": "#0"},
				"west": {"uv": [0, 8.625, 0.25, 8.75], "texture": "#0"},
				"up": {"uv": [0.75, 8.25, 0.5, 8], "texture": "#0"},
				"down": {"uv": [1.125, 8, 0.875, 8.25], "texture": "#0"}
			}
		},
		{
			"from": [3, 9.5, 0],
			"to": [4, 10.5, 1],
			"faces": {
				"north": {"uv": [2.125, 8.75, 2.25, 8.875], "texture": "#0"},
				"east": {"uv": [8.75, 2.125, 8.875, 2.25], "texture": "#0"},
				"south": {"uv": [2.25, 8.75, 2.375, 8.875], "texture": "#0"},
				"west": {"uv": [8.75, 2.25, 8.875, 2.375], "texture": "#0"},
				"up": {"uv": [2.5, 8.875, 2.375, 8.75], "texture": "#0"},
				"down": {"uv": [8.875, 2.375, 8.75, 2.5], "texture": "#0"}
			}
		},
		{
			"from": [10, 9.5, 15],
			"to": [11, 10.5, 16],
			"rotation": {"angle": 0, "axis": "y", "origin": [16, 0, 16]},
			"faces": {
				"north": {"uv": [1.75, 8.75, 1.875, 8.875], "texture": "#0"},
				"east": {"uv": [8.75, 1.75, 8.875, 1.875], "texture": "#0"},
				"south": {"uv": [1.875, 8.75, 2, 8.875], "texture": "#0"},
				"west": {"uv": [8.75, 1.875, 8.875, 2], "texture": "#0"},
				"up": {"uv": [2.125, 8.875, 2, 8.75], "texture": "#0"},
				"down": {"uv": [8.875, 2, 8.75, 2.125], "texture": "#0"}
			}
		},
		{
			"from": [9, 10.5, 14],
			"to": [11, 11.5, 16],
			"rotation": {"angle": 0, "axis": "y", "origin": [16, 0, 16]},
			"faces": {
				"north": {"uv": [7.25, 8.5, 7.5, 8.625], "texture": "#0"},
				"east": {"uv": [7.5, 8.5, 7.75, 8.625], "texture": "#0"},
				"south": {"uv": [7.75, 8.5, 8, 8.625], "texture": "#0"},
				"west": {"uv": [8, 8.5, 8.25, 8.625], "texture": "#0"},
				"up": {"uv": [0.25, 8.25, 0, 8], "texture": "#0"},
				"down": {"uv": [0.5, 8, 0.25, 8.25], "texture": "#0"}
			}
		},
		{
			"from": [8, 11.5, 14],
			"to": [11, 12.5, 16],
			"rotation": {"angle": 0, "axis": "y", "origin": [16, 0, 16]},
			"faces": {
				"north": {"uv": [8.25, 8.125, 8.625, 8.25], "texture": "#0"},
				"east": {"uv": [6.75, 8.5, 7, 8.625], "texture": "#0"},
				"south": {"uv": [8.25, 8.25, 8.625, 8.375], "texture": "#0"},
				"west": {"uv": [7, 8.5, 7.25, 8.625], "texture": "#0"},
				"up": {"uv": [7.875, 1.125, 7.5, 0.875], "texture": "#0"},
				"down": {"uv": [7.875, 1.125, 7.5, 1.375], "texture": "#0"}
			}
		},
		{
			"from": [9, 11.5, 12.9],
			"to": [12, 13.5, 14.9],
			"rotation": {"angle": 0, "axis": "y", "origin": [16, 0, 16]},
			"faces": {
				"north": {"uv": [7.375, 7.25, 7.75, 7.5], "texture": "#0"},
				"east": {"uv": [7.875, 7.625, 8.125, 7.875], "texture": "#0"},
				"south": {"uv": [0, 7.5, 0.375, 7.75], "texture": "#0"},
				"west": {"uv": [7.875, 7.875, 8.125, 8.125], "texture": "#0"},
				"up": {"uv": [7.875, 0.25, 7.5, 0], "texture": "#0"},
				"down": {"uv": [0.75, 7.5, 0.375, 7.75], "texture": "#0"}
			}
		},
		{
			"from": [12, 9.5, 1],
			"to": [13, 10.5, 2],
			"faces": {
				"north": {"uv": [8.75, 1.125, 8.875, 1.25], "texture": "#0"},
				"east": {"uv": [1.25, 8.75, 1.375, 8.875], "texture": "#0"},
				"south": {"uv": [1.375, 8.75, 1.5, 8.875], "texture": "#0"},
				"west": {"uv": [1.5, 8.75, 1.625, 8.875], "texture": "#0"},
				"up": {"uv": [1.75, 8.875, 1.625, 8.75], "texture": "#0"},
				"down": {"uv": [8.875, 1.625, 8.75, 1.75], "texture": "#0"}
			}
		},
		{
			"from": [4, 8.5, 14],
			"to": [5, 9.5, 15],
			"rotation": {"angle": 0, "axis": "y", "origin": [16, 0, 16]},
			"faces": {
				"north": {"uv": [3.25, 8.75, 3.375, 8.875], "texture": "#0"},
				"east": {"uv": [8.75, 3.25, 8.875, 3.375], "texture": "#0"},
				"south": {"uv": [3.375, 8.75, 3.5, 8.875], "texture": "#0"},
				"west": {"uv": [8.75, 3.375, 8.875, 3.5], "texture": "#0"},
				"up": {"uv": [3.625, 8.875, 3.5, 8.75], "texture": "#0"},
				"down": {"uv": [8.875, 3.5, 8.75, 3.625], "texture": "#0"}
			}
		},
		{
			"from": [11, 8.5, 14],
			"to": [12, 9.5, 15],
			"rotation": {"angle": 0, "axis": "y", "origin": [16, 0, 16]},
			"faces": {
				"north": {"uv": [3.625, 8.75, 3.75, 8.875], "texture": "#0"},
				"east": {"uv": [8.75, 3.625, 8.875, 3.75], "texture": "#0"},
				"south": {"uv": [3.75, 8.75, 3.875, 8.875], "texture": "#0"},
				"west": {"uv": [8.75, 3.75, 8.875, 3.875], "texture": "#0"},
				"up": {"uv": [4, 8.875, 3.875, 8.75], "texture": "#0"},
				"down": {"uv": [8.875, 3.875, 8.75, 4], "texture": "#0"}
			}
		},
		{
			"from": [12, 11.5, 14],
			"to": [13, 12.5, 15],
			"rotation": {"angle": 0, "axis": "y", "origin": [16, 0, 16]},
			"faces": {
				"north": {"uv": [4, 8.75, 4.125, 8.875], "texture": "#0"},
				"east": {"uv": [8.75, 4, 8.875, 4.125], "texture": "#0"},
				"south": {"uv": [4.125, 8.75, 4.25, 8.875], "texture": "#0"},
				"west": {"uv": [8.75, 4.125, 8.875, 4.25], "texture": "#0"},
				"up": {"uv": [4.375, 8.875, 4.25, 8.75], "texture": "#0"},
				"down": {"uv": [8.875, 4.25, 8.75, 4.375], "texture": "#0"}
			}
		},
		{
			"from": [13, 11.5, 14],
			"to": [14, 12.5, 15],
			"rotation": {"angle": 0, "axis": "y", "origin": [16, 0, 16]},
			"faces": {
				"north": {"uv": [4.375, 8.75, 4.5, 8.875], "texture": "#0"},
				"east": {"uv": [8.75, 4.375, 8.875, 4.5], "texture": "#0"},
				"south": {"uv": [4.5, 8.75, 4.625, 8.875], "texture": "#0"},
				"west": {"uv": [8.75, 4.5, 8.875, 4.625], "texture": "#0"},
				"up": {"uv": [4.75, 8.875, 4.625, 8.75], "texture": "#0"},
				"down": {"uv": [8.875, 4.625, 8.75, 4.75], "texture": "#0"}
			}
		},
		{
			"from": [12, 11.5, 13],
			"to": [13, 12.5, 14],
			"rotation": {"angle": 0, "axis": "y", "origin": [16, 0, 16]},
			"faces": {
				"north": {"uv": [4.75, 8.75, 4.875, 8.875], "texture": "#0"},
				"east": {"uv": [8.75, 4.75, 8.875, 4.875], "texture": "#0"},
				"south": {"uv": [4.875, 8.75, 5, 8.875], "texture": "#0"},
				"west": {"uv": [8.75, 4.875, 8.875, 5], "texture": "#0"},
				"up": {"uv": [5.125, 8.875, 5, 8.75], "texture": "#0"},
				"down": {"uv": [8.875, 5, 8.75, 5.125], "texture": "#0"}
			}
		},
		{
			"from": [14, 9.5, 9],
			"to": [15, 10.5, 10],
			"rotation": {"angle": 0, "axis": "y", "origin": [13, 0, 10]},
			"faces": {
				"north": {"uv": [5.5, 8.75, 5.625, 8.875], "texture": "#0"},
				"east": {"uv": [8.75, 5.5, 8.875, 5.625], "texture": "#0"},
				"south": {"uv": [5.625, 8.75, 5.75, 8.875], "texture": "#0"},
				"west": {"uv": [8.75, 5.625, 8.875, 5.75], "texture": "#0"},
				"up": {"uv": [5.875, 8.875, 5.75, 8.75], "texture": "#0"},
				"down": {"uv": [8.875, 5.75, 8.75, 5.875], "texture": "#0"}
			}
		},
		{
			"from": [14, 9.5, 10],
			"to": [15, 10.5, 11],
			"rotation": {"angle": 0, "axis": "y", "origin": [13, 0, 10]},
			"faces": {
				"north": {"uv": [5.875, 8.75, 6, 8.875], "texture": "#0"},
				"east": {"uv": [8.75, 5.875, 8.875, 6], "texture": "#0"},
				"south": {"uv": [6, 8.75, 6.125, 8.875], "texture": "#0"},
				"west": {"uv": [8.75, 6, 8.875, 6.125], "texture": "#0"},
				"up": {"uv": [6.25, 8.875, 6.125, 8.75], "texture": "#0"},
				"down": {"uv": [8.875, 6.125, 8.75, 6.25], "texture": "#0"}
			}
		},
		{
			"from": [14, 10.5, 11],
			"to": [15, 11.5, 12],
			"rotation": {"angle": 0, "axis": "y", "origin": [13, 0, 10]},
			"faces": {
				"north": {"uv": [6.25, 8.75, 6.375, 8.875], "texture": "#0"},
				"east": {"uv": [8.75, 6.25, 8.875, 6.375], "texture": "#0"},
				"south": {"uv": [6.375, 8.75, 6.5, 8.875], "texture": "#0"},
				"west": {"uv": [8.75, 6.375, 8.875, 6.5], "texture": "#0"},
				"up": {"uv": [6.625, 8.875, 6.5, 8.75], "texture": "#0"},
				"down": {"uv": [8.875, 6.5, 8.75, 6.625], "texture": "#0"}
			}
		},
		{
			"from": [14, 8.5, 10],
			"to": [15, 9.5, 11],
			"rotation": {"angle": 0, "axis": "y", "origin": [13, 0, 10]},
			"faces": {
				"north": {"uv": [6.625, 8.75, 6.75, 8.875], "texture": "#0"},
				"east": {"uv": [8.75, 6.625, 8.875, 6.75], "texture": "#0"},
				"south": {"uv": [6.75, 8.75, 6.875, 8.875], "texture": "#0"},
				"west": {"uv": [8.75, 6.75, 8.875, 6.875], "texture": "#0"},
				"up": {"uv": [7, 8.875, 6.875, 8.75], "texture": "#0"},
				"down": {"uv": [8.875, 6.875, 8.75, 7], "texture": "#0"}
			}
		},
		{
			"from": [14, 9.5, 4],
			"to": [15, 10.5, 5],
			"rotation": {"angle": 0, "axis": "y", "origin": [13, 0, 10]},
			"faces": {
				"north": {"uv": [7, 8.75, 7.125, 8.875], "texture": "#0"},
				"east": {"uv": [8.75, 7, 8.875, 7.125], "texture": "#0"},
				"south": {"uv": [7.125, 8.75, 7.25, 8.875], "texture": "#0"},
				"west": {"uv": [8.75, 7.125, 8.875, 7.25], "texture": "#0"},
				"up": {"uv": [7.375, 8.875, 7.25, 8.75], "texture": "#0"},
				"down": {"uv": [8.875, 7.25, 8.75, 7.375], "texture": "#0"}
			}
		},
		{
			"from": [14, 10.5, 3],
			"to": [15, 11.5, 4],
			"rotation": {"angle": 0, "axis": "y", "origin": [13, 0, 10]},
			"faces": {
				"north": {"uv": [7.375, 8.75, 7.5, 8.875], "texture": "#0"},
				"east": {"uv": [8.75, 7.375, 8.875, 7.5], "texture": "#0"},
				"south": {"uv": [7.5, 8.75, 7.625, 8.875], "texture": "#0"},
				"west": {"uv": [8.75, 7.5, 8.875, 7.625], "texture": "#0"},
				"up": {"uv": [7.75, 8.875, 7.625, 8.75], "texture": "#0"},
				"down": {"uv": [8.875, 7.625, 8.75, 7.75], "texture": "#0"}
			}
		},
		{
			"from": [13.9, 11.5, 1.1],
			"to": [14.9, 12.5, 2.1],
			"rotation": {"angle": 0, "axis": "y", "origin": [12.9, 0, 10.1]},
			"faces": {
				"north": {"uv": [7.75, 8.75, 7.875, 8.875], "texture": "#0"},
				"east": {"uv": [8.75, 7.75, 8.875, 7.875], "texture": "#0"},
				"south": {"uv": [7.875, 8.75, 8, 8.875], "texture": "#0"},
				"west": {"uv": [8.75, 7.875, 8.875, 8], "texture": "#0"},
				"up": {"uv": [8.125, 8.875, 8, 8.75], "texture": "#0"},
				"down": {"uv": [8.875, 8, 8.75, 8.125], "texture": "#0"}
			}
		},
		{
			"from": [12.9, 13.5, 2.1],
			"to": [13.9, 14.5, 3.1],
			"rotation": {"angle": 0, "axis": "y", "origin": [12.9, 0, 10.1]},
			"faces": {
				"north": {"uv": [8.125, 8.75, 8.25, 8.875], "texture": "#0"},
				"east": {"uv": [8.75, 8.125, 8.875, 8.25], "texture": "#0"},
				"south": {"uv": [8.25, 8.75, 8.375, 8.875], "texture": "#0"},
				"west": {"uv": [8.75, 8.25, 8.875, 8.375], "texture": "#0"},
				"up": {"uv": [8.5, 8.875, 8.375, 8.75], "texture": "#0"},
				"down": {"uv": [8.875, 8.375, 8.75, 8.5], "texture": "#0"}
			}
		},
		{
			"from": [5.9, 13.5, 13.9],
			"to": [6.9, 14.4, 14.9],
			"rotation": {"angle": 0, "axis": "y", "origin": [16, 0, 16]},
			"faces": {
				"north": {"uv": [0.75, 8.75, 0.875, 8.875], "texture": "#0"},
				"east": {"uv": [0.875, 8.75, 1, 8.875], "texture": "#0"},
				"south": {"uv": [8.75, 0.875, 8.875, 1], "texture": "#0"},
				"west": {"uv": [1, 8.75, 1.125, 8.875], "texture": "#0"},
				"up": {"uv": [8.875, 1.125, 8.75, 1], "texture": "#0"},
				"down": {"uv": [1.25, 8.75, 1.125, 8.875], "texture": "#0"}
			}
		},
		{
			"from": [5.9, 11.5, 12.9],
			"to": [8.9, 13.5, 14.9],
			"rotation": {"angle": 0, "axis": "y", "origin": [16, 0, 16]},
			"faces": {
				"north": {"uv": [5.875, 7.375, 6.25, 7.625], "texture": "#0"},
				"east": {"uv": [7.375, 7.875, 7.625, 8.125], "texture": "#0"},
				"south": {"uv": [7.375, 6.75, 7.75, 7], "texture": "#0"},
				"west": {"uv": [7.625, 7.875, 7.875, 8.125], "texture": "#0"},
				"up": {"uv": [7.375, 7.625, 7, 7.375], "texture": "#0"},
				"down": {"uv": [7.75, 7, 7.375, 7.25], "texture": "#0"}
			}
		},
		{
			"from": [2, 11.5, 14],
			"to": [8, 12.5, 16],
			"rotation": {"angle": 0, "axis": "y", "origin": [16, 0, 16]},
			"faces": {
				"north": {"uv": [7.125, 6, 7.875, 6.125], "texture": "#0"},
				"east": {"uv": [6.5, 8.5, 6.75, 8.625], "texture": "#0"},
				"south": {"uv": [7.25, 1.625, 8, 1.75], "texture": "#0"},
				"west": {"uv": [8.5, 6.625, 8.75, 6.75], "texture": "#0"},
				"up": {"uv": [6.625, 3.875, 5.875, 3.625], "texture": "#0"},
				"down": {"uv": [6.625, 3.875, 5.875, 4.125], "texture": "#0"}
			}
		},
		{
			"from": [4, 12.5, 14],
			"to": [7, 13.4, 16],
			"rotation": {"angle": 0, "axis": "y", "origin": [16, 0, 16]},
			"faces": {
				"north": {"uv": [8.25, 7.25, 8.625, 7.375], "texture": "#0"},
				"east": {"uv": [6, 8.5, 6.25, 8.625], "texture": "#0"},
				"south": {"uv": [8.25, 7.375, 8.625, 7.5], "texture": "#0"},
				"west": {"uv": [6.25, 8.5, 6.5, 8.625], "texture": "#0"},
				"up": {"uv": [7.75, 5.125, 7.375, 4.875], "texture": "#0"},
				"down": {"uv": [7.75, 5.125, 7.375, 5.375], "texture": "#0"}
			}
		},
		{
			"from": [4, 10.5, 14],
			"to": [7, 11.5, 16],
			"rotation": {"angle": 0, "axis": "y", "origin": [0, 0, 16]},
			"faces": {
				"north": {"uv": [8.25, 7, 8.625, 7.125], "texture": "#0"},
				"east": {"uv": [5.75, 8.5, 6, 8.625], "texture": "#0"},
				"south": {"uv": [8.25, 7.125, 8.625, 7.25], "texture": "#0"},
				"west": {"uv": [8.5, 5.875, 8.75, 6], "texture": "#0"},
				"up": {"uv": [7.75, 4.25, 7.375, 4], "texture": "#0"},
				"down": {"uv": [7.75, 4.625, 7.375, 4.875], "texture": "#0"}
			}
		},
		{
			"from": [6, 9.5, 15],
			"to": [7, 10.5, 16],
			"rotation": {"angle": 0, "axis": "y", "origin": [0, 0, 16]},
			"faces": {
				"north": {"uv": [0.25, 8.75, 0.375, 8.875], "texture": "#0"},
				"east": {"uv": [8.75, 0.25, 8.875, 0.375], "texture": "#0"},
				"south": {"uv": [0.375, 8.75, 0.5, 8.875], "texture": "#0"},
				"west": {"uv": [8.75, 0.375, 8.875, 0.5], "texture": "#0"},
				"up": {"uv": [0.625, 8.875, 0.5, 8.75], "texture": "#0"},
				"down": {"uv": [0.75, 8.75, 0.625, 8.875], "texture": "#0"}
			}
		},
		{
			"from": [5.1, 13.5, 13.9],
			"to": [6.1, 14.4, 14.9],
			"rotation": {"angle": 0, "axis": "y", "origin": [0, 0, 16]},
			"faces": {
				"north": {"uv": [8.5, 8.625, 8.625, 8.75], "texture": "#0"},
				"east": {"uv": [8.625, 8.625, 8.75, 8.75], "texture": "#0"},
				"south": {"uv": [0, 8.75, 0.125, 8.875], "texture": "#0"},
				"west": {"uv": [8.75, 0, 8.875, 0.125], "texture": "#0"},
				"up": {"uv": [0.25, 8.875, 0.125, 8.75], "texture": "#0"},
				"down": {"uv": [8.875, 0.125, 8.75, 0.25], "texture": "#0"}
			}
		},
		{
			"from": [3.1, 11.5, 12.9],
			"to": [6.1, 13.5, 14.9],
			"rotation": {"angle": 0, "axis": "y", "origin": [0, 0, 16]},
			"faces": {
				"north": {"uv": [7.25, 6.5, 7.625, 6.75], "texture": "#0"},
				"east": {"uv": [6.875, 7.875, 7.125, 8.125], "texture": "#0"},
				"south": {"uv": [1.75, 7.375, 2.125, 7.625], "texture": "#0"},
				"west": {"uv": [7.125, 7.875, 7.375, 8.125], "texture": "#0"},
				"up": {"uv": [2.5, 7.625, 2.125, 7.375], "texture": "#0"},
				"down": {"uv": [3.375, 7.375, 3, 7.625], "texture": "#0"}
			}
		},
		{
			"from": [4, 9.5, 15],
			"to": [5, 10.5, 16],
			"rotation": {"angle": 0, "axis": "y", "origin": [16, 0, 16]},
			"faces": {
				"north": {"uv": [8.125, 8.625, 8.25, 8.75], "texture": "#0"},
				"east": {"uv": [8.625, 8.125, 8.75, 8.25], "texture": "#0"},
				"south": {"uv": [8.25, 8.625, 8.375, 8.75], "texture": "#0"},
				"west": {"uv": [8.625, 8.25, 8.75, 8.375], "texture": "#0"},
				"up": {"uv": [8.5, 8.75, 8.375, 8.625], "texture": "#0"},
				"down": {"uv": [8.75, 8.375, 8.625, 8.5], "texture": "#0"}
			}
		},
		{
			"from": [1, 12.5, 5],
			"to": [3, 13.4, 8],
			"rotation": {"angle": 0, "axis": "y", "origin": [0, 0, 16]},
			"faces": {
				"north": {"uv": [5.25, 8.5, 5.5, 8.625], "texture": "#0"},
				"east": {"uv": [8.25, 6.75, 8.625, 6.875], "texture": "#0"},
				"south": {"uv": [5.5, 8.5, 5.75, 8.625], "texture": "#0"},
				"west": {"uv": [8.25, 6.875, 8.625, 7], "texture": "#0"},
				"up": {"uv": [1.5, 7.75, 1.25, 7.375], "texture": "#0"},
				"down": {"uv": [1.75, 7.375, 1.5, 7.75], "texture": "#0"}
			}
		},
		{
			"from": [2.1, 11.5, 3.1],
			"to": [4.1, 13.5, 6.1],
			"rotation": {"angle": 0, "axis": "y", "origin": [0, 0, 16]},
			"faces": {
				"north": {"uv": [7.875, 6.5, 8.125, 6.75], "texture": "#0"},
				"east": {"uv": [7.25, 6.25, 7.625, 6.5], "texture": "#0"},
				"south": {"uv": [6.625, 7.875, 6.875, 8.125], "texture": "#0"},
				"west": {"uv": [6.375, 7.25, 6.75, 7.5], "texture": "#0"},
				"up": {"uv": [7, 7.625, 6.75, 7.25], "texture": "#0"},
				"down": {"uv": [1.25, 7.375, 1, 7.75], "texture": "#0"}
			}
		},
		{
			"from": [2.1, 13.5, 5.1],
			"to": [3.1, 14.4, 6.1],
			"rotation": {"angle": 0, "axis": "y", "origin": [0, 0, 16]},
			"faces": {
				"north": {"uv": [8.625, 7.625, 8.75, 7.75], "texture": "#0"},
				"east": {"uv": [7.75, 8.625, 7.875, 8.75], "texture": "#0"},
				"south": {"uv": [8.625, 7.75, 8.75, 7.875], "texture": "#0"},
				"west": {"uv": [7.875, 8.625, 8, 8.75], "texture": "#0"},
				"up": {"uv": [8.75, 8, 8.625, 7.875], "texture": "#0"},
				"down": {"uv": [8.125, 8.625, 8, 8.75], "texture": "#0"}
			}
		},
		{
			"from": [2.1, 11.5, 5.9],
			"to": [4.1, 13.5, 8.9],
			"rotation": {"angle": 0, "axis": "y", "origin": [0, 0, 32]},
			"faces": {
				"north": {"uv": [6, 7.875, 6.25, 8.125], "texture": "#0"},
				"east": {"uv": [7.25, 4.375, 7.625, 4.625], "texture": "#0"},
				"south": {"uv": [7.875, 6.25, 8.125, 6.5], "texture": "#0"},
				"west": {"uv": [5.25, 7.25, 5.625, 7.5], "texture": "#0"},
				"up": {"uv": [5, 7.625, 4.75, 7.25], "texture": "#0"},
				"down": {"uv": [5.875, 7.25, 5.625, 7.625], "texture": "#0"}
			}
		},
		{
			"from": [2.1, 13.5, 5.9],
			"to": [3.1, 14.4, 6.9],
			"rotation": {"angle": 0, "axis": "y", "origin": [0, 0, 32]},
			"faces": {
				"north": {"uv": [8.625, 7.25, 8.75, 7.375], "texture": "#0"},
				"east": {"uv": [7.375, 8.625, 7.5, 8.75], "texture": "#0"},
				"south": {"uv": [8.625, 7.375, 8.75, 7.5], "texture": "#0"},
				"west": {"uv": [7.5, 8.625, 7.625, 8.75], "texture": "#0"},
				"up": {"uv": [8.75, 7.625, 8.625, 7.5], "texture": "#0"},
				"down": {"uv": [7.75, 8.625, 7.625, 8.75], "texture": "#0"}
			}
		},
		{
			"from": [2.1, 13.5, 10.9],
			"to": [3.1, 14.4, 11.9],
			"rotation": {"angle": 0, "axis": "y", "origin": [0, 0, 32]},
			"faces": {
				"north": {"uv": [8.625, 6.875, 8.75, 7], "texture": "#0"},
				"east": {"uv": [7, 8.625, 7.125, 8.75], "texture": "#0"},
				"south": {"uv": [8.625, 7, 8.75, 7.125], "texture": "#0"},
				"west": {"uv": [7.125, 8.625, 7.25, 8.75], "texture": "#0"},
				"up": {"uv": [8.75, 7.25, 8.625, 7.125], "texture": "#0"},
				"down": {"uv": [7.375, 8.625, 7.25, 8.75], "texture": "#0"}
			}
		},
		{
			"from": [1, 11.5, 2],
			"to": [3, 12.5, 9],
			"rotation": {"angle": 0, "axis": "y", "origin": [0, 0, 16]},
			"faces": {
				"north": {"uv": [4.75, 8.5, 5, 8.625], "texture": "#0"},
				"east": {"uv": [6.375, 3.25, 7.25, 3.375], "texture": "#0"},
				"south": {"uv": [5, 8.5, 5.25, 8.625], "texture": "#0"},
				"west": {"uv": [6.5, 6.125, 7.375, 6.25], "texture": "#0"},
				"up": {"uv": [6.125, 3.625, 5.875, 2.75], "texture": "#0"},
				"down": {"uv": [3.5, 5.875, 3.25, 6.75], "texture": "#0"}
			}
		},
		{
			"from": [1, 10.5, 6],
			"to": [3, 11.5, 8],
			"rotation": {"angle": 0, "axis": "y", "origin": [0, 0, 32]},
			"faces": {
				"north": {"uv": [4, 8.5, 4.25, 8.625], "texture": "#0"},
				"east": {"uv": [4.25, 8.5, 4.5, 8.625], "texture": "#0"},
				"south": {"uv": [8.5, 4.25, 8.75, 4.375], "texture": "#0"},
				"west": {"uv": [4.5, 8.5, 4.75, 8.625], "texture": "#0"},
				"up": {"uv": [5.75, 8.125, 5.5, 7.875], "texture": "#0"},
				"down": {"uv": [6, 7.875, 5.75, 8.125], "texture": "#0"}
			}
		},
		{
			"from": [1, 11.5, 9],
			"to": [3, 12.5, 14],
			"rotation": {"angle": 0, "axis": "y", "origin": [0, 0, 16]},
			"faces": {
				"north": {"uv": [3.75, 8.5, 4, 8.625], "texture": "#0"},
				"east": {"uv": [7.625, 0.75, 8.25, 0.875], "texture": "#0"},
				"south": {"uv": [8.5, 3.875, 8.75, 4], "texture": "#0"},
				"west": {"uv": [1.75, 7.625, 2.375, 7.75], "texture": "#0"},
				"up": {"uv": [4.75, 6.875, 4.5, 6.25], "texture": "#0"},
				"down": {"uv": [5, 6.25, 4.75, 6.875], "texture": "#0"}
			}
		},
		{
			"from": [1, 10.5, 10],
			"to": [3, 11.5, 12],
			"rotation": {"angle": 0, "axis": "y", "origin": [0, 0, 32]},
			"faces": {
				"north": {"uv": [2.75, 8.5, 3, 8.625], "texture": "#0"},
				"east": {"uv": [3, 8.5, 3.25, 8.625], "texture": "#0"},
				"south": {"uv": [3.25, 8.5, 3.5, 8.625], "texture": "#0"},
				"west": {"uv": [3.5, 8.5, 3.75, 8.625], "texture": "#0"},
				"up": {"uv": [5, 8.125, 4.75, 7.875], "texture": "#0"},
				"down": {"uv": [8.125, 5.375, 7.875, 5.625], "texture": "#0"}
			}
		},
		{
			"from": [1, 12.5, 10],
			"to": [3, 13.4, 13],
			"rotation": {"angle": 0, "axis": "y", "origin": [0, 0, 16]},
			"faces": {
				"north": {"uv": [2.25, 8.5, 2.5, 8.625], "texture": "#0"},
				"east": {"uv": [8.25, 5.125, 8.625, 5.25], "texture": "#0"},
				"south": {"uv": [2.5, 8.5, 2.75, 8.625], "texture": "#0"},
				"west": {"uv": [8.25, 5.25, 8.625, 5.375], "texture": "#0"},
				"up": {"uv": [7.5, 4, 7.25, 3.625], "texture": "#0"},
				"down": {"uv": [4, 7.25, 3.75, 7.625], "texture": "#0"}
			}
		},
		{
			"from": [2.1, 11.5, 10.9],
			"to": [4.1, 13.5, 13.9],
			"rotation": {"angle": 0, "axis": "y", "origin": [0, 0, 32]},
			"faces": {
				"north": {"uv": [4.25, 7.875, 4.5, 8.125], "texture": "#0"},
				"east": {"uv": [7.25, 2.75, 7.625, 3], "texture": "#0"},
				"south": {"uv": [7.875, 4.375, 8.125, 4.625], "texture": "#0"},
				"west": {"uv": [7.25, 3, 7.625, 3.25], "texture": "#0"},
				"up": {"uv": [7.5, 3.625, 7.25, 3.25], "texture": "#0"},
				"down": {"uv": [3.75, 7.25, 3.5, 7.625], "texture": "#0"}
			}
		},
		{
			"from": [14, 12.5, 9],
			"to": [16, 13.4, 12],
			"rotation": {"angle": 0, "axis": "y", "origin": [16, 0, 0]},
			"faces": {
				"north": {"uv": [1.75, 8.5, 2, 8.625], "texture": "#0"},
				"east": {"uv": [5, 8.25, 5.375, 8.375], "texture": "#0"},
				"south": {"uv": [2, 8.5, 2.25, 8.625], "texture": "#0"},
				"west": {"uv": [8.25, 5, 8.625, 5.125], "texture": "#0"},
				"up": {"uv": [2.75, 7.625, 2.5, 7.25], "texture": "#0"},
				"down": {"uv": [3, 7.25, 2.75, 7.625], "texture": "#0"}
			}
		},
		{
			"from": [12.9, 11.5, 10.9],
			"to": [14.9, 13.5, 13.9],
			"rotation": {"angle": 0, "axis": "y", "origin": [16, 0, 0]},
			"faces": {
				"north": {"uv": [7.875, 3.75, 8.125, 4], "texture": "#0"},
				"east": {"uv": [7.25, 0.375, 7.625, 0.625], "texture": "#0"},
				"south": {"uv": [4, 7.875, 4.25, 8.125], "texture": "#0"},
				"west": {"uv": [7.25, 0.625, 7.625, 0.875], "texture": "#0"},
				"up": {"uv": [7.5, 1.25, 7.25, 0.875], "texture": "#0"},
				"down": {"uv": [7.5, 1.25, 7.25, 1.625], "texture": "#0"}
			}
		},
		{
			"from": [13.9, 13.5, 10.1],
			"to": [14.9, 14.4, 11.1],
			"rotation": {"angle": 0, "axis": "y", "origin": [16, 0, -16]},
			"faces": {
				"north": {"uv": [6.5, 8.625, 6.625, 8.75], "texture": "#0"},
				"east": {"uv": [8.625, 6.5, 8.75, 6.625], "texture": "#0"},
				"south": {"uv": [6.625, 8.625, 6.75, 8.75], "texture": "#0"},
				"west": {"uv": [6.75, 8.625, 6.875, 8.75], "texture": "#0"},
				"up": {"uv": [8.75, 6.875, 8.625, 6.75], "texture": "#0"},
				"down": {"uv": [7, 8.625, 6.875, 8.75], "texture": "#0"}
			}
		},
		{
			"from": [13.9, 13.5, 10.9],
			"to": [14.9, 14.4, 11.9],
			"rotation": {"angle": 0, "axis": "y", "origin": [16, 0, 0]},
			"faces": {
				"north": {"uv": [6.125, 8.625, 6.25, 8.75], "texture": "#0"},
				"east": {"uv": [8.625, 6.125, 8.75, 6.25], "texture": "#0"},
				"south": {"uv": [6.25, 8.625, 6.375, 8.75], "texture": "#0"},
				"west": {"uv": [8.625, 6.25, 8.75, 6.375], "texture": "#0"},
				"up": {"uv": [6.5, 8.75, 6.375, 8.625], "texture": "#0"},
				"down": {"uv": [8.75, 6.375, 8.625, 6.5], "texture": "#0"}
			}
		},
		{
			"from": [12.9, 11.5, 8.1],
			"to": [14.9, 13.5, 11.1],
			"rotation": {"angle": 0, "axis": "y", "origin": [16, 0, -16]},
			"faces": {
				"north": {"uv": [7.875, 3.5, 8.125, 3.75], "texture": "#0"},
				"east": {"uv": [7.125, 5.5, 7.5, 5.75], "texture": "#0"},
				"south": {"uv": [3.75, 7.875, 4, 8.125], "texture": "#0"},
				"west": {"uv": [7.125, 5.75, 7.5, 6], "texture": "#0"},
				"up": {"uv": [7.375, 7.375, 7.125, 7], "texture": "#0"},
				"down": {"uv": [7.5, 0, 7.25, 0.375], "texture": "#0"}
			}
		},
		{
			"from": [14, 11.5, 8],
			"to": [16, 12.5, 13],
			"rotation": {"angle": 0, "axis": "y", "origin": [16, 0, 0]},
			"faces": {
				"north": {"uv": [1.5, 8.5, 1.75, 8.625], "texture": "#0"},
				"east": {"uv": [7.625, 0.5, 8.25, 0.625], "texture": "#0"},
				"south": {"uv": [8.5, 1.625, 8.75, 1.75], "texture": "#0"},
				"west": {"uv": [7.625, 0.625, 8.25, 0.75], "texture": "#0"},
				"up": {"uv": [4.25, 6.875, 4, 6.25], "texture": "#0"},
				"down": {"uv": [4.5, 6.25, 4.25, 6.875], "texture": "#0"}
			}
		},
		{
			"from": [14, 10.5, 9],
			"to": [16, 11.5, 11],
			"rotation": {"angle": 0, "axis": "y", "origin": [16, 0, -16]},
			"faces": {
				"north": {"uv": [0.5, 8.5, 0.75, 8.625], "texture": "#0"},
				"east": {"uv": [0.75, 8.5, 1, 8.625], "texture": "#0"},
				"south": {"uv": [1, 8.5, 1.25, 8.625], "texture": "#0"},
				"west": {"uv": [1.25, 8.5, 1.5, 8.625], "texture": "#0"},
				"up": {"uv": [8.125, 3.5, 7.875, 3.25], "texture": "#0"},
				"down": {"uv": [3.75, 7.875, 3.5, 8.125], "texture": "#0"}
			}
		},
		{
			"from": [14, 11.5, 3],
			"to": [16, 12.5, 8],
			"rotation": {"angle": 0, "axis": "y", "origin": [16, 0, 0]},
			"faces": {
				"north": {"uv": [8.5, 0.25, 8.75, 0.375], "texture": "#0"},
				"east": {"uv": [7.375, 7.5, 8, 7.625], "texture": "#0"},
				"south": {"uv": [8.5, 0.375, 8.75, 0.5], "texture": "#0"},
				"west": {"uv": [7.625, 0.375, 8.25, 0.5], "texture": "#0"},
				"up": {"uv": [6.375, 3.375, 6.125, 2.75], "texture": "#0"},
				"down": {"uv": [4, 6.25, 3.75, 6.875], "texture": "#0"}
			}
		},
		{
			"from": [14, 12.5, 3],
			"to": [16, 13.4, 6],
			"rotation": {"angle": 0, "axis": "y", "origin": [16, 0, 0]},
			"faces": {
				"north": {"uv": [0, 8.5, 0.25, 8.625], "texture": "#0"},
				"east": {"uv": [8.25, 4.75, 8.625, 4.875], "texture": "#0"},
				"south": {"uv": [0.25, 8.5, 0.5, 8.625], "texture": "#0"},
				"west": {"uv": [8.25, 4.875, 8.625, 5], "texture": "#0"},
				"up": {"uv": [4.75, 7.5, 4.5, 7.125], "texture": "#0"},
				"down": {"uv": [7.375, 4.625, 7.125, 5], "texture": "#0"}
			}
		},
		{
			"from": [8, 12.5, 5],
			"to": [11, 13.4, 10],
			"rotation": {"angle": 0, "axis": "y", "origin": [16, 0, 0]},
			"faces": {
				"north": {"uv": [8.375, 0.875, 8.75, 1], "texture": "#0"},
				"east": {"uv": [2.375, 7.625, 3, 7.75], "texture": "#0"},
				"south": {"uv": [8.375, 1, 8.75, 1.125], "texture": "#0"},
				"west": {"uv": [7.625, 2.75, 8.25, 2.875], "texture": "#0"},
				"up": {"uv": [3.625, 5.875, 3.25, 5.25], "texture": "#0"},
				"down": {"uv": [5.875, 2.75, 5.5, 3.375], "texture": "#0"}
			}
		},
		{
			"from": [5, 12.5, 6],
			"to": [8, 13.4, 11],
			"rotation": {"angle": 0, "axis": "y", "origin": [16, 0, 0]},
			"faces": {
				"north": {"uv": [8.375, 1.125, 8.75, 1.25], "texture": "#0"},
				"east": {"uv": [7.625, 2.875, 8.25, 3], "texture": "#0"},
				"south": {"uv": [1.25, 8.375, 1.625, 8.5], "texture": "#0"},
				"west": {"uv": [7.625, 3, 8.25, 3.125], "texture": "#0"},
				"up": {"uv": [5.875, 4, 5.5, 3.375], "texture": "#0"},
				"down": {"uv": [5.875, 4, 5.5, 4.625], "texture": "#0"}
			}
		},
		{
			"from": [14, 10.5, 4],
			"to": [16, 11.5, 6],
			"rotation": {"angle": 0, "axis": "y", "origin": [16, 0, -16]},
			"faces": {
				"north": {"uv": [7.875, 8.375, 8.125, 8.5], "texture": "#0"},
				"east": {"uv": [8.375, 7.875, 8.625, 8], "texture": "#0"},
				"south": {"uv": [8.125, 8.375, 8.375, 8.5], "texture": "#0"},
				"west": {"uv": [8.375, 8.375, 8.625, 8.5], "texture": "#0"},
				"up": {"uv": [3.125, 8.125, 2.875, 7.875], "texture": "#0"},
				"down": {"uv": [3.375, 7.875, 3.125, 8.125], "texture": "#0"}
			}
		},
		{
			"from": [12.9, 11.5, 2.1],
			"to": [14.9, 13.5, 5.1],
			"rotation": {"angle": 0, "axis": "y", "origin": [16, 0, -16]},
			"faces": {
				"north": {"uv": [7.875, 2.25, 8.125, 2.5], "texture": "#0"},
				"east": {"uv": [2.125, 7.125, 2.5, 7.375], "texture": "#0"},
				"south": {"uv": [7.875, 2.5, 8.125, 2.75], "texture": "#0"},
				"west": {"uv": [3.125, 7.125, 3.5, 7.375], "texture": "#0"},
				"up": {"uv": [4.25, 7.5, 4, 7.125], "texture": "#0"},
				"down": {"uv": [4.5, 7.125, 4.25, 7.5], "texture": "#0"}
			}
		},
		{
			"from": [13.9, 13.5, 4.1],
			"to": [14.9, 14.4, 5.1],
			"rotation": {"angle": 0, "axis": "y", "origin": [16, 0, -16]},
			"faces": {
				"north": {"uv": [8.625, 5.625, 8.75, 5.75], "texture": "#0"},
				"east": {"uv": [5.75, 8.625, 5.875, 8.75], "texture": "#0"},
				"south": {"uv": [8.625, 5.75, 8.75, 5.875], "texture": "#0"},
				"west": {"uv": [5.875, 8.625, 6, 8.75], "texture": "#0"},
				"up": {"uv": [6.125, 8.75, 6, 8.625], "texture": "#0"},
				"down": {"uv": [8.75, 6, 8.625, 6.125], "texture": "#0"}
			}
		},
		{
			"from": [3, 0.5, 0.1],
			"to": [6, 2.5, 2.1],
			"faces": {
				"north": {"uv": [6.5, 6.25, 6.875, 6.5], "texture": "#0"},
				"east": {"uv": [3.75, 7.625, 4, 7.875], "texture": "#0"},
				"south": {"uv": [6.5, 6.5, 6.875, 6.75], "texture": "#0"},
				"west": {"uv": [7.625, 4.375, 7.875, 4.625], "texture": "#0"},
				"up": {"uv": [2.125, 6.875, 1.75, 6.625], "texture": "#0"},
				"down": {"uv": [2.5, 6.625, 2.125, 6.875], "texture": "#0"}
			}
		},
		{
			"from": [7, 0.5, 0.1],
			"to": [11, 1.5, 2.1],
			"faces": {
				"north": {"uv": [7.75, 4, 8.25, 4.125], "texture": "#0"},
				"east": {"uv": [4.375, 8.375, 4.625, 8.5], "texture": "#0"},
				"south": {"uv": [7.75, 4.125, 8.25, 4.25], "texture": "#0"},
				"west": {"uv": [8.375, 4.375, 8.625, 4.5], "texture": "#0"},
				"up": {"uv": [6.875, 1.75, 6.375, 1.5], "texture": "#0"},
				"down": {"uv": [6.875, 1.75, 6.375, 2], "texture": "#0"}
			}
		},
		{
			"from": [8, 1.5, 0.1],
			"to": [10, 2.5, 2.1],
			"faces": {
				"north": {"uv": [8.375, 4.5, 8.625, 4.625], "texture": "#0"},
				"east": {"uv": [4.625, 8.375, 4.875, 8.5], "texture": "#0"},
				"south": {"uv": [4.875, 8.375, 5.125, 8.5], "texture": "#0"},
				"west": {"uv": [5.125, 8.375, 5.375, 8.5], "texture": "#0"},
				"up": {"uv": [2.875, 8, 2.625, 7.75], "texture": "#0"},
				"down": {"uv": [4.75, 7.75, 4.5, 8], "texture": "#0"}
			}
		},
		{
			"from": [4, 0.5, -1],
			"to": [7, 1.5, 1],
			"faces": {
				"north": {"uv": [8.125, 3.875, 8.5, 4], "texture": "#0"},
				"east": {"uv": [6.25, 6.625, 6.5, 6.75], "texture": "#0"},
				"south": {"uv": [8.125, 5.875, 8.5, 6], "texture": "#0"},
				"west": {"uv": [6.875, 2.125, 7.125, 2.25], "texture": "#0"},
				"up": {"uv": [2.875, 6.875, 2.5, 6.625], "texture": "#0"},
				"down": {"uv": [7, 2.75, 6.625, 3], "texture": "#0"}
			}
		},
		{
			"from": [11.9, 0.5, 0.1],
			"to": [14.9, 2.5, 2.1],
			"rotation": {"angle": 0, "axis": "y", "origin": [16, 0, 0]},
			"faces": {
				"north": {"uv": [6.625, 3.375, 7, 3.625], "texture": "#0"},
				"east": {"uv": [5.875, 7.625, 6.125, 7.875], "texture": "#0"},
				"south": {"uv": [6.625, 3.625, 7, 3.875], "texture": "#0"},
				"west": {"uv": [7.625, 6.25, 7.875, 6.5], "texture": "#0"},
				"up": {"uv": [7, 4.125, 6.625, 3.875], "texture": "#0"},
				"down": {"uv": [7, 5.125, 6.625, 5.375], "texture": "#0"}
			}
		},
		{
			"from": [11.9, 2.5, 0.1],
			"to": [12.9, 3.4, 1.1],
			"rotation": {"angle": 0, "axis": "y", "origin": [16, 0, 0]},
			"faces": {
				"north": {"uv": [6.625, 7.5, 6.75, 7.625], "texture": "#0"},
				"east": {"uv": [0.875, 7.625, 1, 7.75], "texture": "#0"},
				"south": {"uv": [3.25, 7.625, 3.375, 7.75], "texture": "#0"},
				"west": {"uv": [6.125, 7.625, 6.25, 7.75], "texture": "#0"},
				"up": {"uv": [3, 7.875, 2.875, 7.75], "texture": "#0"},
				"down": {"uv": [3.375, 7.75, 3.25, 7.875], "texture": "#0"}
			}
		},
		{
			"from": [8.9, 2.5, 0.1],
			"to": [9.9, 3.4, 1.1],
			"rotation": {"angle": 0, "axis": "y", "origin": [16, 0, 0]},
			"faces": {
				"north": {"uv": [8.625, 3.625, 8.75, 3.75], "texture": "#0"},
				"east": {"uv": [3.75, 8.625, 3.875, 8.75], "texture": "#0"},
				"south": {"uv": [8.625, 3.75, 8.75, 3.875], "texture": "#0"},
				"west": {"uv": [3.875, 8.625, 4, 8.75], "texture": "#0"},
				"up": {"uv": [4.125, 8.75, 4, 8.625], "texture": "#0"},
				"down": {"uv": [8.75, 4, 8.625, 4.125], "texture": "#0"}
			}
		},
		{
			"from": [11, 0.5, -1],
			"to": [14, 1.5, 1],
			"rotation": {"angle": 0, "axis": "y", "origin": [16, 0, 0]},
			"faces": {
				"north": {"uv": [8.125, 6.625, 8.5, 6.75], "texture": "#0"},
				"east": {"uv": [8.375, 1.25, 8.625, 1.375], "texture": "#0"},
				"south": {"uv": [8.125, 8, 8.5, 8.125], "texture": "#0"},
				"west": {"uv": [8.375, 1.375, 8.625, 1.5], "texture": "#0"},
				"up": {"uv": [3.25, 6.875, 2.875, 6.625], "texture": "#0"},
				"down": {"uv": [7, 3, 6.625, 3.25], "texture": "#0"}
			}
		},
		{
			"from": [4, -0.5, -1],
			"to": [6, 0.5, 1],
			"faces": {
				"north": {"uv": [7, 3.125, 7.25, 3.25], "texture": "#0"},
				"east": {"uv": [5, 7.375, 5.25, 7.5], "texture": "#0"},
				"south": {"uv": [2.625, 8.25, 2.875, 8.375], "texture": "#0"},
				"west": {"uv": [6.25, 8.25, 6.5, 8.375], "texture": "#0"},
				"up": {"uv": [5, 7.875, 4.75, 7.625], "texture": "#0"},
				"down": {"uv": [5.875, 7.625, 5.625, 7.875], "texture": "#0"}
			}
		},
		{
			"from": [11, -0.5, -1],
			"to": [13, 0.5, 1],
			"faces": {
				"north": {"uv": [8.375, 1.5, 8.625, 1.625], "texture": "#0"},
				"east": {"uv": [1.625, 8.375, 1.875, 8.5], "texture": "#0"},
				"south": {"uv": [8.375, 1.75, 8.625, 1.875], "texture": "#0"},
				"west": {"uv": [1.875, 8.375, 2.125, 8.5], "texture": "#0"},
				"up": {"uv": [7.875, 6.75, 7.625, 6.5], "texture": "#0"},
				"down": {"uv": [6.875, 7.625, 6.625, 7.875], "texture": "#0"}
			}
		},
		{
			"from": [4, -1.5, -1],
			"to": [5, -0.5, 0],
			"faces": {
				"north": {"uv": [3.125, 6.875, 3.25, 7], "texture": "#0"},
				"east": {"uv": [6.875, 5, 7, 5.125], "texture": "#0"},
				"south": {"uv": [3.125, 7, 3.25, 7.125], "texture": "#0"},
				"west": {"uv": [5.25, 7, 5.375, 7.125], "texture": "#0"},
				"up": {"uv": [7.125, 5.625, 7, 5.5], "texture": "#0"},
				"down": {"uv": [2.625, 7.125, 2.5, 7.25], "texture": "#0"}
			}
		},
		{
			"from": [11, -1.5, 16],
			"to": [12, -0.5, 17],
			"rotation": {"angle": 0, "axis": "y", "origin": [16, 0, 16]},
			"faces": {
				"north": {"uv": [8.625, 5.25, 8.75, 5.375], "texture": "#0"},
				"east": {"uv": [5.375, 8.625, 5.5, 8.75], "texture": "#0"},
				"south": {"uv": [8.625, 5.375, 8.75, 5.5], "texture": "#0"},
				"west": {"uv": [5.5, 8.625, 5.625, 8.75], "texture": "#0"},
				"up": {"uv": [8.75, 5.625, 8.625, 5.5], "texture": "#0"},
				"down": {"uv": [5.75, 8.625, 5.625, 8.75], "texture": "#0"}
			}
		},
		{
			"from": [10, -0.5, 15],
			"to": [12, 0.5, 17],
			"rotation": {"angle": 0, "axis": "y", "origin": [16, 0, 16]},
			"faces": {
				"north": {"uv": [8.375, 7.5, 8.625, 7.625], "texture": "#0"},
				"east": {"uv": [7.625, 8.375, 7.875, 8.5], "texture": "#0"},
				"south": {"uv": [8.375, 7.625, 8.625, 7.75], "texture": "#0"},
				"west": {"uv": [8.375, 7.75, 8.625, 7.875], "texture": "#0"},
				"up": {"uv": [8.125, 2, 7.875, 1.75], "texture": "#0"},
				"down": {"uv": [8.125, 2, 7.875, 2.25], "texture": "#0"}
			}
		},
		{
			"from": [9, 0.5, 15],
			"to": [12, 1.5, 17],
			"rotation": {"angle": 0, "axis": "y", "origin": [16, 0, 16]},
			"faces": {
				"north": {"uv": [4.375, 8.25, 4.75, 8.375], "texture": "#0"},
				"east": {"uv": [7.125, 8.375, 7.375, 8.5], "texture": "#0"},
				"south": {"uv": [8.25, 4.625, 8.625, 4.75], "texture": "#0"},
				"west": {"uv": [7.375, 8.375, 7.625, 8.5], "texture": "#0"},
				"up": {"uv": [7.5, 2, 7.125, 1.75], "texture": "#0"},
				"down": {"uv": [7.5, 2, 7.125, 2.25], "texture": "#0"}
			}
		},
		{
			"from": [10, 0.5, 13.9],
			"to": [13, 2.5, 15.9],
			"rotation": {"angle": 0, "axis": "y", "origin": [16, 0, 16]},
			"faces": {
				"north": {"uv": [7, 6.75, 7.375, 7], "texture": "#0"},
				"east": {"uv": [7.875, 1.125, 8.125, 1.375], "texture": "#0"},
				"south": {"uv": [1, 7.125, 1.375, 7.375], "texture": "#0"},
				"west": {"uv": [7.875, 1.375, 8.125, 1.625], "texture": "#0"},
				"up": {"uv": [1.75, 7.375, 1.375, 7.125], "texture": "#0"},
				"down": {"uv": [2.125, 7.125, 1.75, 7.375], "texture": "#0"}
			}
		},
		{
			"from": [12, -1.5, -1],
			"to": [13, -0.5, 0],
			"faces": {
				"north": {"uv": [5.25, 7.125, 5.375, 7.25], "texture": "#0"},
				"east": {"uv": [3, 7.25, 3.125, 7.375], "texture": "#0"},
				"south": {"uv": [7.25, 4, 7.375, 4.125], "texture": "#0"},
				"west": {"uv": [7, 7.25, 7.125, 7.375], "texture": "#0"},
				"up": {"uv": [7.5, 5.5, 7.375, 5.375], "texture": "#0"},
				"down": {"uv": [1, 7.5, 0.875, 7.625], "texture": "#0"}
			}
		},
		{
			"from": [6.9, 2.5, 14.9],
			"to": [7.9, 3.4, 15.9],
			"rotation": {"angle": 0, "axis": "y", "origin": [16, 0, 16]},
			"faces": {
				"north": {"uv": [8.125, 0.25, 8.25, 0.375], "texture": "#0"},
				"east": {"uv": [0.75, 8.125, 0.875, 8.25], "texture": "#0"},
				"south": {"uv": [4.375, 8.125, 4.5, 8.25], "texture": "#0"},
				"west": {"uv": [2, 8.25, 2.125, 8.375], "texture": "#0"},
				"up": {"uv": [5.5, 8.375, 5.375, 8.25], "texture": "#0"},
				"down": {"uv": [1.875, 8.625, 1.75, 8.75], "texture": "#0"}
			}
		},
		{
			"from": [6.9, 0.5, 13.9],
			"to": [9.9, 2.5, 15.9],
			"rotation": {"angle": 0, "axis": "y", "origin": [16, 0, 16]},
			"faces": {
				"north": {"uv": [5, 6.75, 5.375, 7], "texture": "#0"},
				"east": {"uv": [6.875, 7.625, 7.125, 7.875], "texture": "#0"},
				"south": {"uv": [6.75, 5.625, 7.125, 5.875], "texture": "#0"},
				"west": {"uv": [7.125, 7.625, 7.375, 7.875], "texture": "#0"},
				"up": {"uv": [6.25, 7, 5.875, 6.75], "texture": "#0"},
				"down": {"uv": [7.125, 5.875, 6.75, 6.125], "texture": "#0"}
			}
		},
		{
			"from": [4, 0.5, 15],
			"to": [9, 1.5, 17],
			"rotation": {"angle": 0, "axis": "y", "origin": [16, 0, 16]},
			"faces": {
				"north": {"uv": [7.375, 4.25, 8, 4.375], "texture": "#0"},
				"east": {"uv": [2.125, 8.375, 2.375, 8.5], "texture": "#0"},
				"south": {"uv": [7.375, 6.125, 8, 6.25], "texture": "#0"},
				"west": {"uv": [8.375, 2.125, 8.625, 2.25], "texture": "#0"},
				"up": {"uv": [6.625, 5.375, 6, 5.125], "texture": "#0"},
				"down": {"uv": [6.625, 5.375, 6, 5.625], "texture": "#0"}
			}
		},
		{
			"from": [5, 1.5, 15],
			"to": [8, 2.4, 17],
			"rotation": {"angle": 0, "axis": "y", "origin": [16, 0, 16]},
			"faces": {
				"north": {"uv": [8.25, 0.625, 8.625, 0.75], "texture": "#0"},
				"east": {"uv": [8.375, 2.25, 8.625, 2.375], "texture": "#0"},
				"south": {"uv": [8.25, 0.75, 8.625, 0.875], "texture": "#0"},
				"west": {"uv": [2.375, 8.375, 2.625, 8.5], "texture": "#0"},
				"up": {"uv": [1.125, 7.125, 0.75, 6.875], "texture": "#0"},
				"down": {"uv": [1.5, 6.875, 1.125, 7.125], "texture": "#0"}
			}
		},
		{
			"from": [5, -0.5, 15],
			"to": [8, 0.5, 17],
			"rotation": {"angle": 0, "axis": "y", "origin": [0, 0, 16]},
			"faces": {
				"north": {"uv": [0.5, 8.25, 0.875, 8.375], "texture": "#0"},
				"east": {"uv": [8.375, 1.875, 8.625, 2], "texture": "#0"},
				"south": {"uv": [8.25, 0.5, 8.625, 0.625], "texture": "#0"},
				"west": {"uv": [8.375, 2, 8.625, 2.125], "texture": "#0"},
				"up": {"uv": [7, 5.625, 6.625, 5.375], "texture": "#0"},
				"down": {"uv": [5.875, 6.625, 5.5, 6.875], "texture": "#0"}
			}
		},
		{
			"from": [7, -1.5, 16],
			"to": [8, -0.5, 17],
			"rotation": {"angle": 0, "axis": "y", "origin": [0, 0, 16]},
			"faces": {
				"north": {"uv": [5.5, 7.75, 5.625, 7.875], "texture": "#0"},
				"east": {"uv": [6.125, 7.75, 6.25, 7.875], "texture": "#0"},
				"south": {"uv": [3.375, 8, 3.5, 8.125], "texture": "#0"},
				"west": {"uv": [8, 6.125, 8.125, 6.25], "texture": "#0"},
				"up": {"uv": [6.625, 8.125, 6.5, 8], "texture": "#0"},
				"down": {"uv": [8.125, 7.5, 8, 7.625], "texture": "#0"}
			}
		},
		{
			"from": [6.1, 2.5, 14.9],
			"to": [7.1, 3.4, 15.9],
			"rotation": {"angle": 0, "axis": "y", "origin": [0, 0, 16]},
			"faces": {
				"north": {"uv": [8.625, 2.125, 8.75, 2.25], "texture": "#0"},
				"east": {"uv": [2.25, 8.625, 2.375, 8.75], "texture": "#0"},
				"south": {"uv": [8.625, 2.25, 8.75, 2.375], "texture": "#0"},
				"west": {"uv": [2.375, 8.625, 2.5, 8.75], "texture": "#0"},
				"up": {"uv": [8.75, 2.5, 8.625, 2.375], "texture": "#0"},
				"down": {"uv": [2.625, 8.625, 2.5, 8.75], "texture": "#0"}
			}
		},
		{
			"from": [4.1, 0.5, 13.9],
			"to": [7.1, 2.5, 15.9],
			"rotation": {"angle": 0, "axis": "y", "origin": [0, 0, 16]},
			"faces": {
				"north": {"uv": [6.25, 6.75, 6.625, 7], "texture": "#0"},
				"east": {"uv": [7.375, 7.625, 7.625, 7.875], "texture": "#0"},
				"south": {"uv": [6.625, 6.75, 7, 7], "texture": "#0"},
				"west": {"uv": [7.625, 7.625, 7.875, 7.875], "texture": "#0"},
				"up": {"uv": [0.375, 7.125, 0, 6.875], "texture": "#0"},
				"down": {"uv": [0.75, 6.875, 0.375, 7.125], "texture": "#0"}
			}
		},
		{
			"from": [5, -1.5, 16],
			"to": [6, -0.5, 17],
			"rotation": {"angle": 0, "axis": "y", "origin": [16, 0, 16]},
			"faces": {
				"north": {"uv": [8.625, 1.75, 8.75, 1.875], "texture": "#0"},
				"east": {"uv": [1.875, 8.625, 2, 8.75], "texture": "#0"},
				"south": {"uv": [8.625, 1.875, 8.75, 2], "texture": "#0"},
				"west": {"uv": [2, 8.625, 2.125, 8.75], "texture": "#0"},
				"up": {"uv": [8.75, 2.125, 8.625, 2], "texture": "#0"},
				"down": {"uv": [2.25, 8.625, 2.125, 8.75], "texture": "#0"}
			}
		},
		{
			"from": [-1, 1.5, 4],
			"to": [1, 2.4, 7],
			"rotation": {"angle": 0, "axis": "y", "origin": [0, 0, 16]},
			"faces": {
				"north": {"uv": [2.625, 8.375, 2.875, 8.5], "texture": "#0"},
				"east": {"uv": [0.875, 8.25, 1.25, 8.375], "texture": "#0"},
				"south": {"uv": [8.375, 2.625, 8.625, 2.75], "texture": "#0"},
				"west": {"uv": [1.25, 8.25, 1.625, 8.375], "texture": "#0"},
				"up": {"uv": [3.75, 7.25, 3.5, 6.875], "texture": "#0"},
				"down": {"uv": [4, 6.875, 3.75, 7.25], "texture": "#0"}
			}
		},
		{
			"from": [0.1, 0.5, 2.1],
			"to": [2.1, 2.5, 5.1],
			"rotation": {"angle": 0, "axis": "y", "origin": [0, 0, 16]},
			"faces": {
				"north": {"uv": [0.5, 7.75, 0.75, 8], "texture": "#0"},
				"east": {"uv": [1.875, 6.875, 2.25, 7.125], "texture": "#0"},
				"south": {"uv": [0.875, 7.75, 1.125, 8], "texture": "#0"},
				"west": {"uv": [2.25, 6.875, 2.625, 7.125], "texture": "#0"},
				"up": {"uv": [2.875, 7.25, 2.625, 6.875], "texture": "#0"},
				"down": {"uv": [3.125, 6.875, 2.875, 7.25], "texture": "#0"}
			}
		},
		{
			"from": [0.1, 2.5, 4.1],
			"to": [1.1, 3.4, 5.1],
			"rotation": {"angle": 0, "axis": "y", "origin": [0, 0, 16]},
			"faces": {
				"north": {"uv": [8.625, 2.875, 8.75, 3], "texture": "#0"},
				"east": {"uv": [3, 8.625, 3.125, 8.75], "texture": "#0"},
				"south": {"uv": [8.625, 3, 8.75, 3.125], "texture": "#0"},
				"west": {"uv": [3.125, 8.625, 3.25, 8.75], "texture": "#0"},
				"up": {"uv": [8.75, 3.25, 8.625, 3.125], "texture": "#0"},
				"down": {"uv": [3.375, 8.625, 3.25, 8.75], "texture": "#0"}
			}
		},
		{
			"from": [0.1, 0.5, 4.9],
			"to": [2.1, 2.5, 7.9],
			"rotation": {"angle": 0, "axis": "y", "origin": [0, 0, 32]},
			"faces": {
				"north": {"uv": [0, 7.75, 0.25, 8], "texture": "#0"},
				"east": {"uv": [1.5, 6.875, 1.875, 7.125], "texture": "#0"},
				"south": {"uv": [0.25, 7.75, 0.5, 8], "texture": "#0"},
				"west": {"uv": [6.875, 1.5, 7.25, 1.75], "texture": "#0"},
				"up": {"uv": [3.5, 7.125, 3.25, 6.75], "texture": "#0"},
				"down": {"uv": [7.125, 1.75, 6.875, 2.125], "texture": "#0"}
			}
		},
		{
			"from": [0.1, 2.5, 4.9],
			"to": [1.1, 3.4, 5.9],
			"rotation": {"angle": 0, "axis": "y", "origin": [0, 0, 32]},
			"faces": {
				"north": {"uv": [8.625, 2.5, 8.75, 2.625], "texture": "#0"},
				"east": {"uv": [2.625, 8.625, 2.75, 8.75], "texture": "#0"},
				"south": {"uv": [8.625, 2.625, 8.75, 2.75], "texture": "#0"},
				"west": {"uv": [2.75, 8.625, 2.875, 8.75], "texture": "#0"},
				"up": {"uv": [8.75, 2.875, 8.625, 2.75], "texture": "#0"},
				"down": {"uv": [3, 8.625, 2.875, 8.75], "texture": "#0"}
			}
		},
		{
			"from": [0.1, 2.5, 11.9],
			"to": [1.1, 3.4, 12.9],
			"rotation": {"angle": 0, "axis": "y", "origin": [0, 0, 32]},
			"faces": {
				"north": {"uv": [8.625, 3.25, 8.75, 3.375], "texture": "#0"},
				"east": {"uv": [3.375, 8.625, 3.5, 8.75], "texture": "#0"},
				"south": {"uv": [8.625, 3.375, 8.75, 3.5], "texture": "#0"},
				"west": {"uv": [3.5, 8.625, 3.625, 8.75], "texture": "#0"},
				"up": {"uv": [8.75, 3.625, 8.625, 3.5], "texture": "#0"},
				"down": {"uv": [3.75, 8.625, 3.625, 8.75], "texture": "#0"}
			}
		},
		{
			"from": [-1, 0.5, 3],
			"to": [1, 1.5, 8],
			"rotation": {"angle": 0, "axis": "y", "origin": [0, 0, 16]},
			"faces": {
				"north": {"uv": [8.375, 2.375, 8.625, 2.5], "texture": "#0"},
				"east": {"uv": [7.5, 0.25, 8.125, 0.375], "texture": "#0"},
				"south": {"uv": [8.375, 2.5, 8.625, 2.625], "texture": "#0"},
				"west": {"uv": [7.5, 5.625, 8.125, 5.75], "texture": "#0"},
				"up": {"uv": [3.75, 6.5, 3.5, 5.875], "texture": "#0"},
				"down": {"uv": [5.75, 6, 5.5, 6.625], "texture": "#0"}
			}
		},
		{
			"from": [-1, -0.5, 5],
			"to": [1, 0.5, 7],
			"rotation": {"angle": 0, "axis": "y", "origin": [0, 0, 32]},
			"faces": {
				"north": {"uv": [2.875, 8.375, 3.125, 8.5], "texture": "#0"},
				"east": {"uv": [3.125, 8.375, 3.375, 8.5], "texture": "#0"},
				"south": {"uv": [8.375, 3.125, 8.625, 3.25], "texture": "#0"},
				"west": {"uv": [8.375, 3.25, 8.625, 3.375], "texture": "#0"},
				"up": {"uv": [1.375, 8, 1.125, 7.75], "texture": "#0"},
				"down": {"uv": [1.625, 7.75, 1.375, 8], "texture": "#0"}
			}
		},
		{
			"from": [-1, 0.5, 10],
			"to": [1, 1.5, 14],
			"rotation": {"angle": 0, "axis": "y", "origin": [0, 0, 16]},
			"faces": {
				"north": {"uv": [3.875, 8.375, 4.125, 8.5], "texture": "#0"},
				"east": {"uv": [7.625, 3.125, 8.125, 3.25], "texture": "#0"},
				"south": {"uv": [4.125, 8.375, 4.375, 8.5], "texture": "#0"},
				"west": {"uv": [4, 7.75, 4.5, 7.875], "texture": "#0"},
				"up": {"uv": [6.25, 6.75, 6, 6.25], "texture": "#0"},
				"down": {"uv": [6.5, 6.125, 6.25, 6.625], "texture": "#0"}
			}
		},
		{
			"from": [-1, -0.5, 11],
			"to": [1, 0.5, 13],
			"rotation": {"angle": 0, "axis": "y", "origin": [0, 0, 32]},
			"faces": {
				"north": {"uv": [8.375, 3.5, 8.625, 3.625], "texture": "#0"},
				"east": {"uv": [3.625, 8.375, 3.875, 8.5], "texture": "#0"},
				"south": {"uv": [8.375, 3.625, 8.625, 3.75], "texture": "#0"},
				"west": {"uv": [8.375, 3.75, 8.625, 3.875], "texture": "#0"},
				"up": {"uv": [2.375, 8, 2.125, 7.75], "texture": "#0"},
				"down": {"uv": [2.625, 7.75, 2.375, 8], "texture": "#0"}
			}
		},
		{
			"from": [-1, 1.5, 11],
			"to": [1, 2.4, 14],
			"rotation": {"angle": 0, "axis": "y", "origin": [0, 0, 16]},
			"faces": {
				"north": {"uv": [3.375, 8.375, 3.625, 8.5], "texture": "#0"},
				"east": {"uv": [1.625, 8.25, 2, 8.375], "texture": "#0"},
				"south": {"uv": [8.375, 3.375, 8.625, 3.5], "texture": "#0"},
				"west": {"uv": [8.25, 2.75, 8.625, 2.875], "texture": "#0"},
				"up": {"uv": [5.625, 7.25, 5.375, 6.875], "texture": "#0"},
				"down": {"uv": [5.875, 6.875, 5.625, 7.25], "texture": "#0"}
			}
		},
		{
			"from": [0.1, 0.5, 11.9],
			"to": [2.1, 2.5, 14.9],
			"rotation": {"angle": 0, "axis": "y", "origin": [0, 0, 32]},
			"faces": {
				"north": {"uv": [1.625, 7.75, 1.875, 8], "texture": "#0"},
				"east": {"uv": [4, 6.875, 4.375, 7.125], "texture": "#0"},
				"south": {"uv": [1.875, 7.75, 2.125, 8], "texture": "#0"},
				"west": {"uv": [4.375, 6.875, 4.75, 7.125], "texture": "#0"},
				"up": {"uv": [7.125, 5, 6.875, 4.625], "texture": "#0"},
				"down": {"uv": [5, 6.875, 4.75, 7.25], "texture": "#0"}
			}
		},
		{
			"from": [15, 1.5, 9],
			"to": [17, 2.4, 12],
			"rotation": {"angle": 0, "axis": "y", "origin": [16, 0, 0]},
			"faces": {
				"north": {"uv": [6.625, 8.375, 6.875, 8.5], "texture": "#0"},
				"east": {"uv": [8.25, 4, 8.625, 4.125], "texture": "#0"},
				"south": {"uv": [6.875, 8.375, 7.125, 8.5], "texture": "#0"},
				"west": {"uv": [8.25, 4.125, 8.625, 4.25], "texture": "#0"},
				"up": {"uv": [0.75, 7.5, 0.5, 7.125], "texture": "#0"},
				"down": {"uv": [1, 7.125, 0.75, 7.5], "texture": "#0"}
			}
		},
		{
			"from": [13.9, 0.5, 10.9],
			"to": [15.9, 2.5, 13.9],
			"rotation": {"angle": 0, "axis": "y", "origin": [16, 0, 0]},
			"faces": {
				"north": {"uv": [7.875, 0, 8.125, 0.25], "texture": "#0"},
				"east": {"uv": [6.375, 7, 6.75, 7.25], "texture": "#0"},
				"south": {"uv": [7.875, 0.875, 8.125, 1.125], "texture": "#0"},
				"west": {"uv": [6.75, 7, 7.125, 7.25], "texture": "#0"},
				"up": {"uv": [0.25, 7.5, 0, 7.125], "texture": "#0"},
				"down": {"uv": [0.5, 7.125, 0.25, 7.5], "texture": "#0"}
			}
		},
		{
			"from": [14.9, 2.5, 10.1],
			"to": [15.9, 3.4, 11.1],
			"rotation": {"angle": 0, "axis": "y", "origin": [16, 0, -16]},
			"faces": {
				"north": {"uv": [8.625, 4.875, 8.75, 5], "texture": "#0"},
				"east": {"uv": [5, 8.625, 5.125, 8.75], "texture": "#0"},
				"south": {"uv": [8.625, 5, 8.75, 5.125], "texture": "#0"},
				"west": {"uv": [5.125, 8.625, 5.25, 8.75], "texture": "#0"},
				"up": {"uv": [8.75, 5.25, 8.625, 5.125], "texture": "#0"},
				"down": {"uv": [5.375, 8.625, 5.25, 8.75], "texture": "#0"}
			}
		},
		{
			"from": [14.9, 2.5, 10.9],
			"to": [15.9, 3.4, 11.9],
			"rotation": {"angle": 0, "axis": "y", "origin": [16, 0, 0]},
			"faces": {
				"north": {"uv": [8.625, 4.5, 8.75, 4.625], "texture": "#0"},
				"east": {"uv": [4.625, 8.625, 4.75, 8.75], "texture": "#0"},
				"south": {"uv": [8.625, 4.625, 8.75, 4.75], "texture": "#0"},
				"west": {"uv": [4.75, 8.625, 4.875, 8.75], "texture": "#0"},
				"up": {"uv": [8.75, 4.875, 8.625, 4.75], "texture": "#0"},
				"down": {"uv": [5, 8.625, 4.875, 8.75], "texture": "#0"}
			}
		},
		{
			"from": [13.9, 0.5, 8.1],
			"to": [15.9, 2.5, 11.1],
			"rotation": {"angle": 0, "axis": "y", "origin": [16, 0, -16]},
			"faces": {
				"north": {"uv": [7.75, 7, 8, 7.25], "texture": "#0"},
				"east": {"uv": [7, 5, 7.375, 5.25], "texture": "#0"},
				"south": {"uv": [7.75, 7.25, 8, 7.5], "texture": "#0"},
				"west": {"uv": [7, 5.25, 7.375, 5.5], "texture": "#0"},
				"up": {"uv": [6.125, 7.375, 5.875, 7], "texture": "#0"},
				"down": {"uv": [6.375, 7, 6.125, 7.375], "texture": "#0"}
			}
		},
		{
			"from": [15, 0.5, 8],
			"to": [17, 1.5, 13],
			"rotation": {"angle": 0, "axis": "y", "origin": [16, 0, 0]},
			"faces": {
				"north": {"uv": [8.375, 6.375, 8.625, 6.5], "texture": "#0"},
				"east": {"uv": [7.5, 5.75, 8.125, 5.875], "texture": "#0"},
				"south": {"uv": [8.375, 6.5, 8.625, 6.625], "texture": "#0"},
				"west": {"uv": [7.5, 5.875, 8.125, 6], "texture": "#0"},
				"up": {"uv": [6.25, 6.25, 6, 5.625], "texture": "#0"},
				"down": {"uv": [6, 6, 5.75, 6.625], "texture": "#0"}
			}
		},
		{
			"from": [15, -0.5, 9],
			"to": [17, 0.5, 11],
			"rotation": {"angle": 0, "axis": "y", "origin": [16, 0, -16]},
			"faces": {
				"north": {"uv": [6.125, 8.375, 6.375, 8.5], "texture": "#0"},
				"east": {"uv": [8.375, 6.125, 8.625, 6.25], "texture": "#0"},
				"south": {"uv": [8.375, 6.25, 8.625, 6.375], "texture": "#0"},
				"west": {"uv": [6.375, 8.375, 6.625, 8.5], "texture": "#0"},
				"up": {"uv": [5.5, 8, 5.25, 7.75], "texture": "#0"},
				"down": {"uv": [6.625, 7.75, 6.375, 8], "texture": "#0"}
			}
		},
		{
			"from": [15, 0.5, 2],
			"to": [17, 1.5, 6],
			"rotation": {"angle": 0, "axis": "y", "origin": [16, 0, 0]},
			"faces": {
				"north": {"uv": [5.875, 8.375, 6.125, 8.5], "texture": "#0"},
				"east": {"uv": [7.75, 6.75, 8.25, 6.875], "texture": "#0"},
				"south": {"uv": [8.375, 6, 8.625, 6.125], "texture": "#0"},
				"west": {"uv": [7.75, 6.875, 8.25, 7], "texture": "#0"},
				"up": {"uv": [1.75, 6.875, 1.5, 6.375], "texture": "#0"},
				"down": {"uv": [6.625, 2.75, 6.375, 3.25], "texture": "#0"}
			}
		},
		{
			"from": [15, 1.5, 2],
			"to": [17, 2.4, 5],
			"rotation": {"angle": 0, "axis": "y", "origin": [16, 0, 0]},
			"faces": {
				"north": {"uv": [8.375, 5.625, 8.625, 5.75], "texture": "#0"},
				"east": {"uv": [8.25, 2.875, 8.625, 3], "texture": "#0"},
				"south": {"uv": [8.375, 5.75, 8.625, 5.875], "texture": "#0"},
				"west": {"uv": [8.25, 3, 8.625, 3.125], "texture": "#0"},
				"up": {"uv": [7.25, 4.125, 7, 3.75], "texture": "#0"},
				"down": {"uv": [5.25, 7, 5, 7.375], "texture": "#0"}
			}
		},
		{
			"from": [15, -0.5, 3],
			"to": [17, 0.5, 5],
			"rotation": {"angle": 0, "axis": "y", "origin": [16, 0, -16]},
			"faces": {
				"north": {"uv": [5.375, 8.375, 5.625, 8.5], "texture": "#0"},
				"east": {"uv": [8.375, 5.375, 8.625, 5.5], "texture": "#0"},
				"south": {"uv": [8.375, 5.5, 8.625, 5.625], "texture": "#0"},
				"west": {"uv": [5.625, 8.375, 5.875, 8.5], "texture": "#0"},
				"up": {"uv": [5.25, 8, 5, 7.75], "texture": "#0"},
				"down": {"uv": [8, 5.125, 7.75, 5.375], "texture": "#0"}
			}
		},
		{
			"from": [13.9, 0.5, 1.1],
			"to": [15.9, 2.5, 4.1],
			"rotation": {"angle": 0, "axis": "y", "origin": [16, 0, -16]},
			"faces": {
				"north": {"uv": [7.75, 4.625, 8, 4.875], "texture": "#0"},
				"east": {"uv": [6.875, 6.25, 7.25, 6.5], "texture": "#0"},
				"south": {"uv": [7.75, 4.875, 8, 5.125], "texture": "#0"},
				"west": {"uv": [6.875, 6.5, 7.25, 6.75], "texture": "#0"},
				"up": {"uv": [7.25, 3.125, 7, 2.75], "texture": "#0"},
				"down": {"uv": [7.25, 3.375, 7, 3.75], "texture": "#0"}
			}
		},
		{
			"from": [14.9, 2.5, 3.1],
			"to": [15.9, 3.4, 4.1],
			"rotation": {"angle": 0, "axis": "y", "origin": [16, 0, -16]},
			"faces": {
				"north": {"uv": [4.125, 8.625, 4.25, 8.75], "texture": "#0"},
				"east": {"uv": [8.625, 4.125, 8.75, 4.25], "texture": "#0"},
				"south": {"uv": [4.25, 8.625, 4.375, 8.75], "texture": "#0"},
				"west": {"uv": [4.375, 8.625, 4.5, 8.75], "texture": "#0"},
				"up": {"uv": [8.75, 4.5, 8.625, 4.375], "texture": "#0"},
				"down": {"uv": [4.625, 8.625, 4.5, 8.75], "texture": "#0"}
			}
		},
		{
			"from": [0, 0, 0],
			"to": [16, 1, 16],
			"faces": {
				"north": {"uv": [5.5, 2.25, 7.5, 2.375], "texture": "#0"},
				"east": {"uv": [5.5, 2.375, 7.5, 2.5], "texture": "#0"},
				"south": {"uv": [5.5, 2.5, 7.5, 2.625], "texture": "#0"},
				"west": {"uv": [5.5, 2.625, 7.5, 2.75], "texture": "#0"},
				"up": {"uv": [2, 2, 0, 0], "texture": "#0"},
				"down": {"uv": [2, 2, 0, 4], "texture": "#0"}
			}
		},
		{
			"from": [3, 12, 3],
			"to": [5, 14, 5],
			"faces": {
				"north": {"uv": [8, 4.625, 8.25, 4.875], "texture": "#0"},
				"east": {"uv": [8, 4.875, 8.25, 5.125], "texture": "#0"},
				"south": {"uv": [5, 8, 5.25, 8.25], "texture": "#0"},
				"west": {"uv": [8, 5.125, 8.25, 5.375], "texture": "#0"},
				"up": {"uv": [5.5, 8.25, 5.25, 8], "texture": "#0"},
				"down": {"uv": [6.5, 8, 6.25, 8.25], "texture": "#0"}
			}
		},
		{
			"from": [7, 12, 2],
			"to": [9, 14, 4],
			"faces": {
				"north": {"uv": [8, 7, 8.25, 7.25], "texture": "#0"},
				"east": {"uv": [8, 7.25, 8.25, 7.5], "texture": "#0"},
				"south": {"uv": [8.125, 0, 8.375, 0.25], "texture": "#0"},
				"west": {"uv": [8.125, 0.875, 8.375, 1.125], "texture": "#0"},
				"up": {"uv": [8.375, 1.375, 8.125, 1.125], "texture": "#0"},
				"down": {"uv": [8.375, 1.375, 8.125, 1.625], "texture": "#0"}
			}
		},
		{
			"from": [12, 12, 3],
			"to": [14, 14, 5],
			"faces": {
				"north": {"uv": [8.125, 1.75, 8.375, 2], "texture": "#0"},
				"east": {"uv": [8.125, 2, 8.375, 2.25], "texture": "#0"},
				"south": {"uv": [2.125, 8.125, 2.375, 8.375], "texture": "#0"},
				"west": {"uv": [8.125, 2.25, 8.375, 2.5], "texture": "#0"},
				"up": {"uv": [2.625, 8.375, 2.375, 8.125], "texture": "#0"},
				"down": {"uv": [8.375, 2.5, 8.125, 2.75], "texture": "#0"}
			}
		},
		{
			"from": [12, 12, 10],
			"to": [14, 14, 12],
			"faces": {
				"north": {"uv": [2.875, 8.125, 3.125, 8.375], "texture": "#0"},
				"east": {"uv": [3.125, 8.125, 3.375, 8.375], "texture": "#0"},
				"south": {"uv": [8.125, 3.125, 8.375, 3.375], "texture": "#0"},
				"west": {"uv": [3.375, 8.125, 3.625, 8.375], "texture": "#0"},
				"up": {"uv": [8.375, 3.625, 8.125, 3.375], "texture": "#0"},
				"down": {"uv": [3.875, 8.125, 3.625, 8.375], "texture": "#0"}
			}
		},
		{
			"from": [8, 12, 12],
			"to": [10, 14, 14],
			"faces": {
				"north": {"uv": [8.125, 3.625, 8.375, 3.875], "texture": "#0"},
				"east": {"uv": [3.875, 8.125, 4.125, 8.375], "texture": "#0"},
				"south": {"uv": [4.125, 8.125, 4.375, 8.375], "texture": "#0"},
				"west": {"uv": [8.125, 4.375, 8.375, 4.625], "texture": "#0"},
				"up": {"uv": [5, 8.375, 4.75, 8.125], "texture": "#0"},
				"down": {"uv": [8.375, 5.375, 8.125, 5.625], "texture": "#0"}
			}
		},
		{
			"from": [4, 12, 11],
			"to": [6, 14, 13],
			"faces": {
				"north": {"uv": [5.5, 8.125, 5.75, 8.375], "texture": "#0"},
				"east": {"uv": [8.125, 5.625, 8.375, 5.875], "texture": "#0"},
				"south": {"uv": [5.75, 8.125, 6, 8.375], "texture": "#0"},
				"west": {"uv": [6, 8.125, 6.25, 8.375], "texture": "#0"},
				"up": {"uv": [8.375, 6.375, 8.125, 6.125], "texture": "#0"},
				"down": {"uv": [8.375, 6.375, 8.125, 6.625], "texture": "#0"}
			}
		},
		{
			"from": [2, 12, 8],
			"to": [4, 14, 10],
			"faces": {
				"north": {"uv": [6.5, 8.125, 6.75, 8.375], "texture": "#0"},
				"east": {"uv": [6.75, 8.125, 7, 8.375], "texture": "#0"},
				"south": {"uv": [7, 8.125, 7.25, 8.375], "texture": "#0"},
				"west": {"uv": [7.25, 8.125, 7.5, 8.375], "texture": "#0"},
				"up": {"uv": [7.75, 8.375, 7.5, 8.125], "texture": "#0"},
				"down": {"uv": [8.375, 7.5, 8.125, 7.75], "texture": "#0"}
			}
		},
		{
			"from": [13, 12, 6],
			"to": [15, 14, 8],
			"faces": {
				"north": {"uv": [7.75, 8.125, 8, 8.375], "texture": "#0"},
				"east": {"uv": [8.125, 7.75, 8.375, 8], "texture": "#0"},
				"south": {"uv": [8, 8.125, 8.25, 8.375], "texture": "#0"},
				"west": {"uv": [0, 8.25, 0.25, 8.5], "texture": "#0"},
				"up": {"uv": [0.5, 8.5, 0.25, 8.25], "texture": "#0"},
				"down": {"uv": [8.5, 0.25, 8.25, 0.5], "texture": "#0"}
			}
		},
		{
			"from": [3, 14, 7],
			"to": [3, 16, 9],
			"rotation": {"angle": -22.5, "axis": "x", "origin": [3, 15, 9]},
			"faces": {
				"north": {"uv": [0, 0, 0, 2], "texture": "#1"},
				"east": {"uv": [2, 0, 4, 2], "texture": "#1"},
				"south": {"uv": [0, 0, 0, 2], "texture": "#1"},
				"west": {"uv": [2, 2, 4, 4], "texture": "#1"},
				"up": {"uv": [0, 2, 0, 0], "texture": "#1"},
				"down": {"uv": [0, 0, 0, 2], "texture": "#1"}
			}
		},
		{
			"from": [14, 14, 7],
			"to": [14, 16, 9],
			"rotation": {"angle": -22.5, "axis": "x", "origin": [3, 15, 9]},
			"faces": {
				"north": {"uv": [0, 0, 0, 2], "texture": "#1"},
				"east": {"uv": [0, 4, 2, 6], "texture": "#1"},
				"south": {"uv": [0, 0, 0, 2], "texture": "#1"},
				"west": {"uv": [4, 0, 6, 2], "texture": "#1"},
				"up": {"uv": [0, 2, 0, 0], "texture": "#1"},
				"down": {"uv": [0, 0, 0, 2], "texture": "#1"}
			}
		},
		{
			"from": [7, 17, 3],
			"to": [9, 19, 3],
			"rotation": {"angle": -45, "axis": "z", "origin": [4, 15, 4]},
			"faces": {
				"north": {"uv": [0, 0, 2, 2], "texture": "#1"},
				"east": {"uv": [0, 0, 0, 2], "texture": "#1"},
				"south": {"uv": [0, 2, 2, 4], "texture": "#1"},
				"west": {"uv": [0, 0, 0, 2], "texture": "#1"},
				"up": {"uv": [2, 0, 0, 0], "texture": "#1"},
				"down": {"uv": [2, 0, 0, 0], "texture": "#1"}
			}
		},
		{
			"from": [5, 15, 12],
			"to": [7, 17, 12],
			"rotation": {"angle": -45, "axis": "z", "origin": [4, 15, 4]},
			"faces": {
				"north": {"uv": [2, 4, 4, 6], "texture": "#1"},
				"east": {"uv": [0, 0, 0, 2], "texture": "#1"},
				"south": {"uv": [4, 2, 6, 4], "texture": "#1"},
				"west": {"uv": [0, 0, 0, 2], "texture": "#1"},
				"up": {"uv": [2, 0, 0, 0], "texture": "#1"},
				"down": {"uv": [2, 0, 0, 0], "texture": "#1"}
			}
		}
	],
	"gui_light": "front",
	"display": {
		"thirdperson_righthand": {
			"translation": [0, 2, 2],
			"scale": [0.25, 0.25, 0.25]
		},
		"thirdperson_lefthand": {
			"translation": [0, 2, 2],
			"scale": [0.25, 0.25, 0.25]
		},
		"firstperson_righthand": {
			"rotation": [11, 138, 0],
			"translation": [0, 4.5, 2],
			"scale": [0.25, 0.25, 0.25]
		},
		"firstperson_lefthand": {
			"rotation": [11, 138, 0],
			"translation": [0, 4.5, 2],
			"scale": [0.25, 0.25, 0.25]
		},
		"ground": {
			"scale": [0.5, 0.5, 0.5]
		},
		"gui": {
			"rotation": [18, 162, 0],
			"translation": [0, -1, 0.75],
			"scale": [0.54, 0.54, 0.54]
		},
		"head": {
			"translation": [0, 13.5, 0]
		},
		"fixed": {
			"translation": [0, 0, 0.75],
			"scale": [0.6, 0.6, 0.6]
		}
	},
	"groups": [
		{
			"name": "1",
			"origin": [-17.09378, 0, 1],
			"color": 0,
			"nbt": "{}",
			"children": [0, 1, 2, 3, 4, 5]
		},
		{
			"name": "Cake",
			"origin": [8, 8, 8],
			"color": 0,
			"nbt": "{}",
			"children": [
				6,
				7,
				{
					"name": "IcingTop",
					"origin": [8, 8, 8],
					"color": 0,
					"nbt": "{}",
					"children": [
						8,
						9,
						10,
						11,
						12,
						13,
						14,
						15,
						16,
						17,
						18,
						19,
						20,
						21,
						22,
						23,
						24,
						25,
						26,
						27,
						28,
						29,
						30,
						31,
						32,
						33,
						34,
						35,
						36,
						37,
						38,
						39,
						40,
						41,
						42,
						43,
						44,
						45,
						46,
						47,
						48,
						49,
						50,
						51,
						52,
						53,
						54,
						55,
						56,
						57,
						58,
						59,
						60,
						61,
						62,
						63,
						64,
						65,
						66,
						67,
						68,
						69,
						70,
						71,
						72
					]
				},
				{
					"name": "IcingBottom",
					"origin": [8, 8, 8],
					"color": 0,
					"nbt": "{}",
					"children": [
						73,
						74,
						75,
						76,
						77,
						78,
						79,
						80,
						81,
						82,
						83,
						84,
						85,
						86,
						87,
						88,
						89,
						90,
						91,
						92,
						93,
						94,
						95,
						96,
						97,
						98,
						99,
						100,
						101,
						102,
						103,
						104,
						105,
						106,
						107,
						108,
						109,
						110,
						111,
						112,
						113,
						114,
						115,
						116,
						117,
						118,
						119,
						120,
						121
					]
				}
			]
		},
		122,
		{
			"name": "Strawberries",
			"origin": [8, 8, 8],
			"color": 0,
			"nbt": "{}",
			"children": [123, 124, 125, 126, 127, 128, 129, 130]
		},
		131,
		132,
		133,
		134
	]
}