{
	"credit": "Made with Blockbench",
	"texture_size": [32, 32],
	"textures": {
		"0": "jeracraft:christmas/wraith",
		"1": "jeracraft:christmas/fnk",
		"2": "jeracraft:christmas/wraeth",
		"3": "jeracraft:christmas/snowy",
		"4": "jeracraft:christmas/bellb",
		"5": "jeracraft:christmas/wraethdec",
		"6": "jeracraft:christmas/wraethdec2",
		"particle": "jeracraft:christmas/wraith"
	},
	"elements": [
		{
			"from": [0, -7, 2],
			"to": [3, 2, 7],
			"rotation": {"angle": 22.5, "axis": "y", "origin": [0, 32, 0]},
			"faces": {
				"north": {"uv": [6.5, 0, 7.25, 2.25], "texture": "#1"},
				"east": {"uv": [4, 0, 5.25, 2.25], "texture": "#1"},
				"south": {"uv": [7.25, 0, 8, 2.25], "texture": "#1"},
				"west": {"uv": [4, 2.25, 5.25, 4.5], "texture": "#1"},
				"up": {"uv": [9.25, 7.75, 8.5, 6.5], "texture": "#1"},
				"down": {"uv": [9.25, 7.75, 8.5, 9], "texture": "#1"}
			}
		},
		{
			"from": [-1, -8, -6],
			"to": [2, 3, 2],
			"rotation": {"angle": 22.5, "axis": "y", "origin": [0, 32, 0]},
			"faces": {
				"north": {"uv": [6.25, 3.75, 7, 6.5], "texture": "#1"},
				"east": {"uv": [0, 0, 2, 2.75], "texture": "#1"},
				"south": {"uv": [6.25, 6.5, 7, 9.25], "texture": "#1"},
				"west": {"uv": [2, 0, 4, 2.75], "texture": "#1"},
				"up": {"uv": [5.75, 9.75, 5, 7.75], "texture": "#1"},
				"down": {"uv": [8.5, 6.75, 7.75, 8.75], "texture": "#1"}
			}
		},
		{
			"from": [0, -5, 5],
			"to": [3, 1, 11],
			"rotation": {"angle": 0, "axis": "y", "origin": [0, 32, 0]},
			"faces": {
				"north": {"uv": [0.75, 8.25, 1.5, 9.75], "texture": "#1"},
				"east": {"uv": [2, 5.5, 3.5, 7], "texture": "#1"},
				"south": {"uv": [8.5, 2, 9.25, 3.5], "texture": "#1"},
				"west": {"uv": [6.25, 2.25, 7.75, 3.75], "texture": "#1"},
				"up": {"uv": [9.25, 5, 8.5, 3.5], "texture": "#1"},
				"down": {"uv": [9.25, 5, 8.5, 6.5], "texture": "#1"}
			}
		},
		{
			"from": [2, -9.30984, 17.74308],
			"to": [5, 1.69016, 21.74308],
			"rotation": {"angle": 22.5, "axis": "x", "origin": [0, 32, 0]},
			"faces": {
				"north": {"uv": [3.5, 6.75, 4.25, 9.5], "texture": "#1"},
				"east": {"uv": [5.25, 2.25, 6.25, 5], "texture": "#1"},
				"south": {"uv": [4.25, 6.75, 5, 9.5], "texture": "#1"},
				"west": {"uv": [5.25, 5, 6.25, 7.75], "texture": "#1"},
				"up": {"uv": [9.25, 10, 8.5, 9], "texture": "#1"},
				"down": {"uv": [10, 1.25, 9.25, 2.25], "texture": "#1"}
			}
		},
		{
			"from": [2, -15.43277, -6.96101],
			"to": [5, -4.43277, -2.96101],
			"rotation": {"angle": -22.5, "axis": "x", "origin": [0, 32, 0]},
			"faces": {
				"north": {"uv": [2, 7, 2.75, 9.75], "texture": "#1"},
				"east": {"uv": [0, 5.5, 1, 8.25], "texture": "#1"},
				"south": {"uv": [2.75, 7, 3.5, 9.75], "texture": "#1"},
				"west": {"uv": [1, 5.5, 2, 8.25], "texture": "#1"},
				"up": {"uv": [10, 3.25, 9.25, 2.25], "texture": "#1"},
				"down": {"uv": [10, 3.25, 9.25, 4.25], "texture": "#1"}
			}
		},
		{
			"from": [6.12293, -7, 7.78207],
			"to": [9.12293, 2, 12.78207],
			"rotation": {"angle": -22.5, "axis": "y", "origin": [0, 32, 0]},
			"faces": {
				"north": {"uv": [7.75, 2.25, 8.5, 4.5], "texture": "#1"},
				"east": {"uv": [4, 4.5, 5.25, 6.75], "texture": "#1"},
				"south": {"uv": [7.75, 4.5, 8.5, 6.75], "texture": "#1"},
				"west": {"uv": [5.25, 0, 6.5, 2.25], "texture": "#1"},
				"up": {"uv": [9.5, 1.25, 8.75, 0], "texture": "#1"},
				"down": {"uv": [8.5, 8.75, 7.75, 10], "texture": "#1"}
			}
		},
		{
			"from": [5.12293, -8, 12.78207],
			"to": [8.12293, 3, 20.78207],
			"rotation": {"angle": -22.5, "axis": "y", "origin": [0, 32, 0]},
			"faces": {
				"north": {"uv": [7, 3.75, 7.75, 6.5], "texture": "#1"},
				"east": {"uv": [0, 2.75, 2, 5.5], "texture": "#1"},
				"south": {"uv": [7, 6.5, 7.75, 9.25], "texture": "#1"},
				"west": {"uv": [2, 2.75, 4, 5.5], "texture": "#1"},
				"up": {"uv": [8.75, 2, 8, 0], "texture": "#1"},
				"down": {"uv": [0.75, 8.25, 0, 10.25], "texture": "#1"}
			}
		},
		{
			"from": [3, -14.9, 0],
			"to": [13, -2.8, 16],
			"faces": {
				"north": {"uv": [0, 0, 10, 12.1], "texture": "#0"},
				"east": {"uv": [0, 0, 16, 12.1], "texture": "#0"},
				"south": {"uv": [0, 0, 10, 12.1], "texture": "#0"},
				"west": {"uv": [0, 0, 16, 12.1], "texture": "#0"},
				"up": {"uv": [0, 0, 10, 16], "texture": "#0"},
				"down": {"uv": [0, 0, 10, 16], "texture": "#0"}
			}
		},
		{
			"from": [3, 0, -16],
			"to": [13, 16, -3],
			"faces": {
				"north": {"uv": [0, 0, 10, 16], "texture": "#6"},
				"east": {"uv": [13, 0, 0, 16], "texture": "#0"},
				"south": {"uv": [0, 0, 10, 16], "rotation": 180, "texture": "#6"},
				"west": {"uv": [0, 0, 13, 16], "texture": "#5"},
				"up": {"uv": [0, 0, 10, 13], "texture": "#5"},
				"down": {"uv": [0, 0, 10, 13], "texture": "#6"}
			}
		},
		{
			"from": [2, 16, -13],
			"to": [13, 29, 0],
			"faces": {
				"north": {"uv": [0, 0, 11, 13], "texture": "#2"},
				"east": {"uv": [0, 0, 13, 13], "texture": "#2"},
				"south": {"uv": [0, 0, 11, 13], "texture": "#2"},
				"west": {"uv": [0, 0, 13, 13], "texture": "#2"},
				"up": {"uv": [0, 0, 11, 13], "texture": "#2"},
				"down": {"uv": [0, 0, 11, 13], "texture": "#0"}
			}
		},
		{
			"from": [2, -13, -13],
			"to": [13, 0, 0],
			"faces": {
				"north": {"uv": [0, 0, 11, 13], "texture": "#0"},
				"east": {"uv": [0, 0, 13, 13], "texture": "#0"},
				"south": {"uv": [0, 0, 11, 13], "texture": "#0"},
				"west": {"uv": [0, 0, 13, 13], "texture": "#0"},
				"up": {"uv": [0, 0, 11, 13], "texture": "#0"},
				"down": {"uv": [0, 0, 11, 13], "texture": "#0"}
			}
		},
		{
			"from": [2, -13, 16],
			"to": [13, 0, 29],
			"faces": {
				"north": {"uv": [0, 0, 11, 13], "texture": "#0"},
				"east": {"uv": [0, 0, 13, 13], "texture": "#0"},
				"south": {"uv": [0, 0, 11, 13], "texture": "#0"},
				"west": {"uv": [0, 0, 13, 13], "texture": "#0"},
				"up": {"uv": [0, 0, 11, 13], "texture": "#0"},
				"down": {"uv": [0, 0, 11, 13], "texture": "#0"}
			}
		},
		{
			"from": [2, 16, 16],
			"to": [13, 29, 29],
			"faces": {
				"north": {"uv": [0, 0, 11, 13], "texture": "#2"},
				"east": {"uv": [0, 0, 13, 13], "texture": "#2"},
				"south": {"uv": [0, 0, 11, 13], "texture": "#2"},
				"west": {"uv": [13, 0, 0, 13], "texture": "#2"},
				"up": {"uv": [0, 0, 11, 13], "texture": "#2"},
				"down": {"uv": [0, 0, 11, 13], "texture": "#0"}
			}
		},
		{
			"from": [3, 0, 19],
			"to": [13, 16, 32],
			"faces": {
				"north": {"uv": [10, 0, 0, 16], "rotation": 180, "texture": "#6"},
				"east": {"uv": [0, 0, 13, 16], "texture": "#0"},
				"south": {"uv": [10, 0, 0, 16], "texture": "#6"},
				"west": {"uv": [13, 0, 0, 16], "texture": "#5"},
				"up": {"uv": [0, 0, 10, 13], "texture": "#0"},
				"down": {"uv": [0, 0, 10, 13], "texture": "#5"}
			}
		},
		{
			"from": [3, 18.9, 0],
			"to": [13, 31.9, 16],
			"faces": {
				"north": {"uv": [0, 0, 10, 13], "texture": "#2"},
				"east": {"uv": [0, 0, 16, 13], "texture": "#2"},
				"south": {"uv": [0, 0, 10, 13], "texture": "#2"},
				"west": {"uv": [0, 0, 16, 13], "texture": "#2"},
				"up": {"uv": [0, 0, 10, 16], "texture": "#2"},
				"down": {"uv": [0, 0, 10, 16], "texture": "#0"}
			}
		},
		{
			"from": [3, 31.9, 0],
			"to": [13, 32, 16],
			"faces": {
				"north": {"uv": [2.5, 4, 0, 0], "texture": "#3"},
				"east": {"uv": [2.5, 4, 0, 0], "texture": "#3"},
				"south": {"uv": [2.5, 4, 0, 0], "texture": "#3"},
				"west": {"uv": [2.5, 4, 0, 0], "texture": "#3"},
				"up": {"uv": [2.5, 4, 0, 0], "texture": "#3"},
				"down": {"uv": [2.5, 4, 0, 0], "texture": "#3"}
			}
		},
		{
			"from": [2, 29, 16],
			"to": [13, 29.1, 29],
			"faces": {
				"north": {"uv": [2.75, 7.25, 0, 4], "texture": "#3"},
				"east": {"uv": [2.75, 7.25, 0, 4], "texture": "#3"},
				"south": {"uv": [2.75, 7.25, 0, 4], "texture": "#3"},
				"west": {"uv": [2.75, 7.25, 0, 4], "texture": "#3"},
				"up": {"uv": [2.75, 7.25, 0, 4], "texture": "#3"},
				"down": {"uv": [2.75, 7.25, 0, 4], "texture": "#3"}
			}
		},
		{
			"from": [2, 29, -13],
			"to": [13, 29.1, 0],
			"faces": {
				"north": {"uv": [7.75, 3.25, 5, 0], "texture": "#3"},
				"east": {"uv": [7.75, 3.25, 5, 0], "texture": "#3"},
				"south": {"uv": [7.75, 3.25, 5, 0], "texture": "#3"},
				"west": {"uv": [7.75, 3.25, 5, 0], "texture": "#3"},
				"up": {"uv": [7.75, 3.25, 5, 0], "texture": "#3"},
				"down": {"uv": [7.75, 3.25, 5, 0], "texture": "#3"}
			}
		},
		{
			"from": [5, 14.4, 15.3],
			"to": [10, 16.4, 20.3],
			"rotation": {"angle": -22.5, "axis": "x", "origin": [7, -2, 17]},
			"faces": {
				"north": {"uv": [0, 5, 2.5, 6], "texture": "#4"},
				"east": {"uv": [5, 0, 7.5, 1], "texture": "#4"},
				"south": {"uv": [5, 1, 7.5, 2], "texture": "#4"},
				"west": {"uv": [5, 2, 7.5, 3], "texture": "#4"},
				"up": {"uv": [2.5, 2.5, 0, 0], "texture": "#4"},
				"down": {"uv": [2.5, 2.5, 0, 5], "texture": "#4"}
			}
		},
		{
			"from": [6, 16.4, 16.3],
			"to": [9, 19.4, 19.3],
			"rotation": {"angle": -22.5, "axis": "x", "origin": [7, -2, 17]},
			"faces": {
				"north": {"uv": [0, 6, 1.5, 7.5], "texture": "#4"},
				"east": {"uv": [1.5, 6, 3, 7.5], "texture": "#4"},
				"south": {"uv": [3, 6, 4.5, 7.5], "texture": "#4"},
				"west": {"uv": [4.5, 6, 6, 7.5], "texture": "#4"},
				"up": {"uv": [7.5, 7.5, 6, 6], "texture": "#4"},
				"down": {"uv": [1.5, 7.5, 0, 9], "texture": "#4"}
			}
		},
		{
			"from": [5, 14, -4],
			"to": [10, 16, 1],
			"rotation": {"angle": 22.5, "axis": "x", "origin": [7, -2, 1]},
			"faces": {
				"north": {"uv": [2.5, 5, 5, 6], "texture": "#4"},
				"east": {"uv": [5, 3, 7.5, 4], "texture": "#4"},
				"south": {"uv": [5, 4, 7.5, 5], "texture": "#4"},
				"west": {"uv": [5, 5, 7.5, 6], "texture": "#4"},
				"up": {"uv": [5, 2.5, 2.5, 0], "texture": "#4"},
				"down": {"uv": [5, 2.5, 2.5, 5], "texture": "#4"}
			}
		},
		{
			"from": [6, 16, -3],
			"to": [9, 19, 0],
			"rotation": {"angle": 22.5, "axis": "x", "origin": [7, -2, 1]},
			"faces": {
				"north": {"uv": [7.5, 0, 9, 1.5], "texture": "#4"},
				"east": {"uv": [1.5, 7.5, 3, 9], "texture": "#4"},
				"south": {"uv": [7.5, 1.5, 9, 3], "texture": "#4"},
				"west": {"uv": [3, 7.5, 4.5, 9], "texture": "#4"},
				"up": {"uv": [9, 4.5, 7.5, 3], "texture": "#4"},
				"down": {"uv": [6, 7.5, 4.5, 9], "texture": "#4"}
			}
		},
		{
			"from": [7, 19, -2],
			"to": [8, 20, -1],
			"rotation": {"angle": 22.5, "axis": "x", "origin": [7, -2, 1]},
			"faces": {
				"north": {"uv": [7.5, 4.5, 8, 5], "texture": "#4"},
				"east": {"uv": [7.5, 5, 8, 5.5], "texture": "#4"},
				"south": {"uv": [7.5, 5.5, 8, 6], "texture": "#4"},
				"west": {"uv": [6, 7.5, 6.5, 8], "texture": "#4"},
				"up": {"uv": [8, 6.5, 7.5, 6], "texture": "#4"},
				"down": {"uv": [7, 7.5, 6.5, 8], "texture": "#4"}
			}
		},
		{
			"from": [7, 13.3, 16],
			"to": [8, 14.3, 17],
			"rotation": {"angle": -22.5, "axis": "x", "origin": [7, -2, 1]},
			"faces": {
				"north": {"uv": [7.5, 6.5, 8, 7], "texture": "#4"},
				"east": {"uv": [7, 7.5, 7.5, 8], "texture": "#4"},
				"south": {"uv": [7.5, 7, 8, 7.5], "texture": "#4"},
				"west": {"uv": [7.5, 7.5, 8, 8], "texture": "#4"},
				"up": {"uv": [8.5, 5, 8, 4.5], "texture": "#4"},
				"down": {"uv": [8.5, 5, 8, 5.5], "texture": "#4"}
			}
		}
	],
	"display": {
		"gui": {
			"rotation": [0, 90, 0],
			"scale": [0.3, 0.3, 0.3]
		},
		"fixed": {
			"rotation": [0, -90, 0],
			"translation": [0, -0.25, -20.25],
			"scale": [4, 4, 4]
		}
	},
	"groups": [
		{
			"name": "group",
			"origin": [8, 8, 8],
			"color": 0,
			"nbt": "{}",
			"children": [
				{
					"name": "group",
					"origin": [8, 8, 8],
					"color": 0,
					"nbt": "{}",
					"children": []
				},
				{
					"name": "group",
					"origin": [8, 8, 8],
					"color": 0,
					"nbt": "{}",
					"children": []
				},
				{
					"name": "group",
					"origin": [8, 8, 8],
					"color": 3,
					"nbt": "{}",
					"children": [
						0,
						1,
						{
							"name": "group",
							"origin": [8, 8, 8],
							"color": 3,
							"nbt": "{}",
							"children": [2, 3, 4, 5, 6]
						}
					]
				},
				7,
				8,
				9,
				10,
				11,
				12,
				13,
				14
			]
		},
		{
			"name": "group",
			"origin": [8, 8, 8],
			"color": 0,
			"nbt": "{}",
			"children": []
		},
		{
			"name": "group",
			"origin": [8, 8, 8],
			"color": 0,
			"nbt": "{}",
			"children": [15, 16, 17]
		},
		{
			"name": "group",
			"origin": [8, 8, 8],
			"color": 0,
			"nbt": "{}",
			"children": [
				{
					"name": "group",
					"origin": [8, 8, 8],
					"color": 0,
					"nbt": "{}",
					"children": [18, 19]
				},
				20,
				21,
				22,
				23
			]
		}
	]
}