{
	"credit": "Made with Blockbench",
	"textures": {
		"0": "jeracraft:christmas/texture",
		"1": "jeracraft:christmas/plate",
		"2": "jeracraft:christmas/platedec",
		"particle": "jeracraft:christmas/texture"
	},
	"elements": [
		{
			"from": [3, 0.5, 3],
			"to": [13, 1, 13],
			"rotation": {"angle": 0, "axis": "y", "origin": [0, 0.5, 0]},
			"faces": {
				"north": {"uv": [5, 0, 10, 0.25], "texture": "#1"},
				"east": {"uv": [5, 0.5, 10, 0.75], "texture": "#1"},
				"south": {"uv": [5, 1, 10, 1.25], "texture": "#1"},
				"west": {"uv": [5, 1.5, 10, 1.75], "texture": "#1"},
				"up": {"uv": [5, 5, 0, 0], "texture": "#1"},
				"down": {"uv": [5, 5, 0, 10], "texture": "#1"}
			}
		},
		{
			"from": [4, 0, 4],
			"to": [12, 0.5, 12],
			"rotation": {"angle": 0, "axis": "y", "origin": [0, 0.5, 0]},
			"faces": {
				"north": {"uv": [5, 0, 10, 0.25], "texture": "#1"},
				"east": {"uv": [5, 0.5, 10, 0.75], "texture": "#1"},
				"south": {"uv": [5, 1, 10, 1.25], "texture": "#1"},
				"west": {"uv": [5, 1.5, 10, 1.75], "texture": "#1"},
				"up": {"uv": [5, 5, 0, 0], "texture": "#1"},
				"down": {"uv": [5, 5, 0, 10], "texture": "#1"}
			}
		},
		{
			"from": [4.4, 1, 11],
			"to": [6.4, 1.4, 13],
			"rotation": {"angle": 22.5, "axis": "y", "origin": [-0.6, 0, 8]},
			"faces": {
				"north": {"uv": [6, 2, 7, 2.5], "texture": "#0"},
				"east": {"uv": [6, 2.5, 7, 3], "texture": "#0"},
				"south": {"uv": [6, 3, 7, 3.5], "texture": "#0"},
				"west": {"uv": [6, 3.5, 7, 4], "texture": "#0"},
				"up": {"uv": [6, 3, 5, 2], "texture": "#0"},
				"down": {"uv": [6, 3, 5, 4], "texture": "#0"}
			}
		},
		{
			"from": [3, 0.9, 14.9],
			"to": [4, 1.3, 16.9],
			"rotation": {"angle": 45, "axis": "y", "origin": [-0.6, 0, 8]},
			"faces": {
				"north": {"uv": [7.5, 3, 8, 3.5], "texture": "#0"},
				"east": {"uv": [6, 4, 7, 4.5], "texture": "#0"},
				"south": {"uv": [7.5, 3.5, 8, 4], "texture": "#0"},
				"west": {"uv": [6, 4.5, 7, 5], "texture": "#0"},
				"up": {"uv": [5.5, 7, 5, 6], "texture": "#0"},
				"down": {"uv": [6.5, 5, 6, 6], "texture": "#0"}
			}
		},
		{
			"from": [5.8, 0.9, 10.3],
			"to": [6.8, 1.3, 12.3],
			"rotation": {"angle": 0, "axis": "y", "origin": [-0.6, 0, 8]},
			"faces": {
				"north": {"uv": [7.5, 4, 8, 4.5], "texture": "#0"},
				"east": {"uv": [5.5, 6, 6.5, 6.5], "texture": "#0"},
				"south": {"uv": [7.5, 5, 8, 5.5], "texture": "#0"},
				"west": {"uv": [6.5, 5, 7.5, 5.5], "texture": "#0"},
				"up": {"uv": [6, 7.5, 5.5, 6.5], "texture": "#0"},
				"down": {"uv": [7, 5.5, 6.5, 6.5], "texture": "#0"}
			}
		},
		{
			"from": [3.7, 0.7, 8.7],
			"to": [5.7, 1.3, 9.7],
			"rotation": {"angle": 0, "axis": "y", "origin": [-0.6, 0, 8]},
			"faces": {
				"north": {"uv": [7, 2, 8, 2.5], "texture": "#0"},
				"east": {"uv": [5.5, 7.5, 6, 8], "texture": "#0"},
				"south": {"uv": [6, 6.5, 7, 7], "texture": "#0"},
				"west": {"uv": [6.5, 7.5, 7, 8], "texture": "#0"},
				"up": {"uv": [7.5, 3.5, 7, 2.5], "rotation": 90, "texture": "#0"},
				"down": {"uv": [7.5, 3.5, 7, 4.5], "rotation": 270, "texture": "#0"}
			}
		},
		{
			"from": [4.3, 0.7, 13.2],
			"to": [6.3, 1.3, 14.2],
			"rotation": {"angle": 45, "axis": "y", "origin": [-0.6, 0, 8]},
			"faces": {
				"north": {"uv": [7, 4.5, 8, 5], "texture": "#0"},
				"east": {"uv": [7.5, 7, 8, 7.5], "texture": "#0"},
				"south": {"uv": [7, 5.5, 8, 6], "texture": "#0"},
				"west": {"uv": [7, 7.5, 7.5, 8], "texture": "#0"},
				"up": {"uv": [5.5, 8, 5, 7], "rotation": 270, "texture": "#0"},
				"down": {"uv": [6.5, 7, 6, 8], "rotation": 90, "texture": "#0"}
			}
		},
		{
			"from": [4.4, 1, 9],
			"to": [6.4, 1.4, 11],
			"rotation": {"angle": 22.5, "axis": "y", "origin": [-0.6, 0, 8]},
			"faces": {
				"north": {"uv": [7, 6, 8, 6.5], "texture": "#0"},
				"east": {"uv": [6.5, 7, 7.5, 7.5], "texture": "#0"},
				"south": {"uv": [7, 6.5, 8, 7], "texture": "#0"},
				"west": {"uv": [7.5, 2.5, 8.5, 3], "texture": "#0"},
				"up": {"uv": [6, 5, 5, 4], "texture": "#0"},
				"down": {"uv": [6, 5, 5, 6], "texture": "#0"}
			}
		},
		{
			"from": [7, 0.9, 13.2],
			"to": [7.7, 1.3, 15.4],
			"rotation": {"angle": 22.5, "axis": "y", "origin": [-1, 0, 8]},
			"faces": {
				"north": {"uv": [2, 11, 2.75, 11.5], "texture": "#2"},
				"east": {"uv": [0, 8, 2.25, 8.5], "texture": "#2"},
				"south": {"uv": [11, 2, 11.75, 2.5], "texture": "#2"},
				"west": {"uv": [8, 3, 10.25, 3.5], "texture": "#2"},
				"up": {"uv": [5.75, 8.25, 5, 6], "texture": "#2"},
				"down": {"uv": [6.75, 5, 6, 7.25], "texture": "#2"}
			}
		},
		{
			"from": [7.4, 5.3, 10.6],
			"to": [10.1, 5.8, 11.3],
			"rotation": {"angle": -22.5, "axis": "z", "origin": [-1, 0, 8]},
			"faces": {
				"north": {"uv": [7, 6, 9.75, 6.5], "texture": "#2"},
				"east": {"uv": [3, 11, 3.75, 11.5], "texture": "#2"},
				"south": {"uv": [7, 7, 9.75, 7.5], "texture": "#2"},
				"west": {"uv": [11, 3, 11.75, 3.5], "texture": "#2"},
				"up": {"uv": [4.75, 6.75, 2, 6], "texture": "#2"},
				"down": {"uv": [8.75, 2, 6, 2.75], "texture": "#2"}
			}
		},
		{
			"from": [7.4, 5.4, 9.9],
			"to": [8, 5.8, 10.6],
			"rotation": {"angle": -22.5, "axis": "z", "origin": [-1, 0, 8]},
			"faces": {
				"north": {"uv": [11, 7, 11.5, 7.5], "texture": "#2"},
				"east": {"uv": [4, 11, 4.75, 11.5], "texture": "#2"},
				"south": {"uv": [8, 11, 8.5, 11.5], "texture": "#2"},
				"west": {"uv": [5, 11, 5.75, 11.5], "texture": "#2"},
				"up": {"uv": [11.5, 5.75, 11, 5], "texture": "#2"},
				"down": {"uv": [6.5, 11, 6, 11.75], "texture": "#2"}
			}
		},
		{
			"from": [6.3, 0.9, 15.4],
			"to": [7.7, 1.3, 16.1],
			"rotation": {"angle": 22.5, "axis": "y", "origin": [-1, 0, 8]},
			"faces": {
				"north": {"uv": [4, 10, 5.5, 10.5], "texture": "#2"},
				"east": {"uv": [11, 6, 11.75, 6.5], "texture": "#2"},
				"south": {"uv": [10, 4, 11.5, 4.5], "texture": "#2"},
				"west": {"uv": [7, 11, 7.75, 11.5], "texture": "#2"},
				"up": {"uv": [4.5, 8.75, 3, 8], "texture": "#2"},
				"down": {"uv": [9.5, 4, 8, 4.75], "texture": "#2"}
			}
		},
		{
			"from": [5.2, 1, 4],
			"to": [7.2, 3, 6],
			"rotation": {"angle": 0, "axis": "y", "origin": [0, 0.5, 0]},
			"faces": {
				"north": {"uv": [0, 4, 2, 6], "texture": "#2"},
				"east": {"uv": [4, 0, 6, 2], "texture": "#2"},
				"south": {"uv": [2, 4, 4, 6], "texture": "#2"},
				"west": {"uv": [4, 2, 6, 4], "texture": "#2"},
				"up": {"uv": [6, 6, 4, 4], "texture": "#2"},
				"down": {"uv": [2, 6, 0, 8], "texture": "#2"}
			}
		},
		{
			"from": [4.4, 1.5, 5],
			"to": [4.9, 2.4, 5],
			"rotation": {"angle": 0, "axis": "y", "origin": [0, 0.5, 0]},
			"faces": {
				"north": {"uv": [1, 11, 1.5, 12], "texture": "#2"},
				"east": {"uv": [0, 0, 0, 1], "texture": "#2"},
				"south": {"uv": [11, 1, 11.5, 2], "texture": "#2"},
				"west": {"uv": [0, 0, 0, 1], "texture": "#2"},
				"up": {"uv": [0.5, 0, 0, 0], "texture": "#2"},
				"down": {"uv": [0.5, 0, 0, 0], "texture": "#2"}
			}
		},
		{
			"from": [4.7, 1, 5],
			"to": [5.2, 1.5, 5],
			"rotation": {"angle": 0, "axis": "y", "origin": [0, 0.5, 0]},
			"faces": {
				"north": {"uv": [11, 8, 11.5, 8.5], "texture": "#2"},
				"east": {"uv": [0, 0, 0, 0.5], "texture": "#2"},
				"south": {"uv": [9, 11, 9.5, 11.5], "texture": "#2"},
				"west": {"uv": [0, 0, 0, 0.5], "texture": "#2"},
				"up": {"uv": [0.5, 0, 0, 0], "texture": "#2"},
				"down": {"uv": [0.5, 0, 0, 0], "texture": "#2"}
			}
		},
		{
			"from": [4.7, 2.4, 5],
			"to": [5.2, 2.9, 5],
			"rotation": {"angle": 0, "axis": "y", "origin": [0, 0.5, 0]},
			"faces": {
				"north": {"uv": [11, 9, 11.5, 9.5], "texture": "#2"},
				"east": {"uv": [0, 0, 0, 0.5], "texture": "#2"},
				"south": {"uv": [10, 11, 10.5, 11.5], "texture": "#2"},
				"west": {"uv": [0, 0, 0, 0.5], "texture": "#2"},
				"up": {"uv": [0.5, 0, 0, 0], "texture": "#2"},
				"down": {"uv": [0.5, 0, 0, 0], "texture": "#2"}
			}
		},
		{
			"from": [10, 0.9, 5.5],
			"to": [12, 1.3, 6.5],
			"rotation": {"angle": 22.5, "axis": "x", "origin": [-1, 0, 8]},
			"faces": {
				"north": {"uv": [8, 9, 10, 9.5], "texture": "#2"},
				"east": {"uv": [10, 7, 11, 7.5], "texture": "#2"},
				"south": {"uv": [0, 10, 2, 10.5], "texture": "#2"},
				"west": {"uv": [8, 10, 9, 10.5], "texture": "#2"},
				"up": {"uv": [8, 4, 6, 3], "texture": "#2"},
				"down": {"uv": [8, 4, 6, 5], "texture": "#2"}
			}
		},
		{
			"from": [10.5, 0.9, 4.5],
			"to": [11.5, 1.3, 5.5],
			"rotation": {"angle": 22.5, "axis": "x", "origin": [-1, 0, 8]},
			"faces": {
				"north": {"uv": [10, 5, 11, 5.5], "texture": "#2"},
				"east": {"uv": [6, 10, 7, 10.5], "texture": "#2"},
				"south": {"uv": [10, 6, 11, 6.5], "texture": "#2"},
				"west": {"uv": [7, 10, 8, 10.5], "texture": "#2"},
				"up": {"uv": [7, 10, 6, 9], "texture": "#2"},
				"down": {"uv": [8, 9, 7, 10], "texture": "#2"}
			}
		},
		{
			"from": [9.5, 0.9, 6.5],
			"to": [12.5, 1.3, 7.5],
			"rotation": {"angle": 22.5, "axis": "x", "origin": [-1, 0, 8]},
			"faces": {
				"north": {"uv": [2, 7, 5, 7.5], "texture": "#2"},
				"east": {"uv": [10, 8, 11, 8.5], "texture": "#2"},
				"south": {"uv": [7, 5, 10, 5.5], "texture": "#2"},
				"west": {"uv": [9, 10, 10, 10.5], "texture": "#2"},
				"up": {"uv": [9, 1, 6, 0], "texture": "#2"},
				"down": {"uv": [9, 1, 6, 2], "texture": "#2"}
			}
		},
		{
			"from": [10.5, 0.9, 7.5],
			"to": [11.5, 1.3, 8.5],
			"rotation": {"angle": 22.5, "axis": "x", "origin": [-1, 0, 8]},
			"faces": {
				"north": {"uv": [10, 9, 11, 9.5], "texture": "#2"},
				"east": {"uv": [10, 10, 11, 10.5], "texture": "#2"},
				"south": {"uv": [0, 11, 1, 11.5], "texture": "#2"},
				"west": {"uv": [11, 0, 12, 0.5], "texture": "#2"},
				"up": {"uv": [3, 11, 2, 10], "texture": "#2"},
				"down": {"uv": [4, 10, 3, 11], "texture": "#2"}
			}
		},
		{
			"from": [7.5, 1.4, 5.1],
			"to": [9.5, 1.8, 7.1],
			"rotation": {"angle": 0, "axis": "x", "origin": [-0.5, 0, 7]},
			"faces": {
				"north": {"uv": [6, 8, 8, 8.5], "texture": "#2"},
				"east": {"uv": [8, 8, 10, 8.5], "texture": "#2"},
				"south": {"uv": [0, 9, 2, 9.5], "texture": "#2"},
				"west": {"uv": [9, 0, 11, 0.5], "texture": "#2"},
				"up": {"uv": [2, 2, 0, 0], "texture": "#2"},
				"down": {"uv": [2, 2, 0, 4], "texture": "#2"}
			}
		},
		{
			"from": [8.1, 1, 7.6],
			"to": [10.1, 1.4, 9.6],
			"rotation": {"angle": 0, "axis": "x", "origin": [-0.5, 0, 7]},
			"faces": {
				"north": {"uv": [6, 8, 8, 8.5], "texture": "#2"},
				"east": {"uv": [8, 8, 10, 8.5], "texture": "#2"},
				"south": {"uv": [0, 9, 2, 9.5], "texture": "#2"},
				"west": {"uv": [9, 0, 11, 0.5], "texture": "#2"},
				"up": {"uv": [2, 2, 0, 0], "texture": "#2"},
				"down": {"uv": [2, 2, 0, 4], "texture": "#2"}
			}
		},
		{
			"from": [7.4, 1, 8.3],
			"to": [9.4, 1.4, 10.3],
			"rotation": {"angle": 22.5, "axis": "y", "origin": [-0.5, 0, 7]},
			"faces": {
				"north": {"uv": [6, 8, 8, 8.5], "texture": "#2"},
				"east": {"uv": [8, 8, 10, 8.5], "texture": "#2"},
				"south": {"uv": [0, 9, 2, 9.5], "texture": "#2"},
				"west": {"uv": [9, 0, 11, 0.5], "texture": "#2"},
				"up": {"uv": [2, 2, 0, 0], "texture": "#2"},
				"down": {"uv": [2, 2, 0, 4], "texture": "#2"}
			}
		},
		{
			"from": [8.7, 1, 0.4],
			"to": [10.7, 1.4, 2.4],
			"rotation": {"angle": -22.5, "axis": "y", "origin": [-0.5, 0, 7]},
			"faces": {
				"north": {"uv": [6, 8, 8, 8.5], "texture": "#2"},
				"east": {"uv": [8, 8, 10, 8.5], "texture": "#2"},
				"south": {"uv": [0, 9, 2, 9.5], "texture": "#2"},
				"west": {"uv": [9, 0, 11, 0.5], "texture": "#2"},
				"up": {"uv": [2, 2, 0, 0], "texture": "#2"},
				"down": {"uv": [2, 2, 0, 4], "texture": "#2"}
			}
		},
		{
			"from": [5.3, 1.4, -3.4],
			"to": [7.3, 1.8, -1.4],
			"rotation": {"angle": -45, "axis": "y", "origin": [-0.5, 0, 7]},
			"faces": {
				"north": {"uv": [6, 8, 8, 8.5], "texture": "#2"},
				"east": {"uv": [8, 8, 10, 8.5], "texture": "#2"},
				"south": {"uv": [0, 9, 2, 9.5], "texture": "#2"},
				"west": {"uv": [9, 0, 11, 0.5], "texture": "#2"},
				"up": {"uv": [2, 2, 0, 0], "texture": "#2"},
				"down": {"uv": [2, 2, 0, 4], "texture": "#2"}
			}
		}
	],
	"display": {
		"thirdperson_righthand": {
			"translation": [0, 7.5, 0]
		},
		"thirdperson_lefthand": {
			"translation": [0, 7.5, 0]
		},
		"firstperson_righthand": {
			"translation": [0, 7.5, 0]
		},
		"firstperson_lefthand": {
			"translation": [0, 7.5, 0]
		},
		"ground": {
			"scale": [0.51, 0.51, 0.51]
		},
		"gui": {
			"rotation": [90, 0, 0],
			"scale": [1.5, 1.5, 1.5]
		},
		"head": {
			"translation": [0, 18.75, 0],
			"scale": [1.5, 1.5, 1.5]
		},
		"fixed": {
			"rotation": [-90, 0, 0],
			"translation": [0, 0, -16.25],
			"scale": [2, 2, 2]
		}
	},
	"groups": [
		{
			"name": "group",
			"origin": [8, 8, 8],
			"color": 0,
			"nbt": "{}",
			"children": [
				0,
				1,
				{
					"name": "group",
					"origin": [8, 8, 8],
					"color": 0,
					"nbt": "{}",
					"children": [2, 3, 4, 5, 6, 7]
				},
				{
					"name": "group",
					"origin": [8, 8, 8],
					"color": 0,
					"nbt": "{}",
					"children": [
						8,
						9,
						10,
						11,
						{
							"name": "group",
							"origin": [8, 8, 8],
							"color": 0,
							"nbt": "{}",
							"children": [12, 13, 14, 15]
						}
					]
				}
			]
		},
		{
			"name": "group",
			"origin": [8, 8, 8],
			"color": 0,
			"nbt": "{}",
			"children": [16, 17, 18, 19]
		},
		{
			"name": "group",
			"origin": [8, 8, 8],
			"color": 0,
			"nbt": "{}",
			"children": [20, 21, 22, 23, 24]
		}
	]
}