{
	"credit": "Made with Blockbench",
	"texture_size": [32, 32],
	"textures": {
		"0": "jeracraft:christmas/antlers",
		"particle": "jeracraft:christmas/antlers"
	},
	"elements": [
		{
			"from": [3, 9, 7],
			"to": [4, 14, 9],
			"faces": {
				"north": {"uv": [4, 1, 4.5, 3.5], "texture": "#0"},
				"east": {"uv": [0, 2, 1, 4.5], "texture": "#0"},
				"south": {"uv": [4, 3.5, 4.5, 6], "texture": "#0"},
				"west": {"uv": [1, 2, 2, 4.5], "texture": "#0"},
				"up": {"uv": [3.5, 5.5, 3, 4.5], "texture": "#0"},
				"down": {"uv": [5, 3, 4.5, 4], "texture": "#0"}
			}
		},
		{
			"from": [12, 9, 7],
			"to": [13, 14, 9],
			"rotation": {"angle": 0, "axis": "y", "origin": [16, 0, 0]},
			"faces": {
				"north": {"uv": [0, 4.5, 0.5, 7], "texture": "#0"},
				"east": {"uv": [2, 2, 3, 4.5], "texture": "#0"},
				"south": {"uv": [0.5, 4.5, 1, 7], "texture": "#0"},
				"west": {"uv": [3, 2, 4, 4.5], "texture": "#0"},
				"up": {"uv": [4, 5.5, 3.5, 4.5], "texture": "#0"},
				"down": {"uv": [5.5, 3, 5, 4], "texture": "#0"}
			}
		},
		{
			"from": [11.725, 7.725, 6.725],
			"to": [13.275, 10.275, 9.275],
			"rotation": {"angle": 0, "axis": "y", "origin": [16, 0, 0]},
			"faces": {
				"north": {"uv": [4.5, 5, 5, 6], "texture": "#0"},
				"east": {"uv": [1, 4.5, 2, 5.5], "texture": "#0"},
				"south": {"uv": [5, 5, 5.5, 6], "texture": "#0"},
				"west": {"uv": [4.5, 1, 5.5, 2], "texture": "#0"},
				"up": {"uv": [1.5, 6.5, 1, 5.5], "texture": "#0"},
				"down": {"uv": [6, 1, 5.5, 2], "texture": "#0"}
			}
		},
		{
			"from": [2.725, 7.725, 6.725],
			"to": [4.275, 10.275, 9.275],
			"faces": {
				"north": {"uv": [1.5, 5.5, 2, 6.5], "texture": "#0"},
				"east": {"uv": [2, 4.5, 3, 5.5], "texture": "#0"},
				"south": {"uv": [2, 5.5, 2.5, 6.5], "texture": "#0"},
				"west": {"uv": [4.5, 2, 5.5, 3], "texture": "#0"},
				"up": {"uv": [6, 3, 5.5, 2], "texture": "#0"},
				"down": {"uv": [3, 5.5, 2.5, 6.5], "texture": "#0"}
			}
		},
		{
			"from": [4, 13, 7],
			"to": [12, 14, 9],
			"faces": {
				"north": {"uv": [4, 0, 8, 0.5], "texture": "#0"},
				"east": {"uv": [4.5, 4, 5.5, 4.5], "texture": "#0"},
				"south": {"uv": [4, 0.5, 8, 1], "texture": "#0"},
				"west": {"uv": [4.5, 4.5, 5.5, 5], "texture": "#0"},
				"up": {"uv": [4, 1, 0, 0], "texture": "#0"},
				"down": {"uv": [4, 1, 0, 2], "texture": "#0"}
			}
		},
		{
			"from": [9.9, 13.9, 7.4],
			"to": [12.1, 15.1, 8.6],
			"rotation": {"angle": 0, "axis": "y", "origin": [1, 0, 0]},
			"faces": {
				"north": {"uv": [3, 5.5, 4, 6], "texture": "#0"},
				"east": {"uv": [6, 10, 6.5, 10.5], "texture": "#0"},
				"south": {"uv": [5.5, 3, 6.5, 3.5], "texture": "#0"},
				"west": {"uv": [10, 6.5, 10.5, 7], "texture": "#0"},
				"up": {"uv": [6.5, 4, 5.5, 3.5], "texture": "#0"},
				"down": {"uv": [6.5, 4, 5.5, 4.5], "texture": "#0"}
			}
		},
		{
			"from": [3.9, 13.9, 7.4],
			"to": [6.1, 15.1, 8.6],
			"rotation": {"angle": 0, "axis": "y", "origin": [15, 0, 0]},
			"faces": {
				"north": {"uv": [5.5, 4.5, 6.5, 5], "texture": "#0"},
				"east": {"uv": [7, 10, 7.5, 10.5], "texture": "#0"},
				"south": {"uv": [5.5, 5, 6.5, 5.5], "texture": "#0"},
				"west": {"uv": [7.5, 10, 8, 10.5], "texture": "#0"},
				"up": {"uv": [6.5, 6, 5.5, 5.5], "texture": "#0"},
				"down": {"uv": [7, 1, 6, 1.5], "texture": "#0"}
			}
		},
		{
			"from": [9.99, 15, 7.5],
			"to": [11.99, 16, 8.5],
			"rotation": {"angle": 0, "axis": "y", "origin": [1, 0, 0]},
			"faces": {
				"north": {"uv": [6, 1.5, 7, 2], "texture": "#0"},
				"east": {"uv": [10, 8, 10.5, 8.5], "texture": "#0"},
				"south": {"uv": [6, 2, 7, 2.5], "texture": "#0"},
				"west": {"uv": [10, 8.5, 10.5, 9], "texture": "#0"},
				"up": {"uv": [7, 3, 6, 2.5], "texture": "#0"},
				"down": {"uv": [4, 6, 3, 6.5], "texture": "#0"}
			}
		},
		{
			"from": [10.88374, 14.58449, 7.5],
			"to": [11.88374, 15.88449, 8.5],
			"rotation": {"angle": 22.5, "axis": "z", "origin": [8.38374, 14.58449, 8]},
			"faces": {
				"north": {"uv": [10.5, 5.5, 11, 6], "texture": "#0"},
				"east": {"uv": [6, 10.5, 6.5, 11], "texture": "#0"},
				"south": {"uv": [10.5, 6, 11, 6.5], "texture": "#0"},
				"west": {"uv": [6.5, 10.5, 7, 11], "texture": "#0"},
				"up": {"uv": [11, 7, 10.5, 6.5], "texture": "#0"},
				"down": {"uv": [7.5, 10.5, 7, 11], "texture": "#0"}
			}
		},
		{
			"from": [9.99, 16, 7.5],
			"to": [10.99, 17, 8.5],
			"rotation": {"angle": 0, "axis": "z", "origin": [2.5, 0, 17.5]},
			"faces": {
				"north": {"uv": [10.5, 4, 11, 4.5], "texture": "#0"},
				"east": {"uv": [4.5, 10.5, 5, 11], "texture": "#0"},
				"south": {"uv": [10.5, 4.5, 11, 5], "texture": "#0"},
				"west": {"uv": [5, 10.5, 5.5, 11], "texture": "#0"},
				"up": {"uv": [11, 5.5, 10.5, 5], "texture": "#0"},
				"down": {"uv": [6, 10.5, 5.5, 11], "texture": "#0"}
			}
		},
		{
			"from": [10, 17.76746, 5.65538],
			"to": [11, 18.76746, 7.65538],
			"rotation": {"angle": 22.5, "axis": "x", "origin": [10.5, 18.26746, 6.65538]},
			"faces": {
				"north": {"uv": [9, 10, 9.5, 10.5], "texture": "#0"},
				"east": {"uv": [4, 6, 5, 6.5], "texture": "#0"},
				"south": {"uv": [10, 9.5, 10.5, 10], "texture": "#0"},
				"west": {"uv": [5, 6, 6, 6.5], "texture": "#0"},
				"up": {"uv": [6.5, 7, 6, 6], "texture": "#0"},
				"down": {"uv": [1.5, 6.5, 1, 7.5], "texture": "#0"}
			}
		},
		{
			"from": [10, 16.42806, 5.62464],
			"to": [11, 18.42806, 6.62464],
			"rotation": {"angle": -22.5, "axis": "x", "origin": [10.5, 21.42806, 6.12464]},
			"faces": {
				"north": {"uv": [8, 3.5, 8.5, 4.5], "texture": "#0"},
				"east": {"uv": [8, 4.5, 8.5, 5.5], "texture": "#0"},
				"south": {"uv": [6, 8, 6.5, 9], "texture": "#0"},
				"west": {"uv": [8, 6.5, 8.5, 7.5], "texture": "#0"},
				"up": {"uv": [0.5, 11.5, 0, 11], "texture": "#0"},
				"down": {"uv": [11.5, 0, 11, 0.5], "texture": "#0"}
			}
		},
		{
			"from": [10, 17.12776, 5.08764],
			"to": [11, 19.12776, 6.08764],
			"rotation": {"angle": -22.5, "axis": "x", "origin": [10.5, 22.12776, 2.58764]},
			"faces": {
				"north": {"uv": [7, 8, 7.5, 9], "texture": "#0"},
				"east": {"uv": [7.5, 8, 8, 9], "texture": "#0"},
				"south": {"uv": [8, 7.5, 8.5, 8.5], "texture": "#0"},
				"west": {"uv": [0, 8.5, 0.5, 9.5], "texture": "#0"},
				"up": {"uv": [1, 11.5, 0.5, 11], "texture": "#0"},
				"down": {"uv": [11.5, 0.5, 11, 1], "texture": "#0"}
			}
		},
		{
			"from": [10, 20.88894, 8.14911],
			"to": [11, 22.88894, 9.14911],
			"rotation": {"angle": 22.5, "axis": "x", "origin": [10.5, 25.88894, 5.64911]},
			"faces": {
				"north": {"uv": [8.5, 0, 9, 1], "texture": "#0"},
				"east": {"uv": [0.5, 8.5, 1, 9.5], "texture": "#0"},
				"south": {"uv": [1, 8.5, 1.5, 9.5], "texture": "#0"},
				"west": {"uv": [8.5, 1, 9, 2], "texture": "#0"},
				"up": {"uv": [1.5, 11.5, 1, 11], "texture": "#0"},
				"down": {"uv": [11.5, 1, 11, 1.5], "texture": "#0"}
			}
		},
		{
			"from": [10, 18.11209, 3.92284],
			"to": [11, 19.11209, 5.92284],
			"rotation": {"angle": 0, "axis": "z", "origin": [10.5, 18.61209, 6.92284]},
			"faces": {
				"north": {"uv": [10, 10, 10.5, 10.5], "texture": "#0"},
				"east": {"uv": [1.5, 6.5, 2.5, 7], "texture": "#0"},
				"south": {"uv": [10.5, 0, 11, 0.5], "texture": "#0"},
				"west": {"uv": [2.5, 6.5, 3.5, 7], "texture": "#0"},
				"up": {"uv": [7, 4, 6.5, 3], "texture": "#0"},
				"down": {"uv": [4, 6.5, 3.5, 7.5], "texture": "#0"}
			}
		},
		{
			"from": [10, 19.99877, -0.63203],
			"to": [11, 20.99877, 1.36797],
			"rotation": {"angle": 0, "axis": "z", "origin": [10.5, 17.49877, 2.36797]},
			"faces": {
				"north": {"uv": [10.5, 7, 11, 7.5], "texture": "#0"},
				"east": {"uv": [4, 7, 5, 7.5], "texture": "#0"},
				"south": {"uv": [7.5, 10.5, 8, 11], "texture": "#0"},
				"west": {"uv": [7, 4.5, 8, 5], "texture": "#0"},
				"up": {"uv": [6.5, 8, 6, 7], "texture": "#0"},
				"down": {"uv": [7.5, 6.5, 7, 7.5], "texture": "#0"}
			}
		},
		{
			"from": [10, 16.65747, 3.54016],
			"to": [11, 17.65747, 5.54016],
			"rotation": {"angle": 0, "axis": "z", "origin": [10.5, 18.15747, 6.54016]},
			"faces": {
				"north": {"uv": [10.5, 7.5, 11, 8], "texture": "#0"},
				"east": {"uv": [7, 5, 8, 5.5], "texture": "#0"},
				"south": {"uv": [8, 10.5, 8.5, 11], "texture": "#0"},
				"west": {"uv": [0, 7.5, 1, 8], "texture": "#0"},
				"up": {"uv": [1.5, 8.5, 1, 7.5], "texture": "#0"},
				"down": {"uv": [8, 1.5, 7.5, 2.5], "texture": "#0"}
			}
		},
		{
			"from": [10, 17.30866, 1.96194],
			"to": [11, 18.30866, 3.96194],
			"rotation": {"angle": 22.5, "axis": "x", "origin": [10.5, 17.80866, 5.96194]},
			"faces": {
				"north": {"uv": [2, 10.5, 2.5, 11], "texture": "#0"},
				"east": {"uv": [6.5, 5.5, 7.5, 6], "texture": "#0"},
				"south": {"uv": [2.5, 10.5, 3, 11], "texture": "#0"},
				"west": {"uv": [6.5, 6, 7.5, 6.5], "texture": "#0"},
				"up": {"uv": [6, 7.5, 5.5, 6.5], "texture": "#0"},
				"down": {"uv": [7, 6.5, 6.5, 7.5], "texture": "#0"}
			}
		},
		{
			"from": [10, 16.60969, -0.45005],
			"to": [11, 17.60969, 1.54995],
			"rotation": {"angle": 45, "axis": "x", "origin": [10.5, 17.10969, 4.54995]},
			"faces": {
				"north": {"uv": [10.5, 2.5, 11, 3], "texture": "#0"},
				"east": {"uv": [0, 7, 1, 7.5], "texture": "#0"},
				"south": {"uv": [10.5, 3, 11, 3.5], "texture": "#0"},
				"west": {"uv": [7, 1, 8, 1.5], "texture": "#0"},
				"up": {"uv": [2, 8, 1.5, 7], "texture": "#0"},
				"down": {"uv": [7.5, 1.5, 7, 2.5], "texture": "#0"}
			}
		},
		{
			"from": [10, 17.01589, 0.56929],
			"to": [11, 18.01589, 2.56929],
			"rotation": {"angle": 45, "axis": "x", "origin": [10.5, 14.51589, 5.56929]},
			"faces": {
				"north": {"uv": [3.5, 10.5, 4, 11], "texture": "#0"},
				"east": {"uv": [2, 7, 3, 7.5], "texture": "#0"},
				"south": {"uv": [4, 10.5, 4.5, 11], "texture": "#0"},
				"west": {"uv": [7, 2.5, 8, 3], "texture": "#0"},
				"up": {"uv": [3.5, 8, 3, 7], "texture": "#0"},
				"down": {"uv": [7.5, 3, 7, 4], "texture": "#0"}
			}
		},
		{
			"from": [10, 19.16697, 5.52255],
			"to": [11, 21.16697, 6.52255],
			"rotation": {"angle": -22.5, "axis": "x", "origin": [10.5, 15.16697, 3.02255]},
			"faces": {
				"north": {"uv": [4, 7.5, 4.5, 8.5], "texture": "#0"},
				"east": {"uv": [4.5, 7.5, 5, 8.5], "texture": "#0"},
				"south": {"uv": [5, 7.5, 5.5, 8.5], "texture": "#0"},
				"west": {"uv": [5.5, 7.5, 6, 8.5], "texture": "#0"},
				"up": {"uv": [11, 9, 10.5, 8.5], "texture": "#0"},
				"down": {"uv": [9.5, 10.5, 9, 11], "texture": "#0"}
			}
		},
		{
			"from": [10, 18.63727, 0.0878],
			"to": [11, 19.63727, 2.0878],
			"rotation": {"angle": 22.5, "axis": "x", "origin": [10.5, 16.13727, 9.0878]},
			"faces": {
				"north": {"uv": [10.5, 9, 11, 9.5], "texture": "#0"},
				"east": {"uv": [7.5, 5.5, 8.5, 6], "texture": "#0"},
				"south": {"uv": [9.5, 10.5, 10, 11], "texture": "#0"},
				"west": {"uv": [7.5, 6, 8.5, 6.5], "texture": "#0"},
				"up": {"uv": [7, 8.5, 6.5, 7.5], "texture": "#0"},
				"down": {"uv": [8, 6.5, 7.5, 7.5], "texture": "#0"}
			}
		},
		{
			"from": [10, 13.47974, -1.41447],
			"to": [11, 14.47974, 0.58553],
			"rotation": {"angle": 22.5, "axis": "x", "origin": [10.5, 10.97974, 7.58553]},
			"faces": {
				"north": {"uv": [10.5, 9.5, 11, 10], "texture": "#0"},
				"east": {"uv": [7, 7.5, 8, 8], "texture": "#0"},
				"south": {"uv": [10, 10.5, 10.5, 11], "texture": "#0"},
				"west": {"uv": [0, 8, 1, 8.5], "texture": "#0"},
				"up": {"uv": [8.5, 1, 8, 0], "texture": "#0"},
				"down": {"uv": [8.5, 1, 8, 2], "texture": "#0"}
			}
		},
		{
			"from": [10, 16.36224, -4.34994],
			"to": [11, 17.36224, -2.34994],
			"rotation": {"angle": 22.5, "axis": "x", "origin": [10.5, 13.86224, 7.65006]},
			"faces": {
				"north": {"uv": [10.5, 10, 11, 10.5], "texture": "#0"},
				"east": {"uv": [1.5, 8, 2.5, 8.5], "texture": "#0"},
				"south": {"uv": [10.5, 10.5, 11, 11], "texture": "#0"},
				"west": {"uv": [8, 2, 9, 2.5], "texture": "#0"},
				"up": {"uv": [3, 9, 2.5, 8], "texture": "#0"},
				"down": {"uv": [3.5, 8, 3, 9], "texture": "#0"}
			}
		},
		{
			"from": [10, 17.69134, 0.73777],
			"to": [11, 18.69134, 2.73777],
			"rotation": {"angle": -22.5, "axis": "x", "origin": [10.5, 20.19134, 5.73777]},
			"faces": {
				"north": {"uv": [10.5, 8, 11, 8.5], "texture": "#0"},
				"east": {"uv": [2, 7.5, 3, 8], "texture": "#0"},
				"south": {"uv": [8.5, 10.5, 9, 11], "texture": "#0"},
				"west": {"uv": [7.5, 3, 8.5, 3.5], "texture": "#0"},
				"up": {"uv": [4, 8.5, 3.5, 7.5], "texture": "#0"},
				"down": {"uv": [8, 3.5, 7.5, 4.5], "texture": "#0"}
			}
		},
		{
			"from": [10, 18.15015, 5.04433],
			"to": [11, 19.15015, 7.04433],
			"rotation": {"angle": -22.5, "axis": "x", "origin": [10, 18.65015, 9.04433]},
			"faces": {
				"north": {"uv": [1, 10.5, 1.5, 11], "texture": "#0"},
				"east": {"uv": [4, 6.5, 5, 7], "texture": "#0"},
				"south": {"uv": [10.5, 1.5, 11, 2], "texture": "#0"},
				"west": {"uv": [6.5, 4, 7.5, 4.5], "texture": "#0"},
				"up": {"uv": [7, 5.5, 6.5, 4.5], "texture": "#0"},
				"down": {"uv": [5.5, 6.5, 5, 7.5], "texture": "#0"}
			}
		},
		{
			"from": [4.001, 15, 7.5],
			"to": [6.001, 16, 8.5],
			"rotation": {"angle": 0, "axis": "y", "origin": [15, 0, 0]},
			"faces": {
				"north": {"uv": [8, 2.5, 9, 3], "texture": "#0"},
				"east": {"uv": [1.5, 11, 2, 11.5], "texture": "#0"},
				"south": {"uv": [1.5, 8.5, 2.5, 9], "texture": "#0"},
				"west": {"uv": [11, 1.5, 11.5, 2], "texture": "#0"},
				"up": {"uv": [9.5, 3.5, 8.5, 3], "texture": "#0"},
				"down": {"uv": [4.5, 8.5, 3.5, 9], "texture": "#0"}
			}
		},
		{
			"from": [4.11626, 14.58449, 7.5],
			"to": [5.11626, 15.88449, 8.5],
			"rotation": {"angle": -22.5, "axis": "z", "origin": [7.61626, 14.58449, 8]},
			"faces": {
				"north": {"uv": [2, 11, 2.5, 11.5], "texture": "#0"},
				"east": {"uv": [11, 2, 11.5, 2.5], "texture": "#0"},
				"south": {"uv": [2.5, 11, 3, 11.5], "texture": "#0"},
				"west": {"uv": [11, 2.5, 11.5, 3], "texture": "#0"},
				"up": {"uv": [3.5, 11.5, 3, 11], "texture": "#0"},
				"down": {"uv": [11.5, 3, 11, 3.5], "texture": "#0"}
			}
		},
		{
			"from": [5.001, 16, 7.5],
			"to": [6.001, 17, 8.5],
			"rotation": {"angle": 0, "axis": "z", "origin": [13.5, 0, 17.5]},
			"faces": {
				"north": {"uv": [3.5, 11, 4, 11.5], "texture": "#0"},
				"east": {"uv": [11, 3.5, 11.5, 4], "texture": "#0"},
				"south": {"uv": [4, 11, 4.5, 11.5], "texture": "#0"},
				"west": {"uv": [11, 4, 11.5, 4.5], "texture": "#0"},
				"up": {"uv": [5, 11.5, 4.5, 11], "texture": "#0"},
				"down": {"uv": [11.5, 4.5, 11, 5], "texture": "#0"}
			}
		},
		{
			"from": [5, 17.76746, 5.65538],
			"to": [6, 18.76746, 7.65538],
			"rotation": {"angle": 22.5, "axis": "x", "origin": [5.5, 18.26746, 6.65538]},
			"faces": {
				"north": {"uv": [5, 11, 5.5, 11.5], "texture": "#0"},
				"east": {"uv": [8.5, 3.5, 9.5, 4], "texture": "#0"},
				"south": {"uv": [11, 5, 11.5, 5.5], "texture": "#0"},
				"west": {"uv": [8.5, 4, 9.5, 4.5], "texture": "#0"},
				"up": {"uv": [5, 9.5, 4.5, 8.5], "texture": "#0"},
				"down": {"uv": [9, 4.5, 8.5, 5.5], "texture": "#0"}
			}
		},
		{
			"from": [5, 16.42806, 5.62464],
			"to": [6, 18.42806, 6.62464],
			"rotation": {"angle": -22.5, "axis": "x", "origin": [5.5, 21.42806, 6.12464]},
			"faces": {
				"north": {"uv": [5, 8.5, 5.5, 9.5], "texture": "#0"},
				"east": {"uv": [5.5, 8.5, 6, 9.5], "texture": "#0"},
				"south": {"uv": [8.5, 5.5, 9, 6.5], "texture": "#0"},
				"west": {"uv": [6.5, 8.5, 7, 9.5], "texture": "#0"},
				"up": {"uv": [6, 11.5, 5.5, 11], "texture": "#0"},
				"down": {"uv": [11.5, 5.5, 11, 6], "texture": "#0"}
			}
		},
		{
			"from": [5, 17.12776, 5.08764],
			"to": [6, 19.12776, 6.08764],
			"rotation": {"angle": -22.5, "axis": "x", "origin": [5.5, 22.12776, 2.58764]},
			"faces": {
				"north": {"uv": [8.5, 6.5, 9, 7.5], "texture": "#0"},
				"east": {"uv": [8.5, 7.5, 9, 8.5], "texture": "#0"},
				"south": {"uv": [8, 8.5, 8.5, 9.5], "texture": "#0"},
				"west": {"uv": [8.5, 8.5, 9, 9.5], "texture": "#0"},
				"up": {"uv": [6.5, 11.5, 6, 11], "texture": "#0"},
				"down": {"uv": [11.5, 6, 11, 6.5], "texture": "#0"}
			}
		},
		{
			"from": [5, 20.88894, 8.14911],
			"to": [6, 22.88894, 9.14911],
			"rotation": {"angle": 22.5, "axis": "x", "origin": [5.5, 25.88894, 5.64911]},
			"faces": {
				"north": {"uv": [9, 0, 9.5, 1], "texture": "#0"},
				"east": {"uv": [9, 1, 9.5, 2], "texture": "#0"},
				"south": {"uv": [1.5, 9, 2, 10], "texture": "#0"},
				"west": {"uv": [2, 9, 2.5, 10], "texture": "#0"},
				"up": {"uv": [7, 11.5, 6.5, 11], "texture": "#0"},
				"down": {"uv": [11.5, 6.5, 11, 7], "texture": "#0"}
			}
		},
		{
			"from": [5, 18.11209, 3.92284],
			"to": [6, 19.11209, 5.92284],
			"rotation": {"angle": 0, "axis": "z", "origin": [5.5, 18.61209, 6.92284]},
			"faces": {
				"north": {"uv": [7, 11, 7.5, 11.5], "texture": "#0"},
				"east": {"uv": [9, 2, 10, 2.5], "texture": "#0"},
				"south": {"uv": [11, 7, 11.5, 7.5], "texture": "#0"},
				"west": {"uv": [2.5, 9, 3.5, 9.5], "texture": "#0"},
				"up": {"uv": [4, 10, 3.5, 9], "texture": "#0"},
				"down": {"uv": [4.5, 9, 4, 10], "texture": "#0"}
			}
		},
		{
			"from": [5, 19.99877, -0.63203],
			"to": [6, 20.99877, 1.36797],
			"rotation": {"angle": 0, "axis": "z", "origin": [5.5, 17.49877, 2.36797]},
			"faces": {
				"north": {"uv": [7.5, 11, 8, 11.5], "texture": "#0"},
				"east": {"uv": [9, 2.5, 10, 3], "texture": "#0"},
				"south": {"uv": [11, 7.5, 11.5, 8], "texture": "#0"},
				"west": {"uv": [9, 4.5, 10, 5], "texture": "#0"},
				"up": {"uv": [9.5, 6, 9, 5], "texture": "#0"},
				"down": {"uv": [6.5, 9, 6, 10], "texture": "#0"}
			}
		},
		{
			"from": [5, 16.65747, 3.54016],
			"to": [6, 17.65747, 5.54016],
			"rotation": {"angle": 0, "axis": "z", "origin": [5.5, 18.15747, 6.54016]},
			"faces": {
				"north": {"uv": [8, 11, 8.5, 11.5], "texture": "#0"},
				"east": {"uv": [9, 6, 10, 6.5], "texture": "#0"},
				"south": {"uv": [11, 8, 11.5, 8.5], "texture": "#0"},
				"west": {"uv": [9, 6.5, 10, 7], "texture": "#0"},
				"up": {"uv": [7.5, 10, 7, 9], "texture": "#0"},
				"down": {"uv": [9.5, 7, 9, 8], "texture": "#0"}
			}
		},
		{
			"from": [5, 17.30866, 1.96194],
			"to": [6, 18.30866, 3.96194],
			"rotation": {"angle": 22.5, "axis": "x", "origin": [5.5, 17.80866, 5.96194]},
			"faces": {
				"north": {"uv": [8.5, 11, 9, 11.5], "texture": "#0"},
				"east": {"uv": [9, 8, 10, 8.5], "texture": "#0"},
				"south": {"uv": [11, 8.5, 11.5, 9], "texture": "#0"},
				"west": {"uv": [9, 8.5, 10, 9], "texture": "#0"},
				"up": {"uv": [8, 10, 7.5, 9], "texture": "#0"},
				"down": {"uv": [9.5, 9, 9, 10], "texture": "#0"}
			}
		},
		{
			"from": [5, 16.60969, -0.45005],
			"to": [6, 17.60969, 1.54995],
			"rotation": {"angle": 45, "axis": "x", "origin": [5.5, 17.10969, 4.54995]},
			"faces": {
				"north": {"uv": [9, 11, 9.5, 11.5], "texture": "#0"},
				"east": {"uv": [0, 9.5, 1, 10], "texture": "#0"},
				"south": {"uv": [11, 9, 11.5, 9.5], "texture": "#0"},
				"west": {"uv": [9.5, 0, 10.5, 0.5], "texture": "#0"},
				"up": {"uv": [10, 1.5, 9.5, 0.5], "texture": "#0"},
				"down": {"uv": [1.5, 9.5, 1, 10.5], "texture": "#0"}
			}
		},
		{
			"from": [5, 17.01589, 0.56929],
			"to": [6, 18.01589, 2.56929],
			"rotation": {"angle": 45, "axis": "x", "origin": [5.5, 14.51589, 5.56929]},
			"faces": {
				"north": {"uv": [9.5, 11, 10, 11.5], "texture": "#0"},
				"east": {"uv": [9.5, 1.5, 10.5, 2], "texture": "#0"},
				"south": {"uv": [11, 9.5, 11.5, 10], "texture": "#0"},
				"west": {"uv": [2.5, 9.5, 3.5, 10], "texture": "#0"},
				"up": {"uv": [10, 4, 9.5, 3], "texture": "#0"},
				"down": {"uv": [5, 9.5, 4.5, 10.5], "texture": "#0"}
			}
		},
		{
			"from": [5, 19.16697, 5.52255],
			"to": [6, 21.16697, 6.52255],
			"rotation": {"angle": -22.5, "axis": "x", "origin": [5.5, 15.16697, 3.02255]},
			"faces": {
				"north": {"uv": [5, 9.5, 5.5, 10.5], "texture": "#0"},
				"east": {"uv": [9.5, 5, 10, 6], "texture": "#0"},
				"south": {"uv": [5.5, 9.5, 6, 10.5], "texture": "#0"},
				"west": {"uv": [6.5, 9.5, 7, 10.5], "texture": "#0"},
				"up": {"uv": [10.5, 11.5, 10, 11], "texture": "#0"},
				"down": {"uv": [11.5, 10, 11, 10.5], "texture": "#0"}
			}
		},
		{
			"from": [5, 18.63727, 0.0878],
			"to": [6, 19.63727, 2.0878],
			"rotation": {"angle": 22.5, "axis": "x", "origin": [5.5, 16.13727, 9.0878]},
			"faces": {
				"north": {"uv": [10.5, 11, 11, 11.5], "texture": "#0"},
				"east": {"uv": [9.5, 4, 10.5, 4.5], "texture": "#0"},
				"south": {"uv": [11, 10.5, 11.5, 11], "texture": "#0"},
				"west": {"uv": [9.5, 7, 10.5, 7.5], "texture": "#0"},
				"up": {"uv": [8.5, 10.5, 8, 9.5], "texture": "#0"},
				"down": {"uv": [9, 9.5, 8.5, 10.5], "texture": "#0"}
			}
		},
		{
			"from": [5, 13.47974, -1.41447],
			"to": [6, 14.47974, 0.58553],
			"rotation": {"angle": 22.5, "axis": "x", "origin": [5.5, 10.97974, 7.58553]},
			"faces": {
				"north": {"uv": [11, 11, 11.5, 11.5], "texture": "#0"},
				"east": {"uv": [9.5, 7.5, 10.5, 8], "texture": "#0"},
				"south": {"uv": [0, 11.5, 0.5, 12], "texture": "#0"},
				"west": {"uv": [9.5, 9, 10.5, 9.5], "texture": "#0"},
				"up": {"uv": [10, 10.5, 9.5, 9.5], "texture": "#0"},
				"down": {"uv": [0.5, 10, 0, 11], "texture": "#0"}
			}
		},
		{
			"from": [5, 16.36224, -4.34994],
			"to": [6, 17.36224, -2.34994],
			"rotation": {"angle": 22.5, "axis": "x", "origin": [5.5, 13.86224, 7.65006]},
			"faces": {
				"north": {"uv": [11.5, 0, 12, 0.5], "texture": "#0"},
				"east": {"uv": [10, 0.5, 11, 1], "texture": "#0"},
				"south": {"uv": [0.5, 11.5, 1, 12], "texture": "#0"},
				"west": {"uv": [10, 1, 11, 1.5], "texture": "#0"},
				"up": {"uv": [1, 11, 0.5, 10], "texture": "#0"},
				"down": {"uv": [2, 10, 1.5, 11], "texture": "#0"}
			}
		},
		{
			"from": [5, 17.69134, 0.73777],
			"to": [6, 18.69134, 2.73777],
			"rotation": {"angle": -22.5, "axis": "x", "origin": [5.5, 20.19134, 5.73777]},
			"faces": {
				"north": {"uv": [11.5, 0.5, 12, 1], "texture": "#0"},
				"east": {"uv": [2, 10, 3, 10.5], "texture": "#0"},
				"south": {"uv": [1, 11.5, 1.5, 12], "texture": "#0"},
				"west": {"uv": [10, 2, 11, 2.5], "texture": "#0"},
				"up": {"uv": [10.5, 3.5, 10, 2.5], "texture": "#0"},
				"down": {"uv": [3.5, 10, 3, 11], "texture": "#0"}
			}
		},
		{
			"from": [5, 18.15015, 5.04433],
			"to": [6, 19.15015, 7.04433],
			"rotation": {"angle": -22.5, "axis": "x", "origin": [6, 18.65015, 9.04433]},
			"faces": {
				"north": {"uv": [11.5, 1, 12, 1.5], "texture": "#0"},
				"east": {"uv": [3.5, 10, 4.5, 10.5], "texture": "#0"},
				"south": {"uv": [1.5, 11.5, 2, 12], "texture": "#0"},
				"west": {"uv": [10, 3.5, 11, 4], "texture": "#0"},
				"up": {"uv": [10.5, 5.5, 10, 4.5], "texture": "#0"},
				"down": {"uv": [10.5, 5.5, 10, 6.5], "texture": "#0"}
			}
		}
	],
	"gui_light": "front",
	"display": {
		"thirdperson_righthand": {
			"translation": [0, -2.5, 1.25],
			"scale": [0.5, 0.5, 0.5]
		},
		"thirdperson_lefthand": {
			"translation": [0, -2.5, 1.25],
			"scale": [0.5, 0.5, 0.5]
		},
		"firstperson_righthand": {
			"rotation": [0, -25.75, 22],
			"translation": [0, 3.5, 1.25],
			"scale": [0.5, 0.5, 0.5]
		},
		"firstperson_lefthand": {
			"rotation": [0, -25.75, 22],
			"translation": [0, 3.5, 1.25],
			"scale": [0.5, 0.5, 0.5]
		},
		"ground": {
			"scale": [0.5, 0.5, 0.5]
		},
		"gui": {
			"rotation": [0, 40, 0],
			"translation": [0, -4.5, 1.25],
			"scale": [0.75, 0.75, 0.75]
		},
		"head": {
			"rotation": [0, 180, 0],
			"translation": [0, -2, 0],
			"scale": [1.5, 1.5, 1.5]
		},
		"fixed": {
			"translation": [0, -6.75, 3.25]
		}
	},
	"groups": [
		0,
		1,
		2,
		3,
		4,
		5,
		6,
		{
			"name": "Antler1",
			"origin": [8, 8, 8],
			"color": 0,
			"nbt": "{}",
			"children": [7, 8, 9, 10, 11, 12, 13, 14, 15, 16, 17, 18, 19, 20, 21, 22, 23, 24, 25]
		},
		{
			"name": "Antler1",
			"origin": [8, 8, 8],
			"color": 0,
			"nbt": "{}",
			"children": [26, 27, 28, 29, 30, 31, 32, 33, 34, 35, 36, 37, 38, 39, 40, 41, 42, 43, 44]
		}
	]
}