{
	"credit": "Made with Blockbench",
	"texture_size": [32, 32],
	"textures": {
		"1": "jeracraft:christmas/wraith",
		"2": "jeracraft:christmas/bells",
		"particle": "jeracraft:christmas/bells"
	},
	"elements": [
		{
			"from": [10, -2, 2],
			"to": [14, 2, 6],
			"rotation": {"angle": 22.5, "axis": "z", "origin": [0, 0, -4]},
			"faces": {
				"north": {"uv": [0, 6, 2, 8], "texture": "#2"},
				"east": {"uv": [6, 0, 8, 2], "texture": "#2"},
				"south": {"uv": [2, 6, 4, 8], "texture": "#2"},
				"west": {"uv": [6, 2, 8, 4], "texture": "#2"},
				"up": {"uv": [6, 8, 4, 6], "texture": "#2"},
				"down": {"uv": [8, 4, 6, 6], "texture": "#2"}
			}
		},
		{
			"from": [9, -4, 1],
			"to": [15, -2, 7],
			"rotation": {"angle": 22.5, "axis": "z", "origin": [0, 0, -4]},
			"faces": {
				"north": {"uv": [8, 4, 11, 5], "texture": "#2"},
				"east": {"uv": [8, 5, 11, 6], "texture": "#2"},
				"south": {"uv": [6, 8, 9, 9], "texture": "#2"},
				"west": {"uv": [8, 6, 11, 7], "texture": "#2"},
				"up": {"uv": [3, 3, 0, 0], "texture": "#2"},
				"down": {"uv": [3, 3, 0, 6], "texture": "#2"}
			}
		},
		{
			"from": [11, 2, 3],
			"to": [13, 3, 5],
			"rotation": {"angle": 22.5, "axis": "z", "origin": [0, 0, -4]},
			"faces": {
				"north": {"uv": [2, 10, 3, 10.5], "texture": "#2"},
				"east": {"uv": [10, 2, 11, 2.5], "texture": "#2"},
				"south": {"uv": [10, 2.5, 11, 3], "texture": "#2"},
				"west": {"uv": [3, 10, 4, 10.5], "texture": "#2"},
				"up": {"uv": [1, 11, 0, 10], "texture": "#2"},
				"down": {"uv": [11, 0, 10, 1], "texture": "#2"}
			}
		},
		{
			"from": [2, -3, 1],
			"to": [8, -1, 7],
			"rotation": {"angle": -22.5, "axis": "z", "origin": [16, 0, -4]},
			"faces": {
				"north": {"uv": [8, 7, 11, 8], "texture": "#2"},
				"east": {"uv": [6, 9, 9, 10], "texture": "#2"},
				"south": {"uv": [9, 8, 12, 9], "texture": "#2"},
				"west": {"uv": [9, 9, 12, 10], "texture": "#2"},
				"up": {"uv": [6, 3, 3, 0], "texture": "#2"},
				"down": {"uv": [6, 3, 3, 6], "texture": "#2"}
			}
		},
		{
			"from": [3, -1, 2],
			"to": [7, 3, 6],
			"rotation": {"angle": -22.5, "axis": "z", "origin": [16, 0, -4]},
			"faces": {
				"north": {"uv": [6, 6, 8, 8], "texture": "#2"},
				"east": {"uv": [0, 8, 2, 10], "texture": "#2"},
				"south": {"uv": [8, 0, 10, 2], "texture": "#2"},
				"west": {"uv": [2, 8, 4, 10], "texture": "#2"},
				"up": {"uv": [10, 4, 8, 2], "texture": "#2"},
				"down": {"uv": [6, 8, 4, 10], "texture": "#2"}
			}
		},
		{
			"from": [4, 3, 3],
			"to": [6, 4, 5],
			"rotation": {"angle": -22.5, "axis": "z", "origin": [16, 0, -4]},
			"faces": {
				"north": {"uv": [10, 3, 11, 3.5], "texture": "#2"},
				"east": {"uv": [10, 3.5, 11, 4], "texture": "#2"},
				"south": {"uv": [4, 10, 5, 10.5], "texture": "#2"},
				"west": {"uv": [5, 10, 6, 10.5], "texture": "#2"},
				"up": {"uv": [2, 11, 1, 10], "texture": "#2"},
				"down": {"uv": [11, 1, 10, 2], "texture": "#2"}
			}
		},
		{
			"from": [-1, 6, 3.4],
			"to": [4, 10, 3.4],
			"rotation": {"angle": -22.5, "axis": "z", "origin": [0, 0, -4]},
			"faces": {
				"north": {"uv": [6, 2.5, 8.5, 4.5], "texture": "#1"},
				"east": {"uv": [0, 0, 0, 2], "texture": "#missing"},
				"south": {"uv": [7, 4.5, 9.5, 6.5], "texture": "#1"},
				"west": {"uv": [0, 0, 0, 2], "texture": "#missing"},
				"up": {"uv": [2.5, 0, 0, 0], "texture": "#missing"},
				"down": {"uv": [2.5, 0, 0, 0], "texture": "#missing"}
			}
		},
		{
			"from": [-4, 7.5, 3.4],
			"to": [-1, 10.5, 3.4],
			"rotation": {"angle": -22.5, "axis": "z", "origin": [0, 0, -4]},
			"faces": {
				"north": {"uv": [11, 8.5, 12.5, 10], "texture": "#1"},
				"east": {"uv": [0, 0, 0, 1.5], "texture": "#missing"},
				"south": {"uv": [9, 8.5, 10.5, 10], "texture": "#1"},
				"west": {"uv": [0, 0, 0, 1.5], "texture": "#missing"},
				"up": {"uv": [1.5, 0, 0, 0], "texture": "#missing"},
				"down": {"uv": [1.5, 0, 0, 0], "texture": "#missing"}
			}
		},
		{
			"from": [13, 6, 2.9],
			"to": [18, 10, 2.9],
			"rotation": {"angle": 22.5, "axis": "z", "origin": [16, 0, -4]},
			"faces": {
				"north": {"uv": [6, 4.5, 8.5, 6.5], "texture": "#1"},
				"east": {"uv": [0, 0, 0, 2], "texture": "#missing"},
				"south": {"uv": [6.5, 4, 9, 6], "texture": "#1"},
				"west": {"uv": [0, 0, 0, 2], "texture": "#missing"},
				"up": {"uv": [2.5, 0, 0, 0], "texture": "#missing"},
				"down": {"uv": [2.5, 0, 0, 0], "texture": "#missing"}
			}
		},
		{
			"from": [5, 3, 3.2],
			"to": [11, 8, 3.2],
			"rotation": {"angle": 0, "axis": "z", "origin": [0, 0, -4]},
			"faces": {
				"north": {"uv": [0, 6, 3, 8.5], "texture": "#1"},
				"east": {"uv": [0, 0, 0, 2.5], "texture": "#missing"},
				"south": {"uv": [6, 0, 9, 2.5], "texture": "#1"},
				"west": {"uv": [0, 0, 0, 2.5], "texture": "#missing"},
				"up": {"uv": [3, 0, 0, 0], "texture": "#missing"},
				"down": {"uv": [3, 0, 0, 0], "texture": "#missing"}
			}
		},
		{
			"from": [18, 7.5, 2.9],
			"to": [21, 10.5, 2.9],
			"rotation": {"angle": 22.5, "axis": "z", "origin": [16, 0, -4]},
			"faces": {
				"north": {"uv": [5.5, 11.5, 7, 13], "texture": "#1"},
				"east": {"uv": [0, 0, 0, 1.5], "texture": "#missing"},
				"south": {"uv": [9, 8.5, 10.5, 10], "texture": "#1"},
				"west": {"uv": [0, 0, 0, 1.5], "texture": "#missing"},
				"up": {"uv": [1.5, 0, 0, 0], "texture": "#missing"},
				"down": {"uv": [1.5, 0, 0, 0], "texture": "#missing"}
			}
		},
		{
			"from": [21, 8, 2.9],
			"to": [22, 10, 2.9],
			"rotation": {"angle": 22.5, "axis": "z", "origin": [16, 0, -4]},
			"faces": {
				"north": {"uv": [8, 13, 8.5, 14], "texture": "#1"},
				"east": {"uv": [0, 0, 0, 1], "texture": "#missing"},
				"south": {"uv": [8.5, 13, 9, 14], "texture": "#1"},
				"west": {"uv": [0, 0, 0, 1], "texture": "#missing"},
				"up": {"uv": [0.5, 0, 0, 0], "texture": "#missing"},
				"down": {"uv": [0.5, 0, 0, 0], "texture": "#missing"}
			}
		},
		{
			"from": [-5, 8, 3.4],
			"to": [-4, 10, 3.4],
			"rotation": {"angle": -22.5, "axis": "z", "origin": [0, 0, -4]},
			"faces": {
				"north": {"uv": [9, 13, 9.5, 14], "texture": "#1"},
				"east": {"uv": [0, 0, 0, 1], "texture": "#missing"},
				"south": {"uv": [9.5, 13, 10, 14], "texture": "#1"},
				"west": {"uv": [0, 0, 0, 1], "texture": "#missing"},
				"up": {"uv": [0.5, 0, 0, 0], "texture": "#missing"},
				"down": {"uv": [0.5, 0, 0, 0], "texture": "#missing"}
			}
		},
		{
			"from": [8, 4, 3.3],
			"to": [11, 7, 3.3],
			"rotation": {"angle": 22.5, "axis": "z", "origin": [0, 0, -4]},
			"faces": {
				"north": {"uv": [8.5, 11.5, 10, 13], "texture": "#1"},
				"east": {"uv": [0, 0, 0, 1.5], "texture": "#missing"},
				"south": {"uv": [10, 11.5, 11.5, 13], "texture": "#1"},
				"west": {"uv": [0, 0, 0, 1.5], "texture": "#missing"},
				"up": {"uv": [1.5, 0, 0, 0], "texture": "#missing"},
				"down": {"uv": [1.5, 0, 0, 0], "texture": "#missing"}
			}
		},
		{
			"from": [9, 7, 3.3],
			"to": [10, 9, 3.3],
			"rotation": {"angle": 22.5, "axis": "z", "origin": [0, 0, -4]},
			"faces": {
				"north": {"uv": [3.5, 12, 4, 13], "texture": "#1"},
				"east": {"uv": [0, 0, 0, 1], "texture": "#missing"},
				"south": {"uv": [0, 12.5, 0.5, 13.5], "texture": "#1"},
				"west": {"uv": [0, 0, 0, 1], "texture": "#missing"},
				"up": {"uv": [0.5, 0, 0, 0], "texture": "#missing"},
				"down": {"uv": [0.5, 0, 0, 0], "texture": "#missing"}
			}
		},
		{
			"from": [8, 7, 3.3],
			"to": [9, 8, 3.3],
			"rotation": {"angle": 22.5, "axis": "z", "origin": [0, 0, -4]},
			"faces": {
				"north": {"uv": [5.5, 6, 6, 6.5], "texture": "#1"},
				"east": {"uv": [0, 0, 0, 0.5], "texture": "#missing"},
				"south": {"uv": [5, 8, 5.5, 8.5], "texture": "#1"},
				"west": {"uv": [0, 0, 0, 0.5], "texture": "#missing"},
				"up": {"uv": [0.5, 0, 0, 0], "texture": "#missing"},
				"down": {"uv": [0.5, 0, 0, 0], "texture": "#missing"}
			}
		},
		{
			"from": [6, 4, 3.3],
			"to": [9, 7, 3.3],
			"rotation": {"angle": -22.5, "axis": "z", "origin": [16, 0, -4]},
			"faces": {
				"north": {"uv": [11.5, 11.5, 13, 13], "texture": "#1"},
				"east": {"uv": [0, 0, 0, 1.5], "texture": "#missing"},
				"south": {"uv": [2, 12, 3.5, 13.5], "texture": "#1"},
				"west": {"uv": [0, 0, 0, 1.5], "texture": "#missing"},
				"up": {"uv": [1.5, 0, 0, 0], "texture": "#missing"},
				"down": {"uv": [1.5, 0, 0, 0], "texture": "#missing"}
			}
		},
		{
			"from": [7, 7, 3.3],
			"to": [8, 9, 3.3],
			"rotation": {"angle": -22.5, "axis": "z", "origin": [16, 0, -4]},
			"faces": {
				"north": {"uv": [0.5, 12.5, 1, 13.5], "texture": "#1"},
				"east": {"uv": [0, 0, 0, 1], "texture": "#missing"},
				"south": {"uv": [1, 12.5, 1.5, 13.5], "texture": "#1"},
				"west": {"uv": [0, 0, 0, 1], "texture": "#missing"},
				"up": {"uv": [0.5, 0, 0, 0], "texture": "#missing"},
				"down": {"uv": [0.5, 0, 0, 0], "texture": "#missing"}
			}
		},
		{
			"from": [8, 7, 3.3],
			"to": [9, 8, 3.3],
			"rotation": {"angle": -22.5, "axis": "z", "origin": [16, 0, -4]},
			"faces": {
				"north": {"uv": [10, 2, 10.5, 2.5], "texture": "#1"},
				"east": {"uv": [0, 0, 0, 0.5], "texture": "#missing"},
				"south": {"uv": [11.5, 6, 12, 6.5], "texture": "#1"},
				"west": {"uv": [0, 0, 0, 0.5], "texture": "#missing"},
				"up": {"uv": [0.5, 0, 0, 0], "texture": "#missing"},
				"down": {"uv": [0.5, 0, 0, 0], "texture": "#missing"}
			}
		},
		{
			"from": [8, 3, 7.4],
			"to": [10, 4, 8.4],
			"rotation": {"angle": -22.5, "axis": "x", "origin": [0, 0, -4]},
			"faces": {
				"north": {"uv": [6, 10, 7, 10.5], "texture": "#2"},
				"east": {"uv": [9, 10.5, 9.5, 11], "texture": "#2"},
				"south": {"uv": [7, 10, 8, 10.5], "texture": "#2"},
				"west": {"uv": [9.5, 10.5, 10, 11], "texture": "#2"},
				"up": {"uv": [9, 10.5, 8, 10], "texture": "#2"},
				"down": {"uv": [10, 10, 9, 10.5], "texture": "#2"}
			}
		},
		{
			"from": [8, 6, 7.4],
			"to": [10, 7, 8.4],
			"rotation": {"angle": -22.5, "axis": "x", "origin": [0, 0, -4]},
			"faces": {
				"north": {"uv": [10, 10, 11, 10.5], "texture": "#2"},
				"east": {"uv": [10, 10.5, 10.5, 11], "texture": "#2"},
				"south": {"uv": [2, 10.5, 3, 11], "texture": "#2"},
				"west": {"uv": [10.5, 10.5, 11, 11], "texture": "#2"},
				"up": {"uv": [4, 11, 3, 10.5], "texture": "#2"},
				"down": {"uv": [5, 10.5, 4, 11], "texture": "#2"}
			}
		},
		{
			"from": [10, 4, 7.4],
			"to": [11, 6, 8.4],
			"rotation": {"angle": -22.5, "axis": "x", "origin": [0, 0, -4]},
			"faces": {
				"north": {"uv": [5, 10.5, 5.5, 11.5], "texture": "#2"},
				"east": {"uv": [5.5, 10.5, 6, 11.5], "texture": "#2"},
				"south": {"uv": [6, 10.5, 6.5, 11.5], "texture": "#2"},
				"west": {"uv": [6.5, 10.5, 7, 11.5], "texture": "#2"},
				"up": {"uv": [0.5, 11.5, 0, 11], "texture": "#2"},
				"down": {"uv": [11.5, 0, 11, 0.5], "texture": "#2"}
			}
		},
		{
			"from": [7, 4, 7.4],
			"to": [8, 6, 8.4],
			"rotation": {"angle": -22.5, "axis": "x", "origin": [0, 0, -4]},
			"faces": {
				"north": {"uv": [7, 10.5, 7.5, 11.5], "texture": "#2"},
				"east": {"uv": [7.5, 10.5, 8, 11.5], "texture": "#2"},
				"south": {"uv": [8, 10.5, 8.5, 11.5], "texture": "#2"},
				"west": {"uv": [8.5, 10.5, 9, 11.5], "texture": "#2"},
				"up": {"uv": [1, 11.5, 0.5, 11], "texture": "#2"},
				"down": {"uv": [11.5, 0.5, 11, 1], "texture": "#2"}
			}
		},
		{
			"from": [-15, 9, 1],
			"to": [-13, 11, 3],
			"faces": {
				"north": {"uv": [0, 0, 2, 2], "rotation": 180, "texture": "#1"},
				"east": {"uv": [0, 0, 2, 2], "rotation": 270, "texture": "#1"},
				"south": {"uv": [0, 0, 2, 2], "texture": "#1"},
				"west": {"uv": [0, 0, 2, 2], "rotation": 90, "texture": "#1"},
				"up": {"uv": [0, 0, 2, 2], "rotation": 180, "texture": "#1"},
				"down": {"uv": [0, 0, 2, 2], "texture": "#1"}
			}
		},
		{
			"from": [-15, 7, 1],
			"to": [-12, 9, 3],
			"faces": {
				"north": {"uv": [0, 0, 3, 2], "rotation": 180, "texture": "#1"},
				"east": {"uv": [0, 0, 2, 2], "rotation": 270, "texture": "#1"},
				"south": {"uv": [0, 0, 3, 2], "texture": "#1"},
				"west": {"uv": [0, 0, 2, 2], "rotation": 90, "texture": "#1"},
				"up": {"uv": [0, 0, 3, 2], "rotation": 180, "texture": "#1"},
				"down": {"uv": [0, 0, 3, 2], "texture": "#1"}
			}
		},
		{
			"from": [-11, 4, 1],
			"to": [-3, 6, 3],
			"faces": {
				"north": {"uv": [0, 0, 8, 2], "rotation": 180, "texture": "#1"},
				"east": {"uv": [0, 0, 2, 2], "rotation": 270, "texture": "#1"},
				"south": {"uv": [0, 0, 8, 2], "texture": "#1"},
				"west": {"uv": [0, 0, 2.5, 2], "rotation": 90, "texture": "#1"},
				"up": {"uv": [0, 0, 8, 2], "rotation": 180, "texture": "#1"},
				"down": {"uv": [0, 0, 8, 2], "texture": "#1"}
			}
		},
		{
			"from": [-14, 5, 1],
			"to": [-11, 7, 3],
			"faces": {
				"north": {"uv": [0, 0, 3, 2], "rotation": 180, "texture": "#1"},
				"east": {"uv": [0, 0, 2, 2], "rotation": 270, "texture": "#1"},
				"south": {"uv": [0, 0, 3, 2], "texture": "#1"},
				"west": {"uv": [0, 0, 2, 2], "rotation": 90, "texture": "#1"},
				"up": {"uv": [0, 0, 3, 2], "rotation": 180, "texture": "#1"},
				"down": {"uv": [0, 0, 3, 2], "texture": "#1"}
			}
		},
		{
			"from": [-11, 6, 1],
			"to": [-10, 7, 3],
			"faces": {
				"north": {"uv": [1, 0, 2, 2], "rotation": 180, "texture": "#1"},
				"east": {"uv": [2, 0, 3, 2], "rotation": 270, "texture": "#1"},
				"south": {"uv": [0.75, 5, 1.25, 5.5], "texture": "#1"},
				"west": {"uv": [2, 5, 2.5, 5.5], "rotation": 90, "texture": "#1"},
				"up": {"uv": [1.5, 10, 2.5, 11], "rotation": 180, "texture": "#1"},
				"down": {"uv": [4, 10.5, 5, 11.5], "texture": "#1"}
			}
		},
		{
			"from": [-4, 6, 1],
			"to": [-3, 7, 3],
			"faces": {
				"north": {"uv": [0.5, 0.25, 1, 0.75], "rotation": 180, "texture": "#1"},
				"east": {"uv": [0, 0, 0.5, 1], "rotation": 270, "texture": "#1"},
				"south": {"uv": [0, 0, 0.5, 0.5], "texture": "#1"},
				"west": {"uv": [0, 0, 0.5, 1], "rotation": 90, "texture": "#1"},
				"up": {"uv": [0, 0, 0.5, 1], "rotation": 180, "texture": "#1"},
				"down": {"uv": [0, 0, 0.5, 1], "texture": "#1"}
			}
		},
		{
			"from": [-3, 5, 1],
			"to": [0, 7, 3],
			"faces": {
				"north": {"uv": [0, 0, 3, 2], "rotation": 180, "texture": "#1"},
				"east": {"uv": [0, 0, 2, 2], "rotation": 270, "texture": "#1"},
				"south": {"uv": [0, 0, 3, 2], "texture": "#1"},
				"west": {"uv": [0, 0, 2, 2], "rotation": 90, "texture": "#1"},
				"up": {"uv": [0, 0, 3, 2], "rotation": 180, "texture": "#1"},
				"down": {"uv": [0, 0, 3, 2], "texture": "#1"}
			}
		},
		{
			"from": [-3, 7, 1],
			"to": [0, 9, 3],
			"faces": {
				"north": {"uv": [0, 0, 3, 2], "rotation": 180, "texture": "#1"},
				"east": {"uv": [0, 0, 2, 2], "rotation": 270, "texture": "#1"},
				"south": {"uv": [0, 0, 3, 2], "texture": "#1"},
				"west": {"uv": [0, 0, 2, 2], "rotation": 90, "texture": "#1"},
				"up": {"uv": [0, 0, 3, 2], "rotation": 180, "texture": "#1"},
				"down": {"uv": [0, 0, 3, 2], "texture": "#1"}
			}
		},
		{
			"from": [-2, 9, 1],
			"to": [0, 11, 3],
			"faces": {
				"north": {"uv": [0, 0, 3, 2], "rotation": 180, "texture": "#1"},
				"east": {"uv": [0, 0, 2, 2], "rotation": 270, "texture": "#1"},
				"south": {"uv": [0, 0, 3, 2], "texture": "#1"},
				"west": {"uv": [0, 0, 2, 2], "rotation": 90, "texture": "#1"},
				"up": {"uv": [0, 0, 3, 2], "rotation": 180, "texture": "#1"},
				"down": {"uv": [0, 0, 3, 2], "texture": "#1"}
			}
		},
		{
			"from": [17, 9, -13],
			"to": [19, 11, -11],
			"faces": {
				"north": {"uv": [0, 0, 2, 2], "rotation": 90, "texture": "#1"},
				"east": {"uv": [0, 0, 2, 2], "rotation": 180, "texture": "#1"},
				"south": {"uv": [0, 0, 2, 2], "rotation": 270, "texture": "#1"},
				"west": {"uv": [0, 0, 2, 2], "texture": "#1"},
				"up": {"uv": [0, 0, 2, 2], "rotation": 270, "texture": "#1"},
				"down": {"uv": [0, 0, 2, 2], "rotation": 270, "texture": "#1"}
			}
		},
		{
			"from": [17, 7, -13],
			"to": [19, 9, -10],
			"faces": {
				"north": {"uv": [0, 0, 2, 2], "rotation": 90, "texture": "#1"},
				"east": {"uv": [0, 0, 3, 2], "rotation": 180, "texture": "#1"},
				"south": {"uv": [0, 0, 2, 2], "rotation": 270, "texture": "#1"},
				"west": {"uv": [0, 0, 3, 2], "texture": "#1"},
				"up": {"uv": [0, 0, 3, 2], "rotation": 270, "texture": "#1"},
				"down": {"uv": [0, 0, 3, 2], "rotation": 270, "texture": "#1"}
			}
		},
		{
			"from": [17, 4, -9],
			"to": [19, 6, -1],
			"faces": {
				"north": {"uv": [0, 0, 2.5, 2], "rotation": 90, "texture": "#1"},
				"east": {"uv": [0, 0, 8, 2], "rotation": 180, "texture": "#1"},
				"south": {"uv": [0, 0, 2, 2], "rotation": 270, "texture": "#1"},
				"west": {"uv": [0, 0, 8, 2], "texture": "#1"},
				"up": {"uv": [0, 0, 8, 2], "rotation": 270, "texture": "#1"},
				"down": {"uv": [0, 0, 8, 2], "rotation": 270, "texture": "#1"}
			}
		},
		{
			"from": [17, 5, -12],
			"to": [19, 7, -9],
			"faces": {
				"north": {"uv": [0, 0, 2, 2], "rotation": 90, "texture": "#1"},
				"east": {"uv": [0, 0, 3, 2], "rotation": 180, "texture": "#1"},
				"south": {"uv": [0, 0, 2, 2], "rotation": 270, "texture": "#1"},
				"west": {"uv": [0, 0, 3, 2], "texture": "#1"},
				"up": {"uv": [0, 0, 3, 2], "rotation": 270, "texture": "#1"},
				"down": {"uv": [0, 0, 3, 2], "rotation": 270, "texture": "#1"}
			}
		},
		{
			"from": [17, 6, -9],
			"to": [19, 7, -8],
			"faces": {
				"north": {"uv": [2, 5, 2.5, 5.5], "rotation": 90, "texture": "#1"},
				"east": {"uv": [1, 0, 2, 2], "rotation": 180, "texture": "#1"},
				"south": {"uv": [2, 0, 3, 2], "rotation": 270, "texture": "#1"},
				"west": {"uv": [0.75, 5, 1.25, 5.5], "texture": "#1"},
				"up": {"uv": [1.5, 10, 2.5, 11], "rotation": 270, "texture": "#1"},
				"down": {"uv": [4, 10.5, 5, 11.5], "rotation": 270, "texture": "#1"}
			}
		},
		{
			"from": [17, 6, -2],
			"to": [19, 7, -1],
			"faces": {
				"north": {"uv": [0, 0, 0.5, 1], "rotation": 90, "texture": "#1"},
				"east": {"uv": [0.5, 0.25, 1, 0.75], "rotation": 180, "texture": "#1"},
				"south": {"uv": [0, 0, 0.5, 1], "rotation": 270, "texture": "#1"},
				"west": {"uv": [0, 0, 0.5, 0.5], "texture": "#1"},
				"up": {"uv": [0, 0, 0.5, 1], "rotation": 270, "texture": "#1"},
				"down": {"uv": [0, 0, 0.5, 1], "rotation": 270, "texture": "#1"}
			}
		},
		{
			"from": [17, 5, -1],
			"to": [19, 7, 2],
			"faces": {
				"north": {"uv": [0, 0, 2, 2], "rotation": 90, "texture": "#1"},
				"east": {"uv": [0, 0, 3, 2], "rotation": 180, "texture": "#1"},
				"south": {"uv": [0, 0, 2, 2], "rotation": 270, "texture": "#1"},
				"west": {"uv": [0, 0, 3, 2], "texture": "#1"},
				"up": {"uv": [0, 0, 3, 2], "rotation": 270, "texture": "#1"},
				"down": {"uv": [0, 0, 3, 2], "rotation": 270, "texture": "#1"}
			}
		},
		{
			"from": [17, 7, 0],
			"to": [19, 9, 3],
			"faces": {
				"north": {"uv": [0, 0, 2, 2], "rotation": 90, "texture": "#1"},
				"east": {"uv": [0, 0, 3, 2], "rotation": 180, "texture": "#1"},
				"south": {"uv": [0, 0, 2, 2], "rotation": 270, "texture": "#1"},
				"west": {"uv": [0, 0, 3, 2], "texture": "#1"},
				"up": {"uv": [0, 0, 3, 2], "rotation": 270, "texture": "#1"},
				"down": {"uv": [0, 0, 3, 2], "rotation": 270, "texture": "#1"}
			}
		},
		{
			"from": [17, 9, 1],
			"to": [19, 11, 3],
			"faces": {
				"north": {"uv": [0, 0, 2, 2], "rotation": 90, "texture": "#1"},
				"east": {"uv": [0, 0, 3, 2], "rotation": 180, "texture": "#1"},
				"south": {"uv": [0, 0, 2, 2], "rotation": 270, "texture": "#1"},
				"west": {"uv": [0, 0, 3, 2], "texture": "#1"},
				"up": {"uv": [0, 0, 3, 2], "rotation": 270, "texture": "#1"},
				"down": {"uv": [0, 0, 3, 2], "rotation": 270, "texture": "#1"}
			}
		}
	],
	"display": {
		"gui": {
			"rotation": [28, 32, 0],
			"translation": [4, -1.5, 0],
			"scale": [0.5, 0.5, 0.5]
		},
		"fixed": {
			"rotation": [-180, 0, -180],
			"translation": [1.5, 0, -12],
			"scale": [2, 2, 2]
		}
	},
	"groups": [
		{
			"name": "group",
			"origin": [8, 8, 8],
			"color": 1,
			"nbt": "{}",
			"children": []
		},
		{
			"name": "group",
			"origin": [8, 8, 8],
			"color": 1,
			"nbt": "{}",
			"children": []
		},
		{
			"name": "group",
			"origin": [8, 8, 8],
			"color": 0,
			"nbt": "{}",
			"children": [0, 1, 2, 3, 4, 5, 6, 7, 8, 9, 10, 11, 12, 13, 14, 15, 16, 17, 18, 19, 20, 21, 22]
		},
		{
			"name": "group",
			"origin": [8, 8, 8],
			"color": 0,
			"nbt": "{}",
			"children": [23, 24, 25, 26, 27, 28, 29, 30, 31]
		},
		{
			"name": "group",
			"origin": [8, 8, 8],
			"color": 0,
			"nbt": "{}",
			"children": [32, 33, 34, 35, 36, 37, 38, 39, 40]
		}
	]
}