{
	"credit": "Made with Blockbench",
	"texture_size": [32, 32],
	"textures": {
		"4": "jeracraft:christmas/crystal3",
		"particle": "jeracraft:christmas/crystal3"
	},
	"elements": [
		{
			"from": [6, 0, 6],
			"to": [10, 16, 10],
			"rotation": {"angle": 0, "axis": "y", "origin": [1, 0, 7]},
			"faces": {
				"north": {"uv": [0, 0, 2, 8], "texture": "#4"},
				"east": {"uv": [2, 0, 4, 8], "texture": "#4"},
				"south": {"uv": [4, 0, 6, 8], "texture": "#4"},
				"west": {"uv": [6, 0, 8, 8], "texture": "#4"},
				"up": {"uv": [2, 10, 0, 8], "texture": "#4"},
				"down": {"uv": [10, 0, 8, 2], "texture": "#4"}
			}
		},
		{
			"from": [5.24, 0, 6.24],
			"to": [6.76, 6.08, 7.76],
			"rotation": {"angle": -22.5, "axis": "x", "origin": [5, 0.04, 8]},
			"faces": {
				"north": {"uv": [0, 0, 2, 8], "texture": "#4"},
				"east": {"uv": [2, 0, 4, 8], "texture": "#4"},
				"south": {"uv": [4, 0, 6, 8], "texture": "#4"},
				"west": {"uv": [6, 0, 8, 8], "texture": "#4"},
				"up": {"uv": [2, 10, 0, 8], "texture": "#4"},
				"down": {"uv": [10, 0, 8, 2], "texture": "#4"}
			}
		},
		{
			"from": [6.44, 0, 5.44],
			"to": [9.56, 12.48, 8.56],
			"rotation": {"angle": -22.5, "axis": "x", "origin": [8, 0.24, 7]},
			"faces": {
				"north": {"uv": [0, 0, 2, 8], "texture": "#4"},
				"east": {"uv": [2, 0, 4, 8], "texture": "#4"},
				"south": {"uv": [4, 0, 6, 8], "texture": "#4"},
				"west": {"uv": [6, 0, 8, 8], "texture": "#4"},
				"up": {"uv": [2, 10, 0, 8], "texture": "#4"},
				"down": {"uv": [10, 0, 8, 2], "texture": "#4"}
			}
		},
		{
			"from": [4.84, 0, 6.84],
			"to": [7.16, 9.28, 9.16],
			"rotation": {"angle": 22.5, "axis": "z", "origin": [5.94, 0, 7.42]},
			"faces": {
				"north": {"uv": [0, 0, 2, 8], "texture": "#4"},
				"east": {"uv": [2, 0, 4, 8], "texture": "#4"},
				"south": {"uv": [4, 0, 6, 8], "texture": "#4"},
				"west": {"uv": [6, 0, 8, 8], "texture": "#4"},
				"up": {"uv": [2, 10, 0, 8], "texture": "#4"},
				"down": {"uv": [10, 0, 8, 2], "texture": "#4"}
			}
		}
	],
	"gui_light": "front",
	"display": {
		"thirdperson_righthand": {
			"rotation": [0, 126, 0],
			"translation": [0, 3.25, 1],
			"scale": [0.5, 0.5, 0.5]
		},
		"thirdperson_lefthand": {
			"rotation": [0, -129, 0],
			"translation": [0, 3.25, 1],
			"scale": [0.5, 0.5, 0.5]
		},
		"firstperson_righthand": {
			"rotation": [-36, 103, 51],
			"translation": [0, 5.5, -0.25],
			"scale": [0.5, 0.5, 0.5]
		},
		"firstperson_lefthand": {
			"rotation": [5, -163, 12],
			"translation": [0, 5.5, -0.25],
			"scale": [0.5, 0.5, 0.5]
		},
		"ground": {
			"translation": [0, 2.5, -0.25],
			"scale": [0.5, 0.5, 0.5]
		},
		"gui": {
			"rotation": [-40, 126, 55],
			"translation": [0, 0, -0.25],
			"scale": [0.75, 0.75, 0.75]
		},
		"head": {
			"translation": [0, 14, 0]
		},
		"fixed": {
			"rotation": [-39, -86, 50],
			"translation": [-5.25, 2.75, -14.5],
			"scale": [2, 2, 2]
		}
	}
}