{
	"credit": "Made with Blockbench",
	"texture_size": [64, 64],
	"textures": {
		"0": "jeracraft:christmas/deerskin",
		"particle": "jeracraft:christmas/deerskin"
	},
	"elements": [
		{
			"from": [1.1, -0.30448, -8.51397],
			"to": [3.1, 8.69552, -6.51397],
			"rotation": {"angle": 0, "axis": "y", "origin": [1, -1.30448, -4.51397]},
			"faces": {
				"north": {"uv": [0.5, 10, 1, 12.25], "texture": "#0"},
				"east": {"uv": [5.5, 10, 6, 12.25], "texture": "#0"},
				"south": {"uv": [6, 10, 6.5, 12.25], "texture": "#0"},
				"west": {"uv": [6.5, 10, 7, 12.25], "texture": "#0"},
				"up": {"uv": [12, 4.5, 11.5, 4], "texture": "#0"},
				"down": {"uv": [13.5, 4.75, 13, 5.25], "texture": "#0"}
			}
		},
		{
			"from": [1, 7.16062, -12.79753],
			"to": [4, 13.16062, -9.79753],
			"rotation": {"angle": 22.5, "axis": "x", "origin": [1, -2.83938, -6.79753]},
			"faces": {
				"north": {"uv": [1, 10.5, 1.75, 12], "texture": "#0"},
				"east": {"uv": [1.75, 10.5, 2.5, 12], "texture": "#0"},
				"south": {"uv": [8.5, 10.5, 9.25, 12], "texture": "#0"},
				"west": {"uv": [10.5, 8.75, 11.25, 10.25], "texture": "#0"},
				"up": {"uv": [8, 5.25, 7.25, 4.5], "texture": "#0"},
				"down": {"uv": [13.5, 1.5, 12.75, 2.25], "texture": "#0"}
			}
		},
		{
			"from": [1, 9.16062, -9.79753],
			"to": [4, 13.16062, -8.79753],
			"rotation": {"angle": 22.5, "axis": "x", "origin": [1, -2.83938, -6.79753]},
			"faces": {
				"north": {"uv": [9.75, 8.75, 10.5, 9.75], "texture": "#0"},
				"east": {"uv": [11.5, 0.5, 11.75, 1.5], "texture": "#0"},
				"south": {"uv": [11.5, 3, 12.25, 4], "texture": "#0"},
				"west": {"uv": [10, 13, 10.25, 14], "texture": "#0"},
				"up": {"uv": [13.75, 1.5, 13, 1.25], "texture": "#0"},
				"down": {"uv": [14.25, 0.5, 13.5, 0.75], "texture": "#0"}
			}
		},
		{
			"from": [2, 6.70806, 8.47765],
			"to": [4, 16.70806, 11.47765],
			"rotation": {"angle": 0, "axis": "y", "origin": [0, -3.29194, -3.52235]},
			"faces": {
				"north": {"uv": [4, 9, 4.5, 11.5], "texture": "#0"},
				"east": {"uv": [7, 8.25, 7.75, 10.75], "texture": "#0"},
				"south": {"uv": [4.5, 9.5, 5, 12], "texture": "#0"},
				"west": {"uv": [7.75, 8.25, 8.5, 10.75], "texture": "#0"},
				"up": {"uv": [7.25, 3.75, 6.75, 3], "texture": "#0"},
				"down": {"uv": [11.25, 12.5, 10.75, 13.25], "texture": "#0"}
			}
		},
		{
			"from": [2, -0.29194, 9.97765],
			"to": [4, 6.70806, 11.97765],
			"rotation": {"angle": 0, "axis": "y", "origin": [0, -3.29194, -3.72235]},
			"faces": {
				"north": {"uv": [11.25, 8.75, 11.75, 10.5], "texture": "#0"},
				"east": {"uv": [11.25, 10.5, 11.75, 12.25], "texture": "#0"},
				"south": {"uv": [2.5, 11.5, 3, 13.25], "texture": "#0"},
				"west": {"uv": [3, 11.5, 3.5, 13.25], "texture": "#0"},
				"up": {"uv": [12.75, 13.5, 12.25, 13], "texture": "#0"},
				"down": {"uv": [13.75, 0, 13.25, 0.5], "texture": "#0"}
			}
		},
		{
			"from": [2, 11.70806, 6.47765],
			"to": [4, 17.70806, 8.47765],
			"rotation": {"angle": 0, "axis": "y", "origin": [0, -3.29194, -3.52235]},
			"faces": {
				"north": {"uv": [1, 12, 1.5, 13.5], "texture": "#0"},
				"east": {"uv": [1.5, 12, 2, 13.5], "texture": "#0"},
				"south": {"uv": [2, 12, 2.5, 13.5], "texture": "#0"},
				"west": {"uv": [12, 4, 12.5, 5.5], "texture": "#0"},
				"up": {"uv": [3, 13.75, 2.5, 13.25], "texture": "#0"},
				"down": {"uv": [3.5, 13.25, 3, 13.75], "texture": "#0"}
			}
		},
		{
			"from": [2, 16.70806, 8.47765],
			"to": [4, 17.70806, 11.47765],
			"rotation": {"angle": 0, "axis": "y", "origin": [0, -3.29194, -3.52235]},
			"faces": {
				"north": {"uv": [9.25, 8, 9.75, 8.25], "texture": "#0"},
				"east": {"uv": [13.5, 0.75, 14.25, 1], "texture": "#0"},
				"south": {"uv": [11.75, 2.25, 12.25, 2.5], "texture": "#0"},
				"west": {"uv": [1, 13.5, 1.75, 13.75], "texture": "#0"},
				"up": {"uv": [13.25, 11.25, 12.75, 10.5], "texture": "#0"},
				"down": {"uv": [13.25, 11.25, 12.75, 12], "texture": "#0"}
			}
		},
		{
			"from": [1.1, 13.00806, -7.52235],
			"to": [3.1, 19.00806, -2.52235],
			"rotation": {"angle": 0, "axis": "y", "origin": [1, -2.29194, -3.52235]},
			"faces": {
				"north": {"uv": [4.5, 12, 5, 13.5], "texture": "#0"},
				"east": {"uv": [8.25, 0, 9.5, 1.5], "texture": "#0"},
				"south": {"uv": [5, 12, 5.5, 13.5], "texture": "#0"},
				"west": {"uv": [0, 8.5, 1.25, 10], "texture": "#0"},
				"up": {"uv": [12.75, 6.75, 12.25, 5.5], "texture": "#0"},
				"down": {"uv": [6.5, 12.25, 6, 13.5], "texture": "#0"}
			}
		},
		{
			"from": [3, 12.70806, -8.52235],
			"to": [12, 18.70806, 6.47765],
			"rotation": {"angle": 0, "axis": "y", "origin": [0, -2.29194, -3.52235]},
			"faces": {
				"north": {"uv": [5.75, 5.25, 8, 6.75], "texture": "#0"},
				"east": {"uv": [3.5, 3.75, 7.25, 5.25], "texture": "#0"},
				"south": {"uv": [6.75, 1.5, 9, 3], "texture": "#0"},
				"west": {"uv": [4.5, 0, 8.25, 1.5], "texture": "#0"},
				"up": {"uv": [2.25, 3.75, 0, 0], "texture": "#0"},
				"down": {"uv": [4.5, 0, 2.25, 3.75], "texture": "#0"}
			}
		},
		{
			"from": [3.2, 13.45932, -3.4721],
			"to": [11.8, 19.45932, 5.5279],
			"rotation": {"angle": 22.5, "axis": "x", "origin": [0.1, -6.04068, 1.5279]},
			"faces": {
				"north": {"uv": [5.75, 6.75, 8, 8.25], "texture": "#0"},
				"east": {"uv": [0, 7, 2.25, 8.5], "texture": "#0"},
				"south": {"uv": [7.25, 3, 9.5, 4.5], "texture": "#0"},
				"west": {"uv": [2.25, 7.5, 4.5, 9], "texture": "#0"},
				"up": {"uv": [6.75, 3.75, 4.5, 1.5], "texture": "#0"},
				"down": {"uv": [5.75, 5.25, 3.5, 7.5], "texture": "#0"}
			}
		},
		{
			"from": [4, -7.19194, 16.97765],
			"to": [11, -3.19194, 20.97765],
			"rotation": {"angle": -45, "axis": "x", "origin": [0, -2.29194, -3.52235]},
			"faces": {
				"north": {"uv": [9.25, 4.5, 11, 5.5], "rotation": 180, "texture": "#0"},
				"east": {"uv": [10.75, 1.5, 11.75, 2.5], "rotation": 180, "texture": "#0"},
				"south": {"uv": [9, 1.5, 10.75, 2.5], "rotation": 180, "texture": "#0"},
				"west": {"uv": [11, 4.5, 12, 5.5], "rotation": 180, "texture": "#0"},
				"up": {"uv": [11, 6.5, 9.25, 7.5], "texture": "#0"},
				"down": {"uv": [11, 6.5, 9.25, 5.5], "texture": "#0"}
			}
		},
		{
			"from": [5, 12.70806, -10.52235],
			"to": [10, 19.70806, -8.52235],
			"rotation": {"angle": 0, "axis": "y", "origin": [0, -2.29194, -3.52235]},
			"faces": {
				"north": {"uv": [8, 6.5, 9.25, 8.25], "texture": "#0"},
				"east": {"uv": [3.5, 11.5, 4, 13.25], "texture": "#0"},
				"south": {"uv": [5.75, 8.25, 7, 10], "texture": "#0"},
				"west": {"uv": [4, 11.5, 4.5, 13.25], "texture": "#0"},
				"up": {"uv": [13.5, 9, 12.25, 8.5], "texture": "#0"},
				"down": {"uv": [13.5, 9, 12.25, 9.5], "texture": "#0"}
			}
		},
		{
			"from": [5, 11.70806, -8.52235],
			"to": [10, 12.70806, -6.52235],
			"rotation": {"angle": 0, "axis": "y", "origin": [0, -2.29194, -3.52235]},
			"faces": {
				"north": {"uv": [9.5, 1.25, 10.75, 1.5], "texture": "#0"},
				"east": {"uv": [6, 13.5, 6.5, 13.75], "texture": "#0"},
				"south": {"uv": [9.5, 4.25, 10.75, 4.5], "texture": "#0"},
				"west": {"uv": [13.5, 6, 14, 6.25], "texture": "#0"},
				"up": {"uv": [13.5, 10, 12.25, 9.5], "texture": "#0"},
				"down": {"uv": [13.5, 10, 12.25, 10.5], "texture": "#0"}
			}
		},
		{
			"from": [6, 19.70806, -9.52235],
			"to": [9, 22.70806, -7.52235],
			"rotation": {"angle": 0, "axis": "y", "origin": [0, -2.29194, -3.52235]},
			"faces": {
				"north": {"uv": [12.75, 2.25, 13.5, 3], "texture": "#0"},
				"east": {"uv": [12.75, 12, 13.25, 12.75], "texture": "#0"},
				"south": {"uv": [12.75, 5.25, 13.5, 6], "texture": "#0"},
				"west": {"uv": [12.75, 12.75, 13.25, 13.5], "texture": "#0"},
				"up": {"uv": [2, 9, 1.25, 8.5], "texture": "#0"},
				"down": {"uv": [13.25, 7.5, 12.5, 8], "texture": "#0"}
			}
		},
		{
			"from": [4, 10.70806, -6.52235],
			"to": [11, 12.70806, 6.47765],
			"rotation": {"angle": 0, "axis": "y", "origin": [0, -2.29194, -3.52235]},
			"faces": {
				"north": {"uv": [11, 7, 12.75, 7.5], "texture": "#0"},
				"east": {"uv": [9, 2.5, 12.25, 3], "texture": "#0"},
				"south": {"uv": [11.5, 0, 13.25, 0.5], "texture": "#0"},
				"west": {"uv": [9.25, 7.5, 12.5, 8], "texture": "#0"},
				"up": {"uv": [1.75, 7, 0, 3.75], "texture": "#0"},
				"down": {"uv": [3.5, 3.75, 1.75, 7], "texture": "#0"}
			}
		},
		{
			"from": [1, 13.70806, -8.52235],
			"to": [3, 18.70806, -7.52235],
			"rotation": {"angle": 0, "axis": "y", "origin": [1, -2.29194, -3.52235]},
			"faces": {
				"north": {"uv": [6.5, 12.25, 7, 13.5], "texture": "#0"},
				"east": {"uv": [8, 13, 8.25, 14.25], "texture": "#0"},
				"south": {"uv": [12.25, 10.5, 12.75, 11.75], "texture": "#0"},
				"west": {"uv": [8.25, 13, 8.5, 14.25], "texture": "#0"},
				"up": {"uv": [14, 6.5, 13.5, 6.25], "texture": "#0"},
				"down": {"uv": [7, 13.5, 6.5, 13.75], "texture": "#0"}
			}
		},
		{
			"from": [11.9, 12.90806, -7.52235],
			"to": [13.9, 18.90806, -2.52235],
			"rotation": {"angle": 0, "axis": "y", "origin": [12, -2.29194, -3.52235]},
			"faces": {
				"north": {"uv": [8.5, 12, 9, 13.5], "texture": "#0"},
				"east": {"uv": [8.5, 8.25, 9.75, 9.75], "texture": "#0"},
				"south": {"uv": [9, 12, 9.5, 13.5], "texture": "#0"},
				"west": {"uv": [1.25, 9, 2.5, 10.5], "texture": "#0"},
				"up": {"uv": [0.5, 13.75, 0, 12.5], "texture": "#0"},
				"down": {"uv": [13, 4, 12.5, 5.25], "texture": "#0"}
			}
		},
		{
			"from": [11, 9.16062, -9.79753],
			"to": [14, 13.16062, -8.79753],
			"rotation": {"angle": 22.5, "axis": "x", "origin": [12, -2.83938, -6.79753]},
			"faces": {
				"north": {"uv": [9.5, 12, 10.25, 13], "texture": "#0"},
				"east": {"uv": [10.75, 13.25, 11, 14.25], "texture": "#0"},
				"south": {"uv": [12.25, 0.5, 13, 1.5], "texture": "#0"},
				"west": {"uv": [11, 13.25, 11.25, 14.25], "texture": "#0"},
				"up": {"uv": [14.25, 2.25, 13.5, 2], "texture": "#0"},
				"down": {"uv": [14.25, 2.25, 13.5, 2.5], "texture": "#0"}
			}
		},
		{
			"from": [11, 7.16062, -12.79753],
			"to": [14, 13.16062, -9.79753],
			"rotation": {"angle": 22.5, "axis": "x", "origin": [12, -2.83938, -6.79753]},
			"faces": {
				"north": {"uv": [9.25, 10.5, 10, 12], "texture": "#0"},
				"east": {"uv": [10, 10.5, 10.75, 12], "texture": "#0"},
				"south": {"uv": [10.75, 0, 11.5, 1.5], "texture": "#0"},
				"west": {"uv": [10.75, 3, 11.5, 4.5], "texture": "#0"},
				"up": {"uv": [13.5, 6.75, 12.75, 6], "texture": "#0"},
				"down": {"uv": [13.5, 6.75, 12.75, 7.5], "texture": "#0"}
			}
		},
		{
			"from": [11.9, -0.30448, -8.51397],
			"to": [13.9, 8.69552, -6.51397],
			"rotation": {"angle": 0, "axis": "y", "origin": [12, -1.30448, -4.51397]},
			"faces": {
				"north": {"uv": [7, 10.75, 7.5, 13], "texture": "#0"},
				"east": {"uv": [7.5, 10.75, 8, 13], "texture": "#0"},
				"south": {"uv": [8, 10.75, 8.5, 13], "texture": "#0"},
				"west": {"uv": [10.75, 10.25, 11.25, 12.5], "texture": "#0"},
				"up": {"uv": [13.75, 11.5, 13.25, 11], "texture": "#0"},
				"down": {"uv": [13.75, 11.5, 13.25, 12], "texture": "#0"}
			}
		},
		{
			"from": [11, 6.70806, 8.47765],
			"to": [13, 16.70806, 11.47765],
			"rotation": {"angle": 0, "axis": "y", "origin": [0, -3.29194, -3.52235]},
			"faces": {
				"north": {"uv": [5, 9.5, 5.5, 12], "texture": "#0"},
				"east": {"uv": [2.5, 9, 3.25, 11.5], "texture": "#0"},
				"south": {"uv": [0, 10, 0.5, 12.5], "texture": "#0"},
				"west": {"uv": [3.25, 9, 4, 11.5], "texture": "#0"},
				"up": {"uv": [13.5, 1.25, 13, 0.5], "texture": "#0"},
				"down": {"uv": [13.5, 4, 13, 4.75], "texture": "#0"}
			}
		},
		{
			"from": [11, 16.70806, 8.47765],
			"to": [13, 17.70806, 11.47765],
			"rotation": {"angle": 0, "axis": "y", "origin": [0, -3.29194, -3.52235]},
			"faces": {
				"north": {"uv": [13.5, 7, 14, 7.25], "texture": "#0"},
				"east": {"uv": [13.5, 2.5, 14.25, 2.75], "texture": "#0"},
				"south": {"uv": [13.5, 7.25, 14, 7.5], "texture": "#0"},
				"west": {"uv": [13.5, 2.75, 14.25, 3], "texture": "#0"},
				"up": {"uv": [7.5, 13.75, 7, 13], "texture": "#0"},
				"down": {"uv": [8, 13, 7.5, 13.75], "texture": "#0"}
			}
		},
		{
			"from": [11, 11.70806, 6.47765],
			"to": [13, 17.70806, 8.47765],
			"rotation": {"angle": 0, "axis": "y", "origin": [0, -3.29194, -3.52235]},
			"faces": {
				"north": {"uv": [10.25, 12, 10.75, 13.5], "texture": "#0"},
				"east": {"uv": [0.5, 12.25, 1, 13.75], "texture": "#0"},
				"south": {"uv": [12.25, 1.5, 12.75, 3], "texture": "#0"},
				"west": {"uv": [5.5, 12.25, 6, 13.75], "texture": "#0"},
				"up": {"uv": [12.25, 13.75, 11.75, 13.25], "texture": "#0"},
				"down": {"uv": [13.75, 12, 13.25, 12.5], "texture": "#0"}
			}
		},
		{
			"from": [11, -0.29194, 9.97765],
			"to": [13, 6.70806, 11.97765],
			"rotation": {"angle": 0, "axis": "y", "origin": [0, -3.29194, -3.72235]},
			"faces": {
				"north": {"uv": [11.75, 0.5, 12.25, 2.25], "texture": "#0"},
				"east": {"uv": [11.75, 8, 12.25, 9.75], "texture": "#0"},
				"south": {"uv": [11.75, 9.75, 12.25, 11.5], "texture": "#0"},
				"west": {"uv": [11.75, 11.5, 12.25, 13.25], "texture": "#0"},
				"up": {"uv": [13.75, 13, 13.25, 12.5], "texture": "#0"},
				"down": {"uv": [13.75, 13, 13.25, 13.5], "texture": "#0"}
			}
		},
		{
			"from": [12, 13.70806, -8.52235],
			"to": [14, 18.70806, -7.52235],
			"rotation": {"angle": 0, "axis": "y", "origin": [12, -2.29194, -3.52235]},
			"faces": {
				"north": {"uv": [11.25, 12.25, 11.75, 13.5], "texture": "#0"},
				"east": {"uv": [9.5, 13, 9.75, 14.25], "texture": "#0"},
				"south": {"uv": [12.25, 11.75, 12.75, 13], "texture": "#0"},
				"west": {"uv": [9.75, 13, 10, 14.25], "texture": "#0"},
				"up": {"uv": [14, 6.75, 13.5, 6.5], "texture": "#0"},
				"down": {"uv": [14, 6.75, 13.5, 7], "texture": "#0"}
			}
		},
		{
			"from": [5, 16.40806, 1.37765],
			"to": [10, 19.40806, 9.37765],
			"rotation": {"angle": 45, "axis": "x", "origin": [0, -2.29194, -3.52235]},
			"faces": {
				"north": {"uv": [11, 5.5, 12.25, 6.25], "texture": "#0"},
				"east": {"uv": [9.75, 8, 11.75, 8.75], "texture": "#0"},
				"south": {"uv": [11, 6.25, 12.25, 7], "texture": "#0"},
				"west": {"uv": [8.5, 9.75, 10.5, 10.5], "texture": "#0"},
				"up": {"uv": [5.75, 9.5, 4.5, 7.5], "texture": "#0"},
				"down": {"uv": [9.25, 4.5, 8, 6.5], "texture": "#0"}
			}
		},
		{
			"from": [6, 18.40806, 9.37765],
			"to": [9, 19.40806, 10.37765],
			"rotation": {"angle": 45, "axis": "x", "origin": [0, -2.29194, -3.52235]},
			"faces": {
				"north": {"uv": [13.5, 1, 14.25, 1.25], "texture": "#0"},
				"east": {"uv": [10.5, 10.25, 10.75, 10.5], "texture": "#0"},
				"south": {"uv": [13.5, 1.5, 14.25, 1.75], "texture": "#0"},
				"west": {"uv": [12.5, 5.25, 12.75, 5.5], "texture": "#0"},
				"up": {"uv": [2.5, 13.75, 1.75, 13.5], "texture": "#0"},
				"down": {"uv": [14.25, 1.75, 13.5, 2], "texture": "#0"}
			}
		},
		{
			"from": [5, 19.40806, 1.37765],
			"to": [10, 21.40806, 6.37765],
			"rotation": {"angle": 45, "axis": "x", "origin": [0, -2.29194, -3.52235]},
			"faces": {
				"north": {"uv": [2.25, 7, 3.5, 7.5], "texture": "#0"},
				"east": {"uv": [12.25, 3, 13.5, 3.5], "texture": "#0"},
				"south": {"uv": [12.25, 3.5, 13.5, 4], "texture": "#0"},
				"west": {"uv": [12.25, 8, 13.5, 8.5], "texture": "#0"},
				"up": {"uv": [10.75, 1.25, 9.5, 0], "texture": "#0"},
				"down": {"uv": [10.75, 3, 9.5, 4.25], "texture": "#0"}
			}
		},
		{
			"from": [3, 19.40806, 2.37765],
			"to": [5, 21.40806, 3.37765],
			"rotation": {"angle": 45, "axis": "x", "origin": [0, -2.29194, -3.52235]},
			"faces": {
				"north": {"uv": [3.5, 13.25, 4, 13.75], "texture": "#0"},
				"east": {"uv": [2, 8.5, 2.25, 9], "texture": "#0"},
				"south": {"uv": [4, 13.25, 4.5, 13.75], "texture": "#0"},
				"west": {"uv": [5.5, 9.5, 5.75, 10], "texture": "#0"},
				"up": {"uv": [12.75, 7, 12.25, 6.75], "texture": "#0"},
				"down": {"uv": [14, 4.75, 13.5, 5], "texture": "#0"}
			}
		},
		{
			"from": [10, 19.40806, 2.37765],
			"to": [12, 21.40806, 3.37765],
			"rotation": {"angle": 45, "axis": "x", "origin": [0, -2.29194, -3.52235]},
			"faces": {
				"north": {"uv": [13.25, 7.5, 13.75, 8], "texture": "#0"},
				"east": {"uv": [1, 10, 1.25, 10.5], "texture": "#0"},
				"south": {"uv": [13.25, 10.5, 13.75, 11], "texture": "#0"},
				"west": {"uv": [13.5, 5, 13.75, 5.5], "texture": "#0"},
				"up": {"uv": [14, 5.75, 13.5, 5.5], "texture": "#0"},
				"down": {"uv": [14, 5.75, 13.5, 6], "texture": "#0"}
			}
		},
		{
			"from": [2, 20.40806, 2.37765],
			"to": [3, 21.40806, 3.37765],
			"rotation": {"angle": 45, "axis": "x", "origin": [0, -2.29194, -3.52235]},
			"faces": {
				"north": {"uv": [0.75, 13.75, 1, 14], "texture": "#0"},
				"east": {"uv": [1, 13.75, 1.25, 14], "texture": "#0"},
				"south": {"uv": [1.25, 13.75, 1.5, 14], "texture": "#0"},
				"west": {"uv": [13.75, 1.25, 14, 1.5], "texture": "#0"},
				"up": {"uv": [1.75, 14, 1.5, 13.75], "texture": "#0"},
				"down": {"uv": [2, 13.75, 1.75, 14], "texture": "#0"}
			}
		},
		{
			"from": [12, 20.40806, 2.37765],
			"to": [13, 21.40806, 3.37765],
			"rotation": {"angle": 45, "axis": "x", "origin": [0, -2.29194, -3.52235]},
			"faces": {
				"north": {"uv": [2, 13.75, 2.25, 14], "texture": "#0"},
				"east": {"uv": [2.25, 13.75, 2.5, 14], "texture": "#0"},
				"south": {"uv": [2.5, 13.75, 2.75, 14], "texture": "#0"},
				"west": {"uv": [2.75, 13.75, 3, 14], "texture": "#0"},
				"up": {"uv": [3.25, 14, 3, 13.75], "texture": "#0"},
				"down": {"uv": [3.5, 13.75, 3.25, 14], "texture": "#0"}
			}
		},
		{
			"from": [6, 21.40806, 2.37765],
			"to": [7, 23.40806, 3.37765],
			"rotation": {"angle": 45, "axis": "x", "origin": [0, -2.29194, -3.52235]},
			"faces": {
				"north": {"uv": [5.25, 13.5, 5.5, 14], "texture": "#0"},
				"east": {"uv": [13.5, 8, 13.75, 8.5], "texture": "#0"},
				"south": {"uv": [8.5, 13.5, 8.75, 14], "texture": "#0"},
				"west": {"uv": [13.5, 8.5, 13.75, 9], "texture": "#0"},
				"up": {"uv": [3.75, 14, 3.5, 13.75], "texture": "#0"},
				"down": {"uv": [4, 13.75, 3.75, 14], "texture": "#0"}
			}
		},
		{
			"from": [8, 21.40806, 2.37765],
			"to": [9, 23.40806, 3.37765],
			"rotation": {"angle": 45, "axis": "x", "origin": [0, -2.29194, -3.52235]},
			"faces": {
				"north": {"uv": [8.75, 13.5, 9, 14], "texture": "#0"},
				"east": {"uv": [9, 13.5, 9.25, 14], "texture": "#0"},
				"south": {"uv": [13.5, 9, 13.75, 9.5], "texture": "#0"},
				"west": {"uv": [9.25, 13.5, 9.5, 14], "texture": "#0"},
				"up": {"uv": [4.25, 14, 4, 13.75], "texture": "#0"},
				"down": {"uv": [4.5, 13.75, 4.25, 14], "texture": "#0"}
			}
		},
		{
			"from": [3, 22.40806, 2.37765],
			"to": [6, 23.40806, 3.37765],
			"rotation": {"angle": 45, "axis": "x", "origin": [0, -2.29194, -3.52235]},
			"faces": {
				"north": {"uv": [13.5, 3, 14.25, 3.25], "texture": "#0"},
				"east": {"uv": [4.5, 13.75, 4.75, 14], "texture": "#0"},
				"south": {"uv": [13.5, 3.25, 14.25, 3.5], "texture": "#0"},
				"west": {"uv": [4.75, 13.75, 5, 14], "texture": "#0"},
				"up": {"uv": [14.25, 3.75, 13.5, 3.5], "texture": "#0"},
				"down": {"uv": [14.25, 3.75, 13.5, 4], "texture": "#0"}
			}
		},
		{
			"from": [9, 22.40806, 2.37765],
			"to": [12, 23.40806, 3.37765],
			"rotation": {"angle": 45, "axis": "x", "origin": [0, -2.29194, -3.52235]},
			"faces": {
				"north": {"uv": [13.5, 4, 14.25, 4.25], "texture": "#0"},
				"east": {"uv": [5, 13.75, 5.25, 14], "texture": "#0"},
				"south": {"uv": [13.5, 4.25, 14.25, 4.5], "texture": "#0"},
				"west": {"uv": [13.75, 5, 14, 5.25], "texture": "#0"},
				"up": {"uv": [5.25, 13.75, 4.5, 13.5], "texture": "#0"},
				"down": {"uv": [14.25, 4.5, 13.5, 4.75], "texture": "#0"}
			}
		},
		{
			"from": [5, 23.40806, 2.37765],
			"to": [6, 25.40806, 3.37765],
			"rotation": {"angle": 45, "axis": "x", "origin": [0, -2.29194, -3.52235]},
			"faces": {
				"north": {"uv": [13.5, 9.5, 13.75, 10], "texture": "#0"},
				"east": {"uv": [13.5, 10, 13.75, 10.5], "texture": "#0"},
				"south": {"uv": [10.25, 13.5, 10.5, 14], "texture": "#0"},
				"west": {"uv": [10.5, 13.5, 10.75, 14], "texture": "#0"},
				"up": {"uv": [14, 5.5, 13.75, 5.25], "texture": "#0"},
				"down": {"uv": [5.75, 13.75, 5.5, 14], "texture": "#0"}
			}
		},
		{
			"from": [3, 23.40806, 2.37765],
			"to": [4, 25.40806, 3.37765],
			"rotation": {"angle": 45, "axis": "x", "origin": [0, -2.29194, -3.52235]},
			"faces": {
				"north": {"uv": [11.25, 13.5, 11.5, 14], "texture": "#0"},
				"east": {"uv": [11.5, 13.5, 11.75, 14], "texture": "#0"},
				"south": {"uv": [12.25, 13.5, 12.5, 14], "texture": "#0"},
				"west": {"uv": [12.5, 13.5, 12.75, 14], "texture": "#0"},
				"up": {"uv": [6, 14, 5.75, 13.75], "texture": "#0"},
				"down": {"uv": [6.25, 13.75, 6, 14], "texture": "#0"}
			}
		},
		{
			"from": [9, 23.40806, 2.37765],
			"to": [10, 25.40806, 3.37765],
			"rotation": {"angle": 45, "axis": "x", "origin": [0, -2.29194, -3.52235]},
			"faces": {
				"north": {"uv": [12.75, 13.5, 13, 14], "texture": "#0"},
				"east": {"uv": [13, 13.5, 13.25, 14], "texture": "#0"},
				"south": {"uv": [13.25, 13.5, 13.5, 14], "texture": "#0"},
				"west": {"uv": [13.5, 13.5, 13.75, 14], "texture": "#0"},
				"up": {"uv": [6.5, 14, 6.25, 13.75], "texture": "#0"},
				"down": {"uv": [6.75, 13.75, 6.5, 14], "texture": "#0"}
			}
		},
		{
			"from": [11, 23.40806, 2.37765],
			"to": [12, 25.40806, 3.37765],
			"rotation": {"angle": 45, "axis": "x", "origin": [0, -2.29194, -3.52235]},
			"faces": {
				"north": {"uv": [0, 13.75, 0.25, 14.25], "texture": "#0"},
				"east": {"uv": [13.75, 0, 14, 0.5], "texture": "#0"},
				"south": {"uv": [0.25, 13.75, 0.5, 14.25], "texture": "#0"},
				"west": {"uv": [0.5, 13.75, 0.75, 14.25], "texture": "#0"},
				"up": {"uv": [7, 14, 6.75, 13.75], "texture": "#0"},
				"down": {"uv": [7.25, 13.75, 7, 14], "texture": "#0"}
			}
		}
	],
	"display": {
		"gui": {
			"rotation": [0, -56, 0],
			"translation": [-1.25, -2.5, 0],
			"scale": [0.5, 0.5, 0.5]
		},
		"head": {
			"scale": [2, 2, 2]
		},
		"fixed": {
			"rotation": [-90, 0, 0],
			"translation": [0, 12.25, -14.5],
			"scale": [2, 2, 2]
		}
	},
	"groups": [
		0,
		1,
		2,
		3,
		4,
		5,
		6,
		7,
		8,
		9,
		10,
		11,
		12,
		13,
		14,
		15,
		16,
		17,
		18,
		19,
		20,
		21,
		22,
		23,
		24,
		{
			"name": "group",
			"origin": [8, 8, 8],
			"color": 0,
			"nbt": "{}",
			"children": [25, 26, 27, 28, 29, 30, 31, 32, 33, 34, 35, 36, 37, 38, 39]
		}
	]
}