{
	"credit": "Made with Blockbench",
	"texture_size": [64, 64],
	"textures": {
		"0": "jeracraft:christmas/gifts",
		"particle": "jeracraft:christmas/gifts"
	},
	"elements": [
		{
			"from": [0.5, 4, 16],
			"to": [5.5, 6, 17.5],
			"faces": {
				"north": {"uv": [8.5, 0, 9.75, 0.5], "texture": "#0"},
				"east": {"uv": [4, 5, 4.5, 5.5], "texture": "#0"},
				"south": {"uv": [8.5, 0.5, 9.75, 1], "texture": "#0"},
				"west": {"uv": [4, 5.5, 4.5, 6], "texture": "#0"},
				"up": {"uv": [9.75, 3.75, 8.5, 3.25], "texture": "#0"},
				"down": {"uv": [9.75, 3.75, 8.5, 4.25], "texture": "#0"}
			}
		},
		{
			"from": [0.5, 4, 8.5],
			"to": [5.5, 6, 10],
			"faces": {
				"north": {"uv": [0.5, 8.75, 1.75, 9.25], "texture": "#0"},
				"east": {"uv": [9.5, 8.75, 10, 9.25], "texture": "#0"},
				"south": {"uv": [8.75, 1, 10, 1.5], "texture": "#0"},
				"west": {"uv": [9.5, 9.25, 10, 9.75], "texture": "#0"},
				"up": {"uv": [10, 2, 8.75, 1.5], "texture": "#0"},
				"down": {"uv": [3, 8.75, 1.75, 9.25], "texture": "#0"}
			}
		},
		{
			"from": [0, 4, 10],
			"to": [6, 5, 16],
			"faces": {
				"north": {"uv": [9, 7.75, 10.5, 8], "texture": "#0"},
				"east": {"uv": [0.75, 9.25, 2.25, 9.5], "texture": "#0"},
				"south": {"uv": [2.25, 9.25, 3.75, 9.5], "texture": "#0"},
				"west": {"uv": [3.75, 9.25, 5.25, 9.5], "texture": "#0"},
				"up": {"uv": [3, 5, 1.5, 3.5], "texture": "#0"},
				"down": {"uv": [5, 1.5, 3.5, 3], "texture": "#0"}
			}
		},
		{
			"from": [-0.5, 4, 9.5],
			"to": [6.5, 6.1, 16.5],
			"faces": {
				"north": {"uv": [7.5, 4.25, 9.25, 4.75], "texture": "#0"},
				"east": {"uv": [7.5, 4.75, 9.25, 5.25], "texture": "#0"},
				"south": {"uv": [7.5, 5.25, 9.25, 5.75], "texture": "#0"},
				"west": {"uv": [0, 7.75, 1.75, 8.25], "texture": "#0"},
				"up": {"uv": [1.75, 1.75, 0, 0], "texture": "#0"},
				"down": {"uv": [1.75, 1.75, 0, 3.5], "texture": "#0"}
			}
		},
		{
			"from": [2.9, 6.2, 8.3],
			"to": [3.9, 6.2, 17.7],
			"faces": {
				"north": {"uv": [0, 0, 0.25, 0], "texture": "#0"},
				"east": {"uv": [0, 0, 2.25, 0], "texture": "#0"},
				"south": {"uv": [0, 0, 0.25, 0], "texture": "#0"},
				"west": {"uv": [0, 0, 2.25, 0], "texture": "#0"},
				"up": {"uv": [5.75, 11, 5.5, 8.75], "texture": "#0"},
				"down": {"uv": [6, 8.75, 5.75, 11], "texture": "#0"}
			}
		},
		{
			"from": [-1.6, 6.2, 13.1],
			"to": [7.6, 6.2, 14.1],
			"faces": {
				"north": {"uv": [0, 0, 2.25, 0], "texture": "#0"},
				"east": {"uv": [0, 0, 0.25, 0], "texture": "#0"},
				"south": {"uv": [0, 0, 2.25, 0], "texture": "#0"},
				"west": {"uv": [0, 0, 0.25, 0], "texture": "#0"},
				"up": {"uv": [11, 2.25, 8.75, 2], "texture": "#0"},
				"down": {"uv": [11, 8.5, 8.75, 8.75], "texture": "#0"}
			}
		},
		{
			"from": [6, 4, 10.5],
			"to": [7.5, 6, 15.5],
			"faces": {
				"north": {"uv": [9.25, 5.25, 9.75, 5.75], "texture": "#0"},
				"east": {"uv": [8.5, 5.75, 9.75, 6.25], "texture": "#0"},
				"south": {"uv": [3.75, 9.5, 4.25, 10], "texture": "#0"},
				"west": {"uv": [8.5, 6.25, 9.75, 6.75], "texture": "#0"},
				"up": {"uv": [7, 9.75, 6.5, 8.5], "texture": "#0"},
				"down": {"uv": [9, 6.75, 8.5, 8], "texture": "#0"}
			}
		},
		{
			"from": [-1.5, 4, 10.5],
			"to": [0, 6, 15.5],
			"faces": {
				"north": {"uv": [4.25, 9.5, 4.75, 10], "texture": "#0"},
				"east": {"uv": [7, 8.5, 8.25, 9], "texture": "#0"},
				"south": {"uv": [4.75, 9.5, 5.25, 10], "texture": "#0"},
				"west": {"uv": [8.5, 8, 9.75, 8.5], "texture": "#0"},
				"up": {"uv": [8.75, 9.75, 8.25, 8.5], "texture": "#0"},
				"down": {"uv": [0.5, 8.75, 0, 10], "texture": "#0"}
			}
		},
		{
			"from": [1, 0, 16],
			"to": [5, 4, 17],
			"faces": {
				"north": {"uv": [5, 1.75, 6, 2.75], "texture": "#0"},
				"east": {"uv": [9.75, 0, 10, 1], "texture": "#0"},
				"south": {"uv": [2.75, 6.75, 3.75, 7.75], "texture": "#0"},
				"west": {"uv": [9.75, 2.25, 10, 3.25], "texture": "#0"},
				"up": {"uv": [6, 3, 5, 2.75], "texture": "#0"},
				"down": {"uv": [8.5, 1, 7.5, 1.25], "texture": "#0"}
			}
		},
		{
			"from": [3, 0, 17.1],
			"to": [4, 4, 17.1],
			"faces": {
				"north": {"uv": [10.5, 9.75, 10.75, 10.75], "texture": "#0"},
				"east": {"uv": [0, 0, 0, 1], "texture": "#0"},
				"south": {"uv": [10.75, 0, 11, 1], "texture": "#0"},
				"west": {"uv": [0, 0, 0, 1], "texture": "#0"},
				"up": {"uv": [0.25, 0, 0, 0], "texture": "#0"},
				"down": {"uv": [0.25, 0, 0, 0], "texture": "#0"}
			}
		},
		{
			"from": [3, 0, 8.9],
			"to": [4, 4, 8.9],
			"faces": {
				"north": {"uv": [1.25, 10.75, 1.5, 11.75], "texture": "#0"},
				"east": {"uv": [0, 0, 0, 1], "texture": "#0"},
				"south": {"uv": [1.5, 10.75, 1.75, 11.75], "texture": "#0"},
				"west": {"uv": [0, 0, 0, 1], "texture": "#0"},
				"up": {"uv": [0.25, 0, 0, 0], "texture": "#0"},
				"down": {"uv": [0.25, 0, 0, 0], "texture": "#0"}
			}
		},
		{
			"from": [3, 4, 17.6],
			"to": [4, 6.2, 17.6],
			"faces": {
				"north": {"uv": [5, 11.25, 5.25, 11.75], "texture": "#0"},
				"east": {"uv": [0, 0, 0, 0.5], "texture": "#0"},
				"south": {"uv": [5.5, 11.25, 5.75, 11.75], "texture": "#0"},
				"west": {"uv": [0, 0, 0, 0.5], "texture": "#0"},
				"up": {"uv": [0.25, 0, 0, 0], "texture": "#0"},
				"down": {"uv": [0.25, 0, 0, 0], "texture": "#0"}
			}
		},
		{
			"from": [3, 4, 8.4],
			"to": [4, 6.1, 8.4],
			"faces": {
				"north": {"uv": [5.75, 11.25, 6, 11.75], "texture": "#0"},
				"east": {"uv": [0, 0, 0, 0.5], "texture": "#0"},
				"south": {"uv": [11.25, 6.25, 11.5, 6.75], "texture": "#0"},
				"west": {"uv": [0, 0, 0, 0.5], "texture": "#0"},
				"up": {"uv": [0.25, 0, 0, 0], "texture": "#0"},
				"down": {"uv": [0.25, 0, 0, 0], "texture": "#0"}
			}
		},
		{
			"from": [1, 0, 9],
			"to": [5, 4, 10],
			"faces": {
				"north": {"uv": [7.25, 2.25, 8.25, 3.25], "texture": "#0"},
				"east": {"uv": [9.75, 3.25, 10, 4.25], "texture": "#0"},
				"south": {"uv": [3.75, 7.25, 4.75, 8.25], "texture": "#0"},
				"west": {"uv": [9.75, 5.25, 10, 6.25], "texture": "#0"},
				"up": {"uv": [8.5, 6, 7.5, 5.75], "texture": "#0"},
				"down": {"uv": [10.75, 6.25, 9.75, 6.5], "texture": "#0"}
			}
		},
		{
			"from": [0, 0, 10],
			"to": [6, 4, 16],
			"faces": {
				"north": {"uv": [1.25, 6.75, 2.75, 7.75], "texture": "#0"},
				"east": {"uv": [7, 6, 8.5, 7], "texture": "#0"},
				"south": {"uv": [7, 7, 8.5, 8], "texture": "#0"},
				"west": {"uv": [7.25, 1.25, 8.75, 2.25], "texture": "#0"},
				"up": {"uv": [1.5, 5, 0, 3.5], "texture": "#0"},
				"down": {"uv": [5, 0, 3.5, 1.5], "texture": "#0"}
			}
		},
		{
			"from": [6, 0, 11],
			"to": [7, 4, 15],
			"faces": {
				"north": {"uv": [6.5, 9.75, 6.75, 10.75], "texture": "#0"},
				"east": {"uv": [4.75, 7.25, 5.75, 8.25], "texture": "#0"},
				"south": {"uv": [6.75, 9.75, 7, 10.75], "texture": "#0"},
				"west": {"uv": [5.75, 7.25, 6.75, 8.25], "texture": "#0"},
				"up": {"uv": [8.5, 10.75, 8.25, 9.75], "texture": "#0"},
				"down": {"uv": [8.75, 9.75, 8.5, 10.75], "texture": "#0"}
			}
		},
		{
			"from": [-1, 0, 11],
			"to": [0, 4, 15],
			"faces": {
				"north": {"uv": [9.5, 9.75, 9.75, 10.75], "texture": "#0"},
				"east": {"uv": [7.5, 0, 8.5, 1], "texture": "#0"},
				"south": {"uv": [9.75, 9.75, 10, 10.75], "texture": "#0"},
				"west": {"uv": [7.5, 3.25, 8.5, 4.25], "texture": "#0"},
				"up": {"uv": [0.25, 11, 0, 10], "texture": "#0"},
				"down": {"uv": [10.25, 0, 10, 1], "texture": "#0"}
			}
		},
		{
			"from": [-1.1, 0, 13],
			"to": [-1.1, 4, 14],
			"faces": {
				"north": {"uv": [0, 0, 0, 1], "texture": "#0"},
				"east": {"uv": [6.25, 10.5, 6.5, 11.5], "texture": "#0"},
				"south": {"uv": [0, 0, 0, 1], "texture": "#0"},
				"west": {"uv": [8.75, 10.5, 9, 11.5], "texture": "#0"},
				"up": {"uv": [0, 0.25, 0, 0], "texture": "#0"},
				"down": {"uv": [0, 0, 0, 0.25], "texture": "#0"}
			}
		},
		{
			"from": [7.1, 0, 13],
			"to": [7.1, 4, 14],
			"faces": {
				"north": {"uv": [0, 0, 0, 1], "texture": "#0"},
				"east": {"uv": [10.5, 8.75, 10.75, 9.75], "texture": "#0"},
				"south": {"uv": [0, 0, 0, 1], "texture": "#0"},
				"west": {"uv": [9, 10.5, 9.25, 11.5], "texture": "#0"},
				"up": {"uv": [0, 0.25, 0, 0], "texture": "#0"},
				"down": {"uv": [0, 0, 0, 0.25], "texture": "#0"}
			}
		},
		{
			"from": [-1.6, 4, 13],
			"to": [-1.6, 6.2, 14],
			"faces": {
				"north": {"uv": [0, 0, 0, 0.5], "texture": "#0"},
				"east": {"uv": [4, 11.25, 4.25, 11.75], "texture": "#0"},
				"south": {"uv": [0, 0, 0, 0.5], "texture": "#0"},
				"west": {"uv": [4.25, 11.25, 4.5, 11.75], "texture": "#0"},
				"up": {"uv": [0, 0.25, 0, 0], "texture": "#0"},
				"down": {"uv": [0, 0, 0, 0.25], "texture": "#0"}
			}
		},
		{
			"from": [7.6, 4, 13],
			"to": [7.6, 6.2, 14],
			"faces": {
				"north": {"uv": [0, 0, 0, 0.5], "texture": "#0"},
				"east": {"uv": [4.5, 11.25, 4.75, 11.75], "texture": "#0"},
				"south": {"uv": [0, 0, 0, 0.5], "texture": "#0"},
				"west": {"uv": [4.75, 11.25, 5, 11.75], "texture": "#0"},
				"up": {"uv": [0, 0.25, 0, 0], "texture": "#0"},
				"down": {"uv": [0, 0, 0, 0.25], "texture": "#0"}
			}
		},
		{
			"from": [3, 0, 14],
			"to": [9, 5, 20],
			"rotation": {"angle": 22.5, "axis": "y", "origin": [0, 0, 0]},
			"faces": {
				"north": {"uv": [6, 3.5, 7.5, 4.75], "texture": "#0"},
				"east": {"uv": [4, 6, 5.5, 7.25], "texture": "#0"},
				"south": {"uv": [6, 4.75, 7.5, 6], "texture": "#0"},
				"west": {"uv": [5.5, 6, 7, 7.25], "texture": "#0"},
				"up": {"uv": [4.5, 5, 3, 3.5], "texture": "#0"},
				"down": {"uv": [6, 3, 4.5, 4.5], "texture": "#0"}
			}
		},
		{
			"from": [9.1, 0, 16.5],
			"to": [9.1, 4, 17.5],
			"rotation": {"angle": 22.5, "axis": "y", "origin": [0, 0, 0]},
			"faces": {
				"north": {"uv": [0, 0, 0, 1], "texture": "#0"},
				"east": {"uv": [0.25, 10, 0.5, 11], "texture": "#0"},
				"south": {"uv": [0, 0, 0, 1], "texture": "#0"},
				"west": {"uv": [9.25, 10.25, 9.5, 11.25], "texture": "#0"},
				"up": {"uv": [0, 0.25, 0, 0], "texture": "#0"},
				"down": {"uv": [0, 0, 0, 0.25], "texture": "#0"}
			}
		},
		{
			"from": [9.6, 4, 16.5],
			"to": [9.6, 6.1, 17.5],
			"rotation": {"angle": 22.5, "axis": "y", "origin": [0, 0, 0]},
			"faces": {
				"north": {"uv": [0, 0, 0, 0.5], "texture": "#0"},
				"east": {"uv": [11.25, 1, 11.5, 1.5], "texture": "#0"},
				"south": {"uv": [0, 0, 0, 0.5], "texture": "#0"},
				"west": {"uv": [2.5, 11.25, 2.75, 11.75], "texture": "#0"},
				"up": {"uv": [0, 0.25, 0, 0], "texture": "#0"},
				"down": {"uv": [0, 0, 0, 0.25], "texture": "#0"}
			}
		},
		{
			"from": [2.4, 4, 16.5],
			"to": [2.4, 6.1, 17.5],
			"rotation": {"angle": 22.5, "axis": "y", "origin": [0, 0, 0]},
			"faces": {
				"north": {"uv": [0, 0, 0, 0.5], "texture": "#0"},
				"east": {"uv": [2.75, 11.25, 3, 11.75], "texture": "#0"},
				"south": {"uv": [0, 0, 0, 0.5], "texture": "#0"},
				"west": {"uv": [3.75, 11.25, 4, 11.75], "texture": "#0"},
				"up": {"uv": [0, 0.25, 0, 0], "texture": "#0"},
				"down": {"uv": [0, 0, 0, 0.25], "texture": "#0"}
			}
		},
		{
			"from": [2.9, 0, 16.5],
			"to": [2.9, 4, 17.5],
			"rotation": {"angle": 22.5, "axis": "y", "origin": [0, 0, 0]},
			"faces": {
				"north": {"uv": [0, 0, 0, 1], "texture": "#0"},
				"east": {"uv": [10.5, 5.25, 10.75, 6.25], "texture": "#0"},
				"south": {"uv": [0, 0, 0, 1], "texture": "#0"},
				"west": {"uv": [6, 10.5, 6.25, 11.5], "texture": "#0"},
				"up": {"uv": [0, 0.25, 0, 0], "texture": "#0"},
				"down": {"uv": [0, 0, 0, 0.25], "texture": "#0"}
			}
		},
		{
			"from": [5.6, 0, 20.1],
			"to": [6.6, 5, 20.1],
			"rotation": {"angle": 22.5, "axis": "y", "origin": [0, 0, 0]},
			"faces": {
				"north": {"uv": [2.25, 9.5, 2.5, 10.75], "texture": "#0"},
				"east": {"uv": [0, 0, 0, 1.25], "texture": "#0"},
				"south": {"uv": [2.5, 9.5, 2.75, 10.75], "texture": "#0"},
				"west": {"uv": [0, 0, 0, 1.25], "texture": "#0"},
				"up": {"uv": [0.25, 0, 0, 0], "texture": "#0"},
				"down": {"uv": [0.25, 0, 0, 0], "texture": "#0"}
			}
		},
		{
			"from": [5.6, 0, 13.9],
			"to": [6.6, 5, 13.9],
			"rotation": {"angle": 22.5, "axis": "y", "origin": [0, 0, 0]},
			"faces": {
				"north": {"uv": [2.75, 9.5, 3, 10.75], "texture": "#0"},
				"east": {"uv": [0, 0, 0, 1.25], "texture": "#0"},
				"south": {"uv": [3, 9.5, 3.25, 10.75], "texture": "#0"},
				"west": {"uv": [0, 0, 0, 1.25], "texture": "#0"},
				"up": {"uv": [0.25, 0, 0, 0], "texture": "#0"},
				"down": {"uv": [0.25, 0, 0, 0], "texture": "#0"}
			}
		},
		{
			"from": [5.6, 4, 13.3],
			"to": [6.6, 6.1, 13.3],
			"rotation": {"angle": 22.5, "axis": "y", "origin": [0, 0, 0]},
			"faces": {
				"north": {"uv": [0, 11.25, 0.25, 11.75], "texture": "#0"},
				"east": {"uv": [0, 0, 0, 0.5], "texture": "#0"},
				"south": {"uv": [0.25, 11.25, 0.5, 11.75], "texture": "#0"},
				"west": {"uv": [0, 0, 0, 0.5], "texture": "#0"},
				"up": {"uv": [0.25, 0, 0, 0], "texture": "#0"},
				"down": {"uv": [0.25, 0, 0, 0], "texture": "#0"}
			}
		},
		{
			"from": [5.6, 4, 20.6],
			"to": [6.6, 6.1, 20.6],
			"rotation": {"angle": 22.5, "axis": "y", "origin": [0, 0, 0]},
			"faces": {
				"north": {"uv": [0.5, 11.25, 0.75, 11.75], "texture": "#0"},
				"east": {"uv": [0, 0, 0, 0.5], "texture": "#0"},
				"south": {"uv": [0.75, 11.25, 1, 11.75], "texture": "#0"},
				"west": {"uv": [0, 0, 0, 0.5], "texture": "#0"},
				"up": {"uv": [0.25, 0, 0, 0], "texture": "#0"},
				"down": {"uv": [0.25, 0, 0, 0], "texture": "#0"}
			}
		},
		{
			"from": [1, 0, 8],
			"to": [6, 7, 13],
			"rotation": {"angle": 45, "axis": "y", "origin": [0, 0, 0]},
			"faces": {
				"north": {"uv": [5, 0, 6.25, 1.75], "texture": "#0"},
				"east": {"uv": [1.5, 5, 2.75, 6.75], "texture": "#0"},
				"south": {"uv": [2.75, 5, 4, 6.75], "texture": "#0"},
				"west": {"uv": [6, 1.75, 7.25, 3.5], "texture": "#0"},
				"up": {"uv": [7.5, 1.25, 6.25, 0], "texture": "#0"},
				"down": {"uv": [1.25, 6.5, 0, 7.75], "texture": "#0"}
			}
		},
		{
			"from": [6.1, 0, 10],
			"to": [6.1, 7, 11],
			"rotation": {"angle": 45, "axis": "y", "origin": [0, 0, 0]},
			"faces": {
				"north": {"uv": [0, 0, 0, 1.75], "texture": "#0"},
				"east": {"uv": [7.25, 9, 7.5, 10.75], "texture": "#0"},
				"south": {"uv": [0, 0, 0, 1.75], "texture": "#0"},
				"west": {"uv": [7.5, 9, 7.75, 10.75], "texture": "#0"},
				"up": {"uv": [0, 0.25, 0, 0], "texture": "#0"},
				"down": {"uv": [0, 0, 0, 0.25], "texture": "#0"}
			}
		},
		{
			"from": [0.9, 0, 10],
			"to": [0.9, 7, 11],
			"rotation": {"angle": 45, "axis": "y", "origin": [0, 0, 0]},
			"faces": {
				"north": {"uv": [0, 0, 0, 1.75], "texture": "#0"},
				"east": {"uv": [7.75, 9, 8, 10.75], "texture": "#0"},
				"south": {"uv": [0, 0, 0, 1.75], "texture": "#0"},
				"west": {"uv": [8, 9, 8.25, 10.75], "texture": "#0"},
				"up": {"uv": [0, 0.25, 0, 0], "texture": "#0"},
				"down": {"uv": [0, 0, 0, 0.25], "texture": "#0"}
			}
		},
		{
			"from": [6.6, 7, 10],
			"to": [6.6, 9, 11],
			"rotation": {"angle": 45, "axis": "y", "origin": [0, 0, 0]},
			"faces": {
				"north": {"uv": [0, 0, 0, 0.5], "texture": "#0"},
				"east": {"uv": [11, 9.5, 11.25, 10], "texture": "#0"},
				"south": {"uv": [0, 0, 0, 0.5], "texture": "#0"},
				"west": {"uv": [10.5, 11, 10.75, 11.5], "texture": "#0"},
				"up": {"uv": [0, 0.25, 0, 0], "texture": "#0"},
				"down": {"uv": [0, 0, 0, 0.25], "texture": "#0"}
			}
		},
		{
			"from": [0.4, 7, 10],
			"to": [0.4, 9.1, 11],
			"rotation": {"angle": 45, "axis": "y", "origin": [0, 0, 0]},
			"faces": {
				"north": {"uv": [0, 0, 0, 0.5], "texture": "#0"},
				"east": {"uv": [10.75, 11, 11, 11.5], "texture": "#0"},
				"south": {"uv": [0, 0, 0, 0.5], "texture": "#0"},
				"west": {"uv": [11, 10.75, 11.25, 11.25], "texture": "#0"},
				"up": {"uv": [0, 0.25, 0, 0], "texture": "#0"},
				"down": {"uv": [0, 0, 0, 0.25], "texture": "#0"}
			}
		},
		{
			"from": [3, 0, 7.9],
			"to": [4, 7, 7.9],
			"rotation": {"angle": 45, "axis": "y", "origin": [0, 0, 0]},
			"faces": {
				"north": {"uv": [6, 8.75, 6.25, 10.5], "texture": "#0"},
				"east": {"uv": [0, 0, 0, 1.75], "texture": "#0"},
				"south": {"uv": [6.25, 8.75, 6.5, 10.5], "texture": "#0"},
				"west": {"uv": [0, 0, 0, 1.75], "texture": "#0"},
				"up": {"uv": [0.25, 0, 0, 0], "texture": "#0"},
				"down": {"uv": [0.25, 0, 0, 0], "texture": "#0"}
			}
		},
		{
			"from": [3, 0, 13.1],
			"to": [4, 7, 13.1],
			"rotation": {"angle": 45, "axis": "y", "origin": [0, 0, 0]},
			"faces": {
				"north": {"uv": [8.75, 8.75, 9, 10.5], "texture": "#0"},
				"east": {"uv": [0, 0, 0, 1.75], "texture": "#0"},
				"south": {"uv": [7, 9, 7.25, 10.75], "texture": "#0"},
				"west": {"uv": [0, 0, 0, 1.75], "texture": "#0"},
				"up": {"uv": [0.25, 0, 0, 0], "texture": "#0"},
				"down": {"uv": [0.25, 0, 0, 0], "texture": "#0"}
			}
		},
		{
			"from": [3, 7, 7.4],
			"to": [4, 9.1, 7.4],
			"rotation": {"angle": 45, "axis": "y", "origin": [0, 0, 0]},
			"faces": {
				"north": {"uv": [3, 11, 3.25, 11.5], "texture": "#0"},
				"east": {"uv": [0, 0, 0, 0.5], "texture": "#0"},
				"south": {"uv": [11, 8, 11.25, 8.5], "texture": "#0"},
				"west": {"uv": [0, 0, 0, 0.5], "texture": "#0"},
				"up": {"uv": [0.25, 0, 0, 0], "texture": "#0"},
				"down": {"uv": [0.25, 0, 0, 0], "texture": "#0"}
			}
		},
		{
			"from": [3, 7, 13.6],
			"to": [4, 9.1, 13.6],
			"rotation": {"angle": 45, "axis": "y", "origin": [0, 0, 0]},
			"faces": {
				"north": {"uv": [11, 8.5, 11.25, 9], "texture": "#0"},
				"east": {"uv": [0, 0, 0, 0.5], "texture": "#0"},
				"south": {"uv": [11, 9, 11.25, 9.5], "texture": "#0"},
				"west": {"uv": [0, 0, 0, 0.5], "texture": "#0"},
				"up": {"uv": [0.25, 0, 0, 0], "texture": "#0"},
				"down": {"uv": [0.25, 0, 0, 0], "texture": "#0"}
			}
		},
		{
			"from": [0.5, 7, 7.5],
			"to": [6.5, 9, 13.5],
			"rotation": {"angle": 45, "axis": "y", "origin": [0, 0, 0]},
			"faces": {
				"north": {"uv": [8.25, 2.25, 9.75, 2.75], "texture": "#0"},
				"east": {"uv": [8.25, 2.75, 9.75, 3.25], "texture": "#0"},
				"south": {"uv": [3.5, 8.25, 5, 8.75], "texture": "#0"},
				"west": {"uv": [5, 8.25, 6.5, 8.75], "texture": "#0"},
				"up": {"uv": [6, 6, 4.5, 4.5], "texture": "#0"},
				"down": {"uv": [1.5, 5, 0, 6.5], "texture": "#0"}
			}
		},
		{
			"from": [3, 9.1, 7.4],
			"to": [4, 9.1, 13.6],
			"rotation": {"angle": 45, "axis": "y", "origin": [0, 0, 0]},
			"faces": {
				"north": {"uv": [0, 0, 0.25, 0], "texture": "#0"},
				"east": {"uv": [0, 0, 1.5, 0], "texture": "#0"},
				"south": {"uv": [0, 0, 0.25, 0], "texture": "#0"},
				"west": {"uv": [0, 0, 1.5, 0], "texture": "#0"},
				"up": {"uv": [5.5, 10.75, 5.25, 9.25], "texture": "#0"},
				"down": {"uv": [9.5, 8.75, 9.25, 10.25], "texture": "#0"}
			}
		},
		{
			"from": [10, 9.1, -6.6],
			"to": [11, 9.1, -0.4],
			"rotation": {"angle": -45, "axis": "y", "origin": [0, 0, 0]},
			"faces": {
				"north": {"uv": [0, 0, 0.25, 0], "texture": "#0"},
				"east": {"uv": [0, 0, 1.5, 0], "texture": "#0"},
				"south": {"uv": [0, 0, 0.25, 0], "texture": "#0"},
				"west": {"uv": [0, 0, 1.5, 0], "texture": "#0"},
				"up": {"uv": [1, 11, 0.75, 9.5], "texture": "#0"},
				"down": {"uv": [1.25, 9.5, 1, 11], "texture": "#0"}
			}
		},
		{
			"from": [2.5, 4, 13.4],
			"to": [9.5, 6, 20.5],
			"rotation": {"angle": 22.5, "axis": "y", "origin": [0, 0, 0]},
			"faces": {
				"north": {"uv": [1.75, 7.75, 3.5, 8.25], "texture": "#0"},
				"east": {"uv": [6.75, 8, 8.5, 8.5], "texture": "#0"},
				"south": {"uv": [0, 8.25, 1.75, 8.75], "texture": "#0"},
				"west": {"uv": [1.75, 8.25, 3.5, 8.75], "texture": "#0"},
				"up": {"uv": [3.5, 1.75, 1.75, 0], "texture": "#0"},
				"down": {"uv": [3.5, 1.75, 1.75, 3.5], "texture": "#0"}
			}
		},
		{
			"from": [2.4, 6.1, 16.4],
			"to": [9.6, 6.1, 17.5],
			"rotation": {"angle": 22.5, "axis": "y", "origin": [0, 0, 0]},
			"faces": {
				"north": {"uv": [0, 0, 1.75, 0], "texture": "#0"},
				"east": {"uv": [0, 0, 0.25, 0], "texture": "#0"},
				"south": {"uv": [0, 0, 1.75, 0], "texture": "#0"},
				"west": {"uv": [0, 0, 0.25, 0], "texture": "#0"},
				"up": {"uv": [10.75, 7, 9, 6.75], "texture": "#0"},
				"down": {"uv": [10.75, 7, 9, 7.25], "texture": "#0"}
			}
		},
		{
			"from": [5.5, 6.1, 13.3],
			"to": [6.6, 6.1, 20.6],
			"rotation": {"angle": 22.5, "axis": "y", "origin": [0, 0, 0]},
			"faces": {
				"north": {"uv": [0, 0, 0.25, 0], "texture": "#0"},
				"east": {"uv": [0, 0, 1.75, 0], "texture": "#0"},
				"south": {"uv": [0, 0, 0.25, 0], "texture": "#0"},
				"west": {"uv": [0, 0, 1.75, 0], "texture": "#0"},
				"up": {"uv": [9.25, 10.5, 9, 8.75], "texture": "#0"},
				"down": {"uv": [0.75, 9.25, 0.5, 11], "texture": "#0"}
			}
		},
		{
			"from": [0, -3, 7],
			"to": [2, -1, 9],
			"rotation": {"angle": -45, "axis": "x", "origin": [0, 0, 0]},
			"faces": {
				"north": {"uv": [3.75, 10, 4.25, 10.5], "texture": "#0"},
				"east": {"uv": [10, 3.75, 10.5, 4.25], "texture": "#0"},
				"south": {"uv": [4.25, 10, 4.75, 10.5], "texture": "#0"},
				"west": {"uv": [10, 4.25, 10.5, 4.75], "texture": "#0"},
				"up": {"uv": [5.25, 10.5, 4.75, 10], "texture": "#0"},
				"down": {"uv": [10.5, 4.75, 10, 5.25], "texture": "#0"}
			}
		},
		{
			"from": [3, -3, 4],
			"to": [4, -1, 7],
			"rotation": {"angle": -45, "axis": "x", "origin": [0, 0, 0]},
			"faces": {
				"north": {"uv": [6.75, 10.75, 7, 11.25], "texture": "#0"},
				"east": {"uv": [9.25, 4.25, 10, 4.75], "texture": "#0"},
				"south": {"uv": [10.75, 6.75, 11, 7.25], "texture": "#0"},
				"west": {"uv": [9.25, 4.75, 10, 5.25], "texture": "#0"},
				"up": {"uv": [2.25, 11.5, 2, 10.75], "texture": "#0"},
				"down": {"uv": [2.5, 10.75, 2.25, 11.5], "texture": "#0"}
			}
		},
		{
			"from": [4, -3, 5],
			"to": [5, -1, 7],
			"rotation": {"angle": -45, "axis": "x", "origin": [0, 0, 0]},
			"faces": {
				"north": {"uv": [8.5, 10.75, 8.75, 11.25], "texture": "#0"},
				"east": {"uv": [10, 9.75, 10.5, 10.25], "texture": "#0"},
				"south": {"uv": [10.75, 8.75, 11, 9.25], "texture": "#0"},
				"west": {"uv": [10.25, 0, 10.75, 0.5], "texture": "#0"},
				"up": {"uv": [11, 9.75, 10.75, 9.25], "texture": "#0"},
				"down": {"uv": [9.75, 10.75, 9.5, 11.25], "texture": "#0"}
			}
		},
		{
			"from": [-1, -3, 6],
			"to": [0, -1, 8],
			"rotation": {"angle": -45, "axis": "x", "origin": [0, 0, 0]},
			"faces": {
				"north": {"uv": [9.75, 10.75, 10, 11.25], "texture": "#0"},
				"east": {"uv": [10.25, 0.5, 10.75, 1], "texture": "#0"},
				"south": {"uv": [10.75, 9.75, 11, 10.25], "texture": "#0"},
				"west": {"uv": [10.25, 8, 10.75, 8.5], "texture": "#0"},
				"up": {"uv": [10.25, 11.25, 10, 10.75], "texture": "#0"},
				"down": {"uv": [10.5, 10.75, 10.25, 11.25], "texture": "#0"}
			}
		},
		{
			"from": [-1.1, -3, 6.7],
			"to": [-1.1, -0.9, 7.7],
			"rotation": {"angle": -45, "axis": "x", "origin": [0, 0, 0]},
			"faces": {
				"north": {"uv": [0, 0, 0, 0.5], "texture": "#0"},
				"east": {"uv": [6.75, 11.25, 7, 11.75], "texture": "#0"},
				"south": {"uv": [0, 0, 0, 0.5], "texture": "#0"},
				"west": {"uv": [7, 11.25, 7.25, 11.75], "texture": "#0"},
				"up": {"uv": [0, 0.25, 0, 0], "texture": "#0"},
				"down": {"uv": [0, 0, 0, 0.25], "texture": "#0"}
			}
		},
		{
			"from": [6.1, -3, 6.7],
			"to": [6.1, -1, 7.7],
			"rotation": {"angle": -45, "axis": "x", "origin": [0, 0, 0]},
			"faces": {
				"north": {"uv": [0, 0, 0, 0.5], "texture": "#0"},
				"east": {"uv": [7.25, 11.25, 7.5, 11.75], "texture": "#0"},
				"south": {"uv": [0, 0, 0, 0.5], "texture": "#0"},
				"west": {"uv": [7.5, 11.25, 7.75, 11.75], "texture": "#0"},
				"up": {"uv": [0, 0.25, 0, 0], "texture": "#0"},
				"down": {"uv": [0, 0, 0, 0.25], "texture": "#0"}
			}
		},
		{
			"from": [-1.1, -0.9, 6.7],
			"to": [6.1, -0.9, 7.7],
			"rotation": {"angle": -45, "axis": "x", "origin": [0, 0, 0]},
			"faces": {
				"north": {"uv": [0, 0, 1.75, 0], "texture": "#0"},
				"east": {"uv": [0, 0, 0.25, 0], "texture": "#0"},
				"south": {"uv": [0, 0, 1.75, 0], "texture": "#0"},
				"west": {"uv": [0, 0, 0.25, 0], "texture": "#0"},
				"up": {"uv": [10.75, 7.5, 9, 7.25], "texture": "#0"},
				"down": {"uv": [10.75, 7.5, 9, 7.75], "texture": "#0"}
			}
		},
		{
			"from": [3.1, -0.9, 4],
			"to": [4.1, -0.9, 9],
			"rotation": {"angle": -45, "axis": "x", "origin": [0, 0, 0]},
			"faces": {
				"north": {"uv": [0, 0, 0.25, 0], "texture": "#0"},
				"east": {"uv": [0, 0, 1.25, 0], "texture": "#0"},
				"south": {"uv": [0, 0, 0.25, 0], "texture": "#0"},
				"west": {"uv": [0, 0, 1.25, 0], "texture": "#0"},
				"up": {"uv": [3.5, 10.75, 3.25, 9.5], "texture": "#0"},
				"down": {"uv": [3.75, 9.5, 3.5, 10.75], "texture": "#0"}
			}
		},
		{
			"from": [3.1, -0.7, 6.5],
			"to": [4.1, -0.2, 7.7],
			"rotation": {"angle": -45, "axis": "x", "origin": [0, 0, 0]},
			"faces": {
				"north": {"uv": [11.25, 8.5, 11.5, 8.75], "texture": "#0"},
				"east": {"uv": [11.25, 8.75, 11.5, 9], "texture": "#0"},
				"south": {"uv": [11.25, 9, 11.5, 9.25], "texture": "#0"},
				"west": {"uv": [9.25, 11.25, 9.5, 11.5], "texture": "#0"},
				"up": {"uv": [11.5, 9.5, 11.25, 9.25], "texture": "#0"},
				"down": {"uv": [9.75, 11.25, 9.5, 11.5], "texture": "#0"}
			}
		},
		{
			"from": [5, -3, 6],
			"to": [6, -1, 8],
			"rotation": {"angle": -45, "axis": "x", "origin": [0, 0, 0]},
			"faces": {
				"north": {"uv": [7.75, 10.75, 8, 11.25], "texture": "#0"},
				"east": {"uv": [10, 8.75, 10.5, 9.25], "texture": "#0"},
				"south": {"uv": [8, 10.75, 8.25, 11.25], "texture": "#0"},
				"west": {"uv": [10, 9.25, 10.5, 9.75], "texture": "#0"},
				"up": {"uv": [11, 8.5, 10.75, 8], "texture": "#0"},
				"down": {"uv": [8.5, 10.75, 8.25, 11.25], "texture": "#0"}
			}
		},
		{
			"from": [0, -3, 5],
			"to": [1, -1, 7],
			"rotation": {"angle": -45, "axis": "x", "origin": [0, 0, 0]},
			"faces": {
				"north": {"uv": [7, 10.75, 7.25, 11.25], "texture": "#0"},
				"east": {"uv": [10, 5.25, 10.5, 5.75], "texture": "#0"},
				"south": {"uv": [7.25, 10.75, 7.5, 11.25], "texture": "#0"},
				"west": {"uv": [10, 5.75, 10.5, 6.25], "texture": "#0"},
				"up": {"uv": [11, 7.75, 10.75, 7.25], "texture": "#0"},
				"down": {"uv": [7.75, 10.75, 7.5, 11.25], "texture": "#0"}
			}
		},
		{
			"from": [1, -3, 4],
			"to": [2, -1, 7],
			"rotation": {"angle": -45, "axis": "x", "origin": [0, 0, 0]},
			"faces": {
				"north": {"uv": [7, 1.25, 7.25, 1.75], "texture": "#0"},
				"east": {"uv": [3.5, 3, 4.25, 3.5], "texture": "#0"},
				"south": {"uv": [3.5, 7.75, 3.75, 8.25], "texture": "#0"},
				"west": {"uv": [6.25, 1.25, 7, 1.75], "texture": "#0"},
				"up": {"uv": [7, 8, 6.75, 7.25], "texture": "#0"},
				"down": {"uv": [2, 10.75, 1.75, 11.5], "texture": "#0"}
			}
		},
		{
			"from": [2, -3, 3],
			"to": [3, -1, 8],
			"rotation": {"angle": -45, "axis": "x", "origin": [0, 0, 0]},
			"faces": {
				"north": {"uv": [4.25, 3, 4.5, 3.5], "texture": "#0"},
				"east": {"uv": [3, 8.75, 4.25, 9.25], "texture": "#0"},
				"south": {"uv": [3.75, 6.75, 4, 7.25], "texture": "#0"},
				"west": {"uv": [4.25, 8.75, 5.5, 9.25], "texture": "#0"},
				"up": {"uv": [1.5, 10.75, 1.25, 9.5], "texture": "#0"},
				"down": {"uv": [1.75, 9.5, 1.5, 10.75], "texture": "#0"}
			}
		},
		{
			"from": [3, -3, 7],
			"to": [5, -1, 9],
			"rotation": {"angle": -45, "axis": "x", "origin": [0, 0, 0]},
			"faces": {
				"north": {"uv": [9.75, 8, 10.25, 8.5], "texture": "#0"},
				"east": {"uv": [10, 1, 10.5, 1.5], "texture": "#0"},
				"south": {"uv": [10, 1.5, 10.5, 2], "texture": "#0"},
				"west": {"uv": [10, 2.25, 10.5, 2.75], "texture": "#0"},
				"up": {"uv": [10.5, 3.25, 10, 2.75], "texture": "#0"},
				"down": {"uv": [10.5, 3.25, 10, 3.75], "texture": "#0"}
			}
		},
		{
			"from": [14, 10, 3.3],
			"to": [16, 11, 5.3],
			"rotation": {"angle": 22.5, "axis": "z", "origin": [14.6, 0, -4.8]},
			"faces": {
				"north": {"uv": [0, 11, 0.5, 11.25], "texture": "#0"},
				"east": {"uv": [11, 0, 11.5, 0.25], "texture": "#0"},
				"south": {"uv": [11, 0.25, 11.5, 0.5], "texture": "#0"},
				"west": {"uv": [0.5, 11, 1, 11.25], "texture": "#0"},
				"up": {"uv": [11, 2, 10.5, 1.5], "texture": "#0"},
				"down": {"uv": [11, 2.25, 10.5, 2.75], "texture": "#0"}
			}
		},
		{
			"from": [6.6, 8.7, 2.7],
			"to": [7.6, 9.7, 4.6],
			"rotation": {"angle": 22.5, "axis": "y", "origin": [14.8, 0, -4.8]},
			"faces": {
				"north": {"uv": [6.5, 8.25, 6.75, 8.5], "texture": "#0"},
				"east": {"uv": [11, 0.5, 11.5, 0.75], "texture": "#0"},
				"south": {"uv": [8.5, 1, 8.75, 1.25], "texture": "#0"},
				"west": {"uv": [11, 0.75, 11.5, 1], "texture": "#0"},
				"up": {"uv": [1.25, 11.5, 1, 11], "texture": "#0"},
				"down": {"uv": [11.25, 1, 11, 1.5], "texture": "#0"}
			}
		},
		{
			"from": [2.3, 8.7, -2],
			"to": [5.3, 9.7, -1],
			"rotation": {"angle": 45, "axis": "y", "origin": [14.8, 0, -4.8]},
			"faces": {
				"north": {"uv": [9.75, 6.5, 10.5, 6.75], "texture": "#0"},
				"east": {"uv": [1.25, 6.5, 1.5, 6.75], "texture": "#0"},
				"south": {"uv": [10.5, 6.5, 11.25, 6.75], "texture": "#0"},
				"west": {"uv": [7.25, 3.25, 7.5, 3.5], "texture": "#0"},
				"up": {"uv": [11.25, 8, 10.5, 7.75], "texture": "#0"},
				"down": {"uv": [3.25, 10.75, 2.5, 11], "texture": "#0"}
			}
		},
		{
			"from": [4.5, 6.3, 3.3],
			"to": [6.5, 7.3, 5.3],
			"rotation": {"angle": -22.5, "axis": "z", "origin": [14.6, 0, -4.8]},
			"faces": {
				"north": {"uv": [10.75, 6.25, 11.25, 6.5], "texture": "#0"},
				"east": {"uv": [10.75, 10.25, 11.25, 10.5], "texture": "#0"},
				"south": {"uv": [10.5, 10.75, 11, 11], "texture": "#0"},
				"west": {"uv": [10.75, 10.5, 11.25, 10.75], "texture": "#0"},
				"up": {"uv": [10.5, 10.75, 10, 10.25], "texture": "#0"},
				"down": {"uv": [11, 1, 10.5, 1.5], "texture": "#0"}
			}
		},
		{
			"from": [2.9, 7, 6.8],
			"to": [4.9, 8, 8.8],
			"rotation": {"angle": 22.5, "axis": "x", "origin": [13, -3, 8.2]},
			"faces": {
				"north": {"uv": [11, 1.5, 11.5, 1.75], "texture": "#0"},
				"east": {"uv": [11, 1.75, 11.5, 2], "texture": "#0"},
				"south": {"uv": [11, 2, 11.5, 2.25], "texture": "#0"},
				"west": {"uv": [11, 2.25, 11.5, 2.5], "texture": "#0"},
				"up": {"uv": [11, 3.25, 10.5, 2.75], "texture": "#0"},
				"down": {"uv": [11, 3.25, 10.5, 3.75], "texture": "#0"}
			}
		},
		{
			"from": [3.6, 5.7, 15.2],
			"to": [5.5, 6.7, 16.2],
			"rotation": {"angle": -22.5, "axis": "y", "origin": [13, -3, 8]},
			"faces": {
				"north": {"uv": [2.5, 11, 3, 11.25], "texture": "#0"},
				"east": {"uv": [11, 10, 11.25, 10.25], "texture": "#0"},
				"south": {"uv": [11, 2.5, 11.5, 2.75], "texture": "#0"},
				"west": {"uv": [7.75, 11.25, 8, 11.5], "texture": "#0"},
				"up": {"uv": [11.5, 3, 11, 2.75], "texture": "#0"},
				"down": {"uv": [11.5, 3, 11, 3.25], "texture": "#0"}
			}
		},
		{
			"from": [9.2, 5.7, 17.5],
			"to": [10.2, 6.7, 20.5],
			"rotation": {"angle": -45, "axis": "y", "origin": [13, -3, 8]},
			"faces": {
				"north": {"uv": [11.25, 7.75, 11.5, 8], "texture": "#0"},
				"east": {"uv": [10.75, 5.25, 11.5, 5.5], "texture": "#0"},
				"south": {"uv": [8, 11.25, 8.25, 11.5], "texture": "#0"},
				"west": {"uv": [10.75, 5.5, 11.5, 5.75], "texture": "#0"},
				"up": {"uv": [3.5, 11.5, 3.25, 10.75], "texture": "#0"},
				"down": {"uv": [3.75, 10.75, 3.5, 11.5], "texture": "#0"}
			}
		},
		{
			"from": [2.9, 3.3, 16.3],
			"to": [4.9, 4.3, 18.3],
			"rotation": {"angle": -22.5, "axis": "x", "origin": [13, -3, 8.2]},
			"faces": {
				"north": {"uv": [11, 3.25, 11.5, 3.5], "texture": "#0"},
				"east": {"uv": [11, 3.5, 11.5, 3.75], "texture": "#0"},
				"south": {"uv": [3.75, 11, 4.25, 11.25], "texture": "#0"},
				"west": {"uv": [11, 3.75, 11.5, 4], "texture": "#0"},
				"up": {"uv": [4.25, 11, 3.75, 10.5], "texture": "#0"},
				"down": {"uv": [11, 3.75, 10.5, 4.25], "texture": "#0"}
			}
		},
		{
			"from": [10.7, 7, 7.4],
			"to": [12.7, 8, 9.4],
			"rotation": {"angle": 22.5, "axis": "x", "origin": [2.6, -3, 8.8]},
			"faces": {
				"north": {"uv": [11, 4, 11.5, 4.25], "texture": "#0"},
				"east": {"uv": [4.25, 11, 4.75, 11.25], "texture": "#0"},
				"south": {"uv": [11, 4.25, 11.5, 4.5], "texture": "#0"},
				"west": {"uv": [11, 4.5, 11.5, 4.75], "texture": "#0"},
				"up": {"uv": [4.75, 11, 4.25, 10.5], "texture": "#0"},
				"down": {"uv": [11, 4.25, 10.5, 4.75], "texture": "#0"}
			}
		},
		{
			"from": [10.1, 5.7, 15.8],
			"to": [12.1, 6.7, 16.8],
			"rotation": {"angle": 22.5, "axis": "y", "origin": [2.6, -3, 8.6]},
			"faces": {
				"north": {"uv": [4.75, 11, 5.25, 11.25], "texture": "#0"},
				"east": {"uv": [11.25, 8, 11.5, 8.25], "texture": "#0"},
				"south": {"uv": [11, 4.75, 11.5, 5], "texture": "#0"},
				"west": {"uv": [8.25, 11.25, 8.5, 11.5], "texture": "#0"},
				"up": {"uv": [11.5, 5.25, 11, 5], "texture": "#0"},
				"down": {"uv": [6, 11, 5.5, 11.25], "texture": "#0"}
			}
		},
		{
			"from": [5.4, 5.7, 18.1],
			"to": [6.4, 6.7, 21.1],
			"rotation": {"angle": 45, "axis": "y", "origin": [2.6, -3, 8.6]},
			"faces": {
				"north": {"uv": [11.25, 8.25, 11.5, 8.5], "texture": "#0"},
				"east": {"uv": [10.75, 5.75, 11.5, 6], "texture": "#0"},
				"south": {"uv": [8.5, 11.25, 8.75, 11.5], "texture": "#0"},
				"west": {"uv": [10.75, 6, 11.5, 6.25], "texture": "#0"},
				"up": {"uv": [5.5, 11.5, 5.25, 10.75], "texture": "#0"},
				"down": {"uv": [6.75, 10.75, 6.5, 11.5], "texture": "#0"}
			}
		},
		{
			"from": [10.7, 3.3, 16.9],
			"to": [12.7, 4.3, 18.9],
			"rotation": {"angle": -22.5, "axis": "x", "origin": [2.6, -3, 8.8]},
			"faces": {
				"north": {"uv": [11, 6.75, 11.5, 7], "texture": "#0"},
				"east": {"uv": [11, 7, 11.5, 7.25], "texture": "#0"},
				"south": {"uv": [11, 7.25, 11.5, 7.5], "texture": "#0"},
				"west": {"uv": [11, 7.5, 11.5, 7.75], "texture": "#0"},
				"up": {"uv": [5.25, 11, 4.75, 10.5], "texture": "#0"},
				"down": {"uv": [11, 4.75, 10.5, 5.25], "texture": "#0"}
			}
		}
	],
	"display": {
		"gui": {
			"rotation": [52, -38, 0],
			"translation": [2, 2.75, 0],
			"scale": [0.8, 0.8, 0.8]
		},
		"head": {
			"translation": [0, 23, 0],
			"scale": [2, 2, 2]
		},
		"fixed": {
			"rotation": [-90, 0, 0],
			"translation": [1, -3, -14],
			"scale": [2, 2, 2]
		}
	},
	"groups": [
		{
			"name": "group",
			"origin": [8, 8, 8],
			"color": 0,
			"nbt": "{}",
			"children": [0, 1, 2, 3, 4, 5, 6, 7]
		},
		{
			"name": "group",
			"origin": [8, 8, 8],
			"color": 0,
			"nbt": "{}",
			"children": [8, 9, 10, 11, 12, 13, 14, 15, 16, 17, 18, 19, 20, 21, 22, 23, 24, 25, 26, 27, 28, 29, 30, 31, 32, 33, 34, 35, 36, 37, 38, 39, 40, 41, 42, 43, 44]
		},
		{
			"name": "group",
			"origin": [8, 8, 8],
			"color": 0,
			"nbt": "{}",
			"children": [45, 46, 47, 48, 49, 50, 51, 52, 53, 54, 55, 56, 57, 58]
		},
		{
			"name": "group",
			"origin": [8, 8, 8],
			"color": 0,
			"nbt": "{}",
			"children": [59, 60, 61, 62]
		},
		{
			"name": "group",
			"origin": [8, 8, 8],
			"color": 0,
			"nbt": "{}",
			"children": [63, 64, 65, 66]
		},
		{
			"name": "group",
			"origin": [8, 8, 8],
			"color": 0,
			"nbt": "{}",
			"children": [67, 68, 69, 70]
		}
	]
}