{
	"credit": "Made with Blockbench",
	"texture_size": [32, 32],
	"textures": {
		"0": "jeracraft:christmas/hat1",
		"particle": "jeracraft:christmas/hat1"
	},
	"elements": [
		{
			"from": [3, 0, 3],
			"to": [13, 3, 13],
			"faces": {
				"north": {"uv": [9, 6, 14, 7.5], "texture": "#0"},
				"east": {"uv": [9, 7.5, 14, 9], "texture": "#0"},
				"south": {"uv": [9, 9, 14, 10.5], "texture": "#0"},
				"west": {"uv": [0, 10, 5, 11.5], "texture": "#0"},
				"up": {"uv": [5, 5, 0, 0], "texture": "#0"},
				"down": {"uv": [5, 5, 0, 10], "texture": "#0"}
			}
		},
		{
			"from": [3.5, 1, 3.5],
			"to": [12, 5, 12.4],
			"faces": {
				"north": {"uv": [9, 4, 13, 6], "texture": "#0"},
				"east": {"uv": [9, 0, 13.5, 2], "texture": "#0"},
				"south": {"uv": [5, 9, 9, 11], "texture": "#0"},
				"west": {"uv": [9, 2, 13.5, 4], "texture": "#0"},
				"up": {"uv": [9, 4.5, 5, 0], "texture": "#0"},
				"down": {"uv": [9, 4.5, 5, 9], "texture": "#0"}
			}
		},
		{
			"from": [5.5, 0.6, 4.5],
			"to": [11.5, 3.6, 11.4],
			"rotation": {"angle": 22.5, "axis": "z", "origin": [0, 0, 0]},
			"faces": {
				"north": {"uv": [9, 4, 13, 6], "texture": "#0"},
				"east": {"uv": [9, 0, 13.5, 2], "texture": "#0"},
				"south": {"uv": [5, 9, 9, 11], "texture": "#0"},
				"west": {"uv": [9, 2, 13.5, 4], "texture": "#0"},
				"up": {"uv": [9, 4.5, 5, 0], "texture": "#0"},
				"down": {"uv": [9, 4.5, 5, 9], "texture": "#0"}
			}
		},
		{
			"from": [3.5, 2.6, 6.1],
			"to": [10.5, 5.6, 10],
			"rotation": {"angle": 22.5, "axis": "z", "origin": [0, 0, 0]},
			"faces": {
				"north": {"uv": [0, 11.5, 3.5, 13], "texture": "#0"},
				"east": {"uv": [12.5, 10.5, 14.5, 12], "texture": "#0"},
				"south": {"uv": [8.5, 12.5, 12, 14], "texture": "#0"},
				"west": {"uv": [12, 12.5, 14, 14], "texture": "#0"},
				"up": {"uv": [12.5, 12.5, 9, 10.5], "texture": "#0"},
				"down": {"uv": [8.5, 11, 5, 13], "texture": "#0"}
			}
		},
		{
			"from": [0.5, 1.5, 7.6],
			"to": [3.5, 4.5, 10.5],
			"rotation": {"angle": 22.5, "axis": "z", "origin": [0, 0, 0]},
			"faces": {
				"north": {"uv": [6, 13, 7.5, 14.5], "texture": "#0"},
				"east": {"uv": [13.5, 0, 15, 1.5], "texture": "#0"},
				"south": {"uv": [13.5, 1.5, 15, 3], "texture": "#0"},
				"west": {"uv": [14, 5.5, 15.5, 7], "texture": "#0"},
				"up": {"uv": [15.5, 8.5, 14, 7], "texture": "#0"},
				"down": {"uv": [9, 14, 7.5, 15.5], "texture": "#0"}
			}
		},
		{
			"from": [-1.5, 0, 8.8],
			"to": [1.5, 3, 11.7],
			"faces": {
				"north": {"uv": [3.5, 11.5, 5, 13], "texture": "#0"},
				"east": {"uv": [0, 13, 1.5, 14.5], "texture": "#0"},
				"south": {"uv": [1.5, 13, 3, 14.5], "texture": "#0"},
				"west": {"uv": [3, 13, 4.5, 14.5], "texture": "#0"},
				"up": {"uv": [14.5, 5.5, 13, 4], "texture": "#0"},
				"down": {"uv": [6, 13, 4.5, 14.5], "texture": "#0"}
			}
		}
	],
	"display": {
		"thirdperson_righthand": {
			"translation": [0, 4, 0],
			"scale": [0.5, 0.5, 0.5]
		},
		"thirdperson_lefthand": {
			"translation": [0, 4, 0],
			"scale": [0.5, 0.5, 0.5]
		},
		"firstperson_righthand": {
			"rotation": [0, 120, 0],
			"translation": [0, 4.5, 0],
			"scale": [0.5, 0.5, 0.5]
		},
		"firstperson_lefthand": {
			"rotation": [0, -60, 0],
			"translation": [0, 4.5, 0],
			"scale": [0.5, 0.5, 0.5]
		},
		"ground": {
			"translation": [0, 2, 0],
			"scale": [0.7, 0.7, 0.7]
		},
		"gui": {
			"rotation": [22, -168, 0],
			"translation": [-1.25, 2.5, 0]
		},
		"head": {
			"rotation": [-175, 90, -180],
			"translation": [0, 15, 1],
			"scale": [1.5, 1.5, 1.5]
		},
		"fixed": {
			"rotation": [-90, 0, 0],
			"translation": [0, 0, -24],
			"scale": [3, 3, 3]
		}
	}
}