{
	"credit": "Made with Blockbench",
	"textures": {
		"1": "jeracraft:christmas/snow"
	},
	"elements": [
		{
			"from": [7, 0, 6],
			"to": [10, 3, 9],
			"faces": {
				"north": {"uv": [0, 0, 3, 3], "texture": "#1"},
				"east": {"uv": [0, 3, 3, 6], "texture": "#1"},
				"south": {"uv": [3, 0, 6, 3], "texture": "#1"},
				"west": {"uv": [3, 3, 6, 6], "texture": "#1"},
				"up": {"uv": [3, 9, 0, 6], "texture": "#1"},
				"down": {"uv": [9, 0, 6, 3], "texture": "#1"}
			}
		}
	],
	"display": {
		"thirdperson_righthand": {
			"translation": [-0.5, 8, 2]
		},
		"thirdperson_lefthand": {
			"translation": [0, 8, 2]
		},
		"firstperson_righthand": {
			"rotation": [0, -7, 0],
			"translation": [0, 10, 3.25]
		},
		"firstperson_lefthand": {
			"rotation": [0, 7, 0],
			"translation": [0, 10, 3.25]
		},
		"ground": {
			"translation": [-0.5, 5, 0]
		},
		"gui": {
			"rotation": [30, 45, 0],
			"translation": [0, 10.5, 0],
			"scale": [2, 2, 2]
		},
		"head": {
			"translation": [-0.5, 14.25, 0]
		},
		"fixed": {
			"translation": [0, 20, 0],
			"scale": [3, 3, 3]
		}
	}
}