{
	"credit": "Made with Blockbench",
	"texture_size": [64, 64],
	"textures": {
		"1": "jeracraft:survival/weapons/carnageblade"
	},
	"elements": [
		{
			"from": [-2, -9, 7],
			"to": [0, -7, 9],
			"rotation": {"angle": 45, "axis": "z", "origin": [8, 1, 8]},
			"faces": {
				"north": {"uv": [0, 9, 0.5, 9.5], "texture": "#1"},
				"east": {"uv": [9, 0, 9.5, 0.5], "texture": "#1"},
				"south": {"uv": [5.25, 9, 5.75, 9.5], "texture": "#1"},
				"west": {"uv": [9, 6.25, 9.5, 6.75], "texture": "#1"},
				"up": {"uv": [9.5, 7.25, 9, 6.75], "texture": "#1"},
				"down": {"uv": [8.75, 9, 8.25, 9.5], "texture": "#1"}
			}
		},
		{
			"from": [7, -12, 7],
			"to": [9, -11, 9],
			"rotation": {"angle": -45, "axis": "y", "origin": [8, 1, 8]},
			"faces": {
				"north": {"uv": [9, 0.5, 9.5, 0.75], "texture": "#1"},
				"east": {"uv": [9, 7.25, 9.5, 7.5], "texture": "#1"},
				"south": {"uv": [9.25, 4.75, 9.75, 5], "texture": "#1"},
				"west": {"uv": [9.5, 7.25, 10, 7.5], "texture": "#1"},
				"up": {"uv": [9.5, 8.75, 9, 8.25], "texture": "#1"},
				"down": {"uv": [9.25, 9, 8.75, 9.5], "texture": "#1"}
			}
		},
		{
			"from": [-1, -8, 7],
			"to": [1, -6, 9],
			"rotation": {"angle": 45, "axis": "z", "origin": [8, 1, 8]},
			"faces": {
				"north": {"uv": [9.25, 2.75, 9.75, 3.25], "texture": "#1"},
				"east": {"uv": [9.25, 3.25, 9.75, 3.75], "texture": "#1"},
				"south": {"uv": [9.25, 3.75, 9.75, 4.25], "texture": "#1"},
				"west": {"uv": [9.25, 4.25, 9.75, 4.75], "texture": "#1"},
				"up": {"uv": [9.75, 5.75, 9.25, 5.25], "texture": "#1"},
				"down": {"uv": [6.25, 9.25, 5.75, 9.75], "texture": "#1"}
			}
		},
		{
			"from": [7, -10, 7],
			"to": [9, -8, 9],
			"rotation": {"angle": 0, "axis": "z", "origin": [8, 1, 8]},
			"faces": {
				"north": {"uv": [9.25, 5.75, 9.75, 6.25], "texture": "#1"},
				"east": {"uv": [9.25, 8.75, 9.75, 9.25], "texture": "#1"},
				"south": {"uv": [9.25, 9.25, 9.75, 9.75], "texture": "#1"},
				"west": {"uv": [0, 9.5, 0.5, 10], "texture": "#1"},
				"up": {"uv": [10, 0.5, 9.5, 0], "texture": "#1"},
				"down": {"uv": [10, 0.5, 9.5, 1], "texture": "#1"}
			}
		},
		{
			"from": [7, -2, 7],
			"to": [9, 0, 9],
			"rotation": {"angle": 0, "axis": "z", "origin": [8, 3, 8]},
			"faces": {
				"north": {"uv": [9.5, 1, 10, 1.5], "texture": "#1"},
				"east": {"uv": [9.5, 1.5, 10, 2], "texture": "#1"},
				"south": {"uv": [9.5, 2, 10, 2.5], "texture": "#1"},
				"west": {"uv": [3.5, 9.5, 4, 10], "texture": "#1"},
				"up": {"uv": [4.5, 10, 4, 9.5], "texture": "#1"},
				"down": {"uv": [5.75, 9.5, 5.25, 10], "texture": "#1"}
			}
		},
		{
			"from": [5, 0, 7],
			"to": [7, 1, 9],
			"rotation": {"angle": 0, "axis": "z", "origin": [8, 3, 8]},
			"faces": {
				"north": {"uv": [10.5, 2.75, 11, 3], "texture": "#1"},
				"east": {"uv": [10.5, 4, 11, 4.25], "texture": "#1"},
				"south": {"uv": [10.5, 4.25, 11, 4.5], "texture": "#1"},
				"west": {"uv": [10.5, 9.25, 11, 9.5], "texture": "#1"},
				"up": {"uv": [10, 6.75, 9.5, 6.25], "texture": "#1"},
				"down": {"uv": [10, 6.75, 9.5, 7.25], "texture": "#1"}
			}
		},
		{
			"from": [3, 3, 7],
			"to": [5, 4, 9],
			"rotation": {"angle": 45, "axis": "z", "origin": [8, 3, 8]},
			"faces": {
				"north": {"uv": [0.5, 10.75, 1, 11], "texture": "#1"},
				"east": {"uv": [1, 10.75, 1.5, 11], "texture": "#1"},
				"south": {"uv": [1.5, 10.75, 2, 11], "texture": "#1"},
				"west": {"uv": [10.75, 2, 11.25, 2.25], "texture": "#1"},
				"up": {"uv": [8.5, 10, 8, 9.5], "texture": "#1"},
				"down": {"uv": [10, 8.25, 9.5, 8.75], "texture": "#1"}
			}
		},
		{
			"from": [5, -4, 7],
			"to": [6, -1, 9],
			"rotation": {"angle": -22.5, "axis": "z", "origin": [8, 3, 8]},
			"faces": {
				"north": {"uv": [7.5, 4, 7.75, 4.75], "texture": "#1"},
				"east": {"uv": [6, 2.25, 6.5, 3], "texture": "#1"},
				"south": {"uv": [7.75, 6, 8, 6.75], "texture": "#1"},
				"west": {"uv": [7, 4, 7.5, 4.75], "texture": "#1"},
				"up": {"uv": [11, 2.75, 10.75, 2.25], "texture": "#1"},
				"down": {"uv": [11, 3, 10.75, 3.5], "texture": "#1"}
			}
		},
		{
			"from": [8, -6, 7],
			"to": [9, -4, 9],
			"rotation": {"angle": -45, "axis": "z", "origin": [8, 3, 8]},
			"faces": {
				"north": {"uv": [10.75, 3.5, 11, 4], "texture": "#1"},
				"east": {"uv": [8.5, 9.5, 9, 10], "texture": "#1"},
				"south": {"uv": [10.75, 4.5, 11, 5], "texture": "#1"},
				"west": {"uv": [0.5, 9.75, 1, 10.25], "texture": "#1"},
				"up": {"uv": [11, 5.5, 10.75, 5], "texture": "#1"},
				"down": {"uv": [11, 5.5, 10.75, 6], "texture": "#1"}
			}
		},
		{
			"from": [3, -2, 7],
			"to": [4, 2, 9],
			"rotation": {"angle": -45, "axis": "z", "origin": [8, 3, 8]},
			"faces": {
				"north": {"uv": [6.25, 9.25, 6.5, 10.25], "texture": "#1"},
				"east": {"uv": [3.5, 6.75, 4, 7.75], "texture": "#1"},
				"south": {"uv": [9, 9.5, 9.25, 10.5], "texture": "#1"},
				"west": {"uv": [4, 6.75, 4.5, 7.75], "texture": "#1"},
				"up": {"uv": [6, 11.25, 5.75, 10.75], "texture": "#1"},
				"down": {"uv": [6.25, 10.75, 6, 11.25], "texture": "#1"}
			}
		},
		{
			"from": [1, 2, 7],
			"to": [2, 3, 9],
			"rotation": {"angle": -45, "axis": "z", "origin": [8, 3, 8]},
			"faces": {
				"north": {"uv": [8.75, 8.25, 9, 8.5], "texture": "#1"},
				"east": {"uv": [10.75, 6, 11.25, 6.25], "texture": "#1"},
				"south": {"uv": [5.75, 9, 6, 9.25], "texture": "#1"},
				"west": {"uv": [10.75, 6.25, 11.25, 6.5], "texture": "#1"},
				"up": {"uv": [11, 7, 10.75, 6.5], "texture": "#1"},
				"down": {"uv": [11, 7, 10.75, 7.5], "texture": "#1"}
			}
		},
		{
			"from": [14, 2, 7],
			"to": [15, 3, 9],
			"rotation": {"angle": 45, "axis": "z", "origin": [8, 3, 8]},
			"faces": {
				"north": {"uv": [9, 8.75, 9.25, 9], "texture": "#1"},
				"east": {"uv": [10.75, 7.5, 11.25, 7.75], "texture": "#1"},
				"south": {"uv": [9.5, 2.5, 9.75, 2.75], "texture": "#1"},
				"west": {"uv": [10.75, 7.75, 11.25, 8], "texture": "#1"},
				"up": {"uv": [11, 8.5, 10.75, 8], "texture": "#1"},
				"down": {"uv": [11, 8.5, 10.75, 9], "texture": "#1"}
			}
		},
		{
			"from": [12, -2, 7],
			"to": [13, 2, 9],
			"rotation": {"angle": 45, "axis": "z", "origin": [8, 3, 8]},
			"faces": {
				"north": {"uv": [1, 9.75, 1.25, 10.75], "texture": "#1"},
				"east": {"uv": [6.5, 6.75, 7, 7.75], "texture": "#1"},
				"south": {"uv": [1.25, 9.75, 1.5, 10.75], "texture": "#1"},
				"west": {"uv": [0, 7, 0.5, 8], "texture": "#1"},
				"up": {"uv": [9.5, 11.25, 9.25, 10.75], "texture": "#1"},
				"down": {"uv": [9.75, 10.75, 9.5, 11.25], "texture": "#1"}
			}
		},
		{
			"from": [13, 2, 7],
			"to": [14, 5, 9],
			"rotation": {"angle": 22.5, "axis": "z", "origin": [8, 3, 8]},
			"faces": {
				"north": {"uv": [6.25, 10.25, 6.5, 11], "texture": "#1"},
				"east": {"uv": [8.25, 6.25, 8.75, 7], "texture": "#1"},
				"south": {"uv": [10.5, 2, 10.75, 2.75], "texture": "#1"},
				"west": {"uv": [8.25, 7, 8.75, 7.75], "texture": "#1"},
				"up": {"uv": [11, 10, 10.75, 9.5], "texture": "#1"},
				"down": {"uv": [10, 10.75, 9.75, 11.25], "texture": "#1"}
			}
		},
		{
			"from": [2, 2, 7],
			"to": [3, 5, 9],
			"rotation": {"angle": -22.5, "axis": "z", "origin": [8, 3, 8]},
			"faces": {
				"north": {"uv": [2.5, 10.5, 2.75, 11.25], "texture": "#1"},
				"east": {"uv": [8.25, 7.75, 8.75, 8.5], "texture": "#1"},
				"south": {"uv": [2.75, 10.5, 3, 11.25], "texture": "#1"},
				"west": {"uv": [8.5, 0, 9, 0.75], "texture": "#1"},
				"up": {"uv": [10.25, 11.25, 10, 10.75], "texture": "#1"},
				"down": {"uv": [11, 10, 10.75, 10.5], "texture": "#1"}
			}
		},
		{
			"from": [0, 1, 7],
			"to": [1, 5, 9],
			"rotation": {"angle": -45, "axis": "z", "origin": [8, 3, 8]},
			"faces": {
				"north": {"uv": [1.5, 9.75, 1.75, 10.75], "texture": "#1"},
				"east": {"uv": [7, 0, 7.5, 1], "texture": "#1"},
				"south": {"uv": [1.75, 9.75, 2, 10.75], "texture": "#1"},
				"west": {"uv": [0.5, 7, 1, 8], "texture": "#1"},
				"up": {"uv": [11, 11, 10.75, 10.5], "texture": "#1"},
				"down": {"uv": [0.25, 11, 0, 11.5], "texture": "#1"}
			}
		},
		{
			"from": [0, 6, 7],
			"to": [1, 12, 9],
			"rotation": {"angle": -22.5, "axis": "z", "origin": [8, 3, 8]},
			"faces": {
				"north": {"uv": [8.5, 0.75, 8.75, 2.25], "texture": "#1"},
				"east": {"uv": [4.5, 1, 5, 2.5], "texture": "#1"},
				"south": {"uv": [2, 8.5, 2.25, 10], "texture": "#1"},
				"west": {"uv": [2, 4.5, 2.5, 6], "texture": "#1"},
				"up": {"uv": [11.25, 0.5, 11, 0], "texture": "#1"},
				"down": {"uv": [0.5, 11, 0.25, 11.5], "texture": "#1"}
			}
		},
		{
			"from": [-1, 11, 7],
			"to": [0, 16, 9],
			"rotation": {"angle": -22.5, "axis": "z", "origin": [8, 3, 8]},
			"faces": {
				"north": {"uv": [8, 2.75, 8.25, 4], "texture": "#1"},
				"east": {"uv": [4.5, 6.25, 5, 7.5], "texture": "#1"},
				"south": {"uv": [8.75, 6.25, 9, 7.5], "texture": "#1"},
				"west": {"uv": [5, 6.25, 5.5, 7.5], "texture": "#1"},
				"up": {"uv": [0.75, 11.5, 0.5, 11], "texture": "#1"},
				"down": {"uv": [11.25, 0.5, 11, 1], "texture": "#1"}
			}
		},
		{
			"from": [17, 17, 7],
			"to": [18, 21, 9],
			"rotation": {"angle": 45, "axis": "z", "origin": [8, 3, 8]},
			"faces": {
				"north": {"uv": [9.75, 2.5, 10, 3.5], "texture": "#1"},
				"east": {"uv": [1, 7, 1.5, 8], "texture": "#1"},
				"south": {"uv": [9.75, 3.5, 10, 4.5], "texture": "#1"},
				"west": {"uv": [7, 1, 7.5, 2], "texture": "#1"},
				"up": {"uv": [1, 11.5, 0.75, 11], "texture": "#1"},
				"down": {"uv": [1.25, 11, 1, 11.5], "texture": "#1"}
			}
		},
		{
			"from": [-10, 12, 7],
			"to": [-9, 16, 9],
			"rotation": {"angle": -45, "axis": "z", "origin": [8, 3, 8]},
			"faces": {
				"north": {"uv": [9.75, 5.25, 10, 6.25], "texture": "#1"},
				"east": {"uv": [1.5, 7, 2, 8], "texture": "#1"},
				"south": {"uv": [5.75, 9.75, 6, 10.75], "texture": "#1"},
				"west": {"uv": [7, 2, 7.5, 3], "texture": "#1"},
				"up": {"uv": [11.25, 1.5, 11, 1], "texture": "#1"},
				"down": {"uv": [1.5, 11, 1.25, 11.5], "texture": "#1"}
			}
		},
		{
			"from": [-4, 21, 7],
			"to": [-3, 27, 9],
			"rotation": {"angle": -22.5, "axis": "z", "origin": [8, 3, 8]},
			"faces": {
				"north": {"uv": [2.25, 8.5, 2.5, 10], "texture": "#1"},
				"east": {"uv": [2.5, 4.5, 3, 6], "texture": "#1"},
				"south": {"uv": [8.5, 2.25, 8.75, 3.75], "texture": "#1"},
				"west": {"uv": [4.5, 2.5, 5, 4], "texture": "#1"},
				"up": {"uv": [1.75, 11.5, 1.5, 11], "texture": "#1"},
				"down": {"uv": [11.25, 1.5, 11, 2], "texture": "#1"}
			}
		},
		{
			"from": [6, 28, 7],
			"to": [7, 32, 9],
			"rotation": {"angle": 0, "axis": "y", "origin": [8, 3, 8]},
			"faces": {
				"north": {"uv": [6, 9.75, 6.25, 10.75], "texture": "#1"},
				"east": {"uv": [7, 3, 7.5, 4], "texture": "#1"},
				"south": {"uv": [9.75, 8.75, 10, 9.75], "texture": "#1"},
				"west": {"uv": [7, 6.75, 7.5, 7.75], "texture": "#1"},
				"up": {"uv": [2, 11.5, 1.75, 11], "texture": "#1"},
				"down": {"uv": [2.25, 11, 2, 11.5], "texture": "#1"}
			}
		},
		{
			"from": [7, 19, 7],
			"to": [9, 23, 9],
			"rotation": {"angle": 45, "axis": "y", "origin": [8, 3, 8]},
			"faces": {
				"north": {"uv": [7.5, 0, 8, 1], "texture": "#1"},
				"east": {"uv": [7.5, 1, 8, 2], "texture": "#1"},
				"south": {"uv": [2, 7.5, 2.5, 8.5], "texture": "#1"},
				"west": {"uv": [7.5, 2, 8, 3], "texture": "#1"},
				"up": {"uv": [10.25, 5, 9.75, 4.5], "texture": "#1"},
				"down": {"uv": [9.75, 9.75, 9.25, 10.25], "texture": "#1"}
			}
		},
		{
			"from": [7, 0, 7],
			"to": [9, 2, 9],
			"rotation": {"angle": 45, "axis": "y", "origin": [8, 3, 8]},
			"faces": {
				"north": {"uv": [9.75, 9.75, 10.25, 10.25], "texture": "#1"},
				"east": {"uv": [0, 10, 0.5, 10.5], "texture": "#1"},
				"south": {"uv": [10, 0, 10.5, 0.5], "texture": "#1"},
				"west": {"uv": [10, 0.5, 10.5, 1], "texture": "#1"},
				"up": {"uv": [10.5, 1.5, 10, 1], "texture": "#1"},
				"down": {"uv": [10.5, 1.5, 10, 2], "texture": "#1"}
			}
		},
		{
			"from": [5, 0, 8],
			"to": [11, 18, 8],
			"rotation": {"angle": 0, "axis": "y", "origin": [8, 3, 8]},
			"faces": {
				"north": {"uv": [0, 0, 1.5, 4.5], "texture": "#1"},
				"east": {"uv": [0, 0, 0, 4.5], "texture": "#1"},
				"south": {"uv": [1.5, 0, 3, 4.5], "texture": "#1"},
				"west": {"uv": [0, 0, 0, 4.5], "texture": "#1"},
				"up": {"uv": [1.5, 0, 0, 0], "texture": "#1"},
				"down": {"uv": [1.5, 0, 0, 0], "texture": "#1"}
			}
		},
		{
			"from": [0, 11, 8],
			"to": [1, 16, 8],
			"rotation": {"angle": -22.5, "axis": "z", "origin": [8, 3, 8]},
			"faces": {
				"north": {"uv": [6.5, 8.75, 6.75, 10], "texture": "#1"},
				"east": {"uv": [0, 0, 0, 1.25], "texture": "#1"},
				"south": {"uv": [6.75, 8.75, 7, 10], "texture": "#1"},
				"west": {"uv": [0, 0, 0, 1.25], "texture": "#1"},
				"up": {"uv": [0.25, 0, 0, 0], "texture": "#1"},
				"down": {"uv": [0.25, 0, 0, 0], "texture": "#1"}
			}
		},
		{
			"from": [15, 11, 8],
			"to": [16, 16, 8],
			"rotation": {"angle": 22.5, "axis": "z", "origin": [8, 3, 8]},
			"faces": {
				"north": {"uv": [7, 8.75, 7.25, 10], "texture": "#1"},
				"east": {"uv": [0, 0, 0, 1.25], "texture": "#1"},
				"south": {"uv": [7.25, 8.75, 7.5, 10], "texture": "#1"},
				"west": {"uv": [0, 0, 0, 1.25], "texture": "#1"},
				"up": {"uv": [0.25, 0, 0, 0], "texture": "#1"},
				"down": {"uv": [0.25, 0, 0, 0], "texture": "#1"}
			}
		},
		{
			"from": [1, 5, 8],
			"to": [2, 12, 8],
			"rotation": {"angle": -22.5, "axis": "z", "origin": [8, 3, 8]},
			"faces": {
				"north": {"uv": [0.5, 8, 0.75, 9.75], "texture": "#1"},
				"east": {"uv": [0, 0, 0, 1.75], "texture": "#1"},
				"south": {"uv": [0.75, 8, 1, 9.75], "texture": "#1"},
				"west": {"uv": [0, 0, 0, 1.75], "texture": "#1"},
				"up": {"uv": [0.25, 0, 0, 0], "texture": "#1"},
				"down": {"uv": [0.25, 0, 0, 0], "texture": "#1"}
			}
		},
		{
			"from": [14, 5, 8],
			"to": [15, 12, 8],
			"rotation": {"angle": 22.5, "axis": "z", "origin": [8, 3, 8]},
			"faces": {
				"north": {"uv": [1, 8, 1.25, 9.75], "texture": "#1"},
				"east": {"uv": [0, 0, 0, 1.75], "texture": "#1"},
				"south": {"uv": [8, 1, 8.25, 2.75], "texture": "#1"},
				"west": {"uv": [0, 0, 0, 1.75], "texture": "#1"},
				"up": {"uv": [0.25, 0, 0, 0], "texture": "#1"},
				"down": {"uv": [0.25, 0, 0, 0], "texture": "#1"}
			}
		},
		{
			"from": [13, 4, 8],
			"to": [14, 10, 8],
			"rotation": {"angle": 22.5, "axis": "z", "origin": [8, 3, 8]},
			"faces": {
				"north": {"uv": [2.5, 8.5, 2.75, 10], "texture": "#1"},
				"east": {"uv": [0, 0, 0, 1.5], "texture": "#1"},
				"south": {"uv": [2.75, 8.5, 3, 10], "texture": "#1"},
				"west": {"uv": [0, 0, 0, 1.5], "texture": "#1"},
				"up": {"uv": [0.25, 0, 0, 0], "texture": "#1"},
				"down": {"uv": [0.25, 0, 0, 0], "texture": "#1"}
			}
		},
		{
			"from": [2, 4, 8],
			"to": [3, 10, 8],
			"rotation": {"angle": -22.5, "axis": "z", "origin": [8, 3, 8]},
			"faces": {
				"north": {"uv": [3, 8.5, 3.25, 10], "texture": "#1"},
				"east": {"uv": [0, 0, 0, 1.5], "texture": "#1"},
				"south": {"uv": [3.25, 8.5, 3.5, 10], "texture": "#1"},
				"west": {"uv": [0, 0, 0, 1.5], "texture": "#1"},
				"up": {"uv": [0.25, 0, 0, 0], "texture": "#1"},
				"down": {"uv": [0.25, 0, 0, 0], "texture": "#1"}
			}
		},
		{
			"from": [3, 2, 8],
			"to": [5, 8, 8],
			"rotation": {"angle": -22.5, "axis": "z", "origin": [8, 3, 8]},
			"faces": {
				"north": {"uv": [4.5, 4, 5, 5.5], "texture": "#1"},
				"east": {"uv": [0, 0, 0, 1.5], "texture": "#1"},
				"south": {"uv": [5, 1, 5.5, 2.5], "texture": "#1"},
				"west": {"uv": [0, 0, 0, 1.5], "texture": "#1"},
				"up": {"uv": [0.5, 0, 0, 0], "texture": "#1"},
				"down": {"uv": [0.5, 0, 0, 0], "texture": "#1"}
			}
		},
		{
			"from": [11, 2, 8],
			"to": [13, 8, 8],
			"rotation": {"angle": 22.5, "axis": "z", "origin": [8, 3, 8]},
			"faces": {
				"north": {"uv": [5, 2.5, 5.5, 4], "texture": "#1"},
				"east": {"uv": [0, 0, 0, 1.5], "texture": "#1"},
				"south": {"uv": [5, 4, 5.5, 5.5], "texture": "#1"},
				"west": {"uv": [0, 0, 0, 1.5], "texture": "#1"},
				"up": {"uv": [0.5, 0, 0, 0], "texture": "#1"},
				"down": {"uv": [0.5, 0, 0, 0], "texture": "#1"}
			}
		},
		{
			"from": [10, -3, 8],
			"to": [12, 3, 8],
			"rotation": {"angle": 22.5, "axis": "z", "origin": [8, 3, 8]},
			"faces": {
				"north": {"uv": [3.5, 5.25, 4, 6.75], "texture": "#1"},
				"east": {"uv": [0, 0, 0, 1.5], "texture": "#1"},
				"south": {"uv": [4, 5.25, 4.5, 6.75], "texture": "#1"},
				"west": {"uv": [0, 0, 0, 1.5], "texture": "#1"},
				"up": {"uv": [0.5, 0, 0, 0], "texture": "#1"},
				"down": {"uv": [0.5, 0, 0, 0], "texture": "#1"}
			}
		},
		{
			"from": [4, -3, 8],
			"to": [6, 3, 8],
			"rotation": {"angle": -22.5, "axis": "z", "origin": [8, 3, 8]},
			"faces": {
				"north": {"uv": [0, 5.5, 0.5, 7], "texture": "#1"},
				"east": {"uv": [0, 0, 0, 1.5], "texture": "#1"},
				"south": {"uv": [5.5, 0, 6, 1.5], "texture": "#1"},
				"west": {"uv": [0, 0, 0, 1.5], "texture": "#1"},
				"up": {"uv": [0.5, 0, 0, 0], "texture": "#1"},
				"down": {"uv": [0.5, 0, 0, 0], "texture": "#1"}
			}
		},
		{
			"from": [-4, 14, 8],
			"to": [-2, 20, 8],
			"rotation": {"angle": -45, "axis": "z", "origin": [8, 3, 8]},
			"faces": {
				"north": {"uv": [0.5, 5.5, 1, 7], "texture": "#1"},
				"east": {"uv": [0, 0, 0, 1.5], "texture": "#1"},
				"south": {"uv": [1, 5.5, 1.5, 7], "texture": "#1"},
				"west": {"uv": [0, 0, 0, 1.5], "texture": "#1"},
				"up": {"uv": [0.5, 0, 0, 0], "texture": "#1"},
				"down": {"uv": [0.5, 0, 0, 0], "texture": "#1"}
			}
		},
		{
			"from": [18, 14, 8],
			"to": [20, 20, 8],
			"rotation": {"angle": 45, "axis": "z", "origin": [8, 3, 8]},
			"faces": {
				"north": {"uv": [1.5, 5.5, 2, 7], "texture": "#1"},
				"east": {"uv": [0, 0, 0, 1.5], "texture": "#1"},
				"south": {"uv": [5.5, 1.5, 6, 3], "texture": "#1"},
				"west": {"uv": [0, 0, 0, 1.5], "texture": "#1"},
				"up": {"uv": [0.5, 0, 0, 0], "texture": "#1"},
				"down": {"uv": [0.5, 0, 0, 0], "texture": "#1"}
			}
		},
		{
			"from": [17, 14, 8],
			"to": [18, 17, 8],
			"rotation": {"angle": 45, "axis": "z", "origin": [8, 3, 8]},
			"faces": {
				"north": {"uv": [7, 10.5, 7.25, 11.25], "texture": "#1"},
				"east": {"uv": [0, 0, 0, 0.75], "texture": "#1"},
				"south": {"uv": [10.5, 7, 10.75, 7.75], "texture": "#1"},
				"west": {"uv": [0, 0, 0, 0.75], "texture": "#1"},
				"up": {"uv": [0.25, 0, 0, 0], "texture": "#1"},
				"down": {"uv": [0.25, 0, 0, 0], "texture": "#1"}
			}
		},
		{
			"from": [-2, 14, 8],
			"to": [-1, 17, 8],
			"rotation": {"angle": -45, "axis": "z", "origin": [8, 3, 8]},
			"faces": {
				"north": {"uv": [7.25, 10.5, 7.5, 11.25], "texture": "#1"},
				"east": {"uv": [0, 0, 0, 0.75], "texture": "#1"},
				"south": {"uv": [7.5, 10.5, 7.75, 11.25], "texture": "#1"},
				"west": {"uv": [0, 0, 0, 0.75], "texture": "#1"},
				"up": {"uv": [0.25, 0, 0, 0], "texture": "#1"},
				"down": {"uv": [0.25, 0, 0, 0], "texture": "#1"}
			}
		},
		{
			"from": [-5, 17, 8],
			"to": [-4, 20, 8],
			"rotation": {"angle": -45, "axis": "z", "origin": [8, 3, 8]},
			"faces": {
				"north": {"uv": [7.75, 10.5, 8, 11.25], "texture": "#1"},
				"east": {"uv": [0, 0, 0, 0.75], "texture": "#1"},
				"south": {"uv": [10.5, 7.75, 10.75, 8.5], "texture": "#1"},
				"west": {"uv": [0, 0, 0, 0.75], "texture": "#1"},
				"up": {"uv": [0.25, 0, 0, 0], "texture": "#1"},
				"down": {"uv": [0.25, 0, 0, 0], "texture": "#1"}
			}
		},
		{
			"from": [20, 17, 8],
			"to": [21, 20, 8],
			"rotation": {"angle": 45, "axis": "z", "origin": [8, 3, 8]},
			"faces": {
				"north": {"uv": [8, 10.5, 8.25, 11.25], "texture": "#1"},
				"east": {"uv": [0, 0, 0, 0.75], "texture": "#1"},
				"south": {"uv": [8.25, 10.5, 8.5, 11.25], "texture": "#1"},
				"west": {"uv": [0, 0, 0, 0.75], "texture": "#1"},
				"up": {"uv": [0.25, 0, 0, 0], "texture": "#1"},
				"down": {"uv": [0.25, 0, 0, 0], "texture": "#1"}
			}
		},
		{
			"from": [8, 2, 7],
			"to": [9, 19, 8],
			"rotation": {"angle": 45, "axis": "y", "origin": [8, 3, 8]},
			"faces": {
				"north": {"uv": [3, 0, 3.25, 4.25], "texture": "#1"},
				"east": {"uv": [3.25, 0, 3.5, 4.25], "texture": "#1"},
				"south": {"uv": [3.5, 0, 3.75, 4.25], "texture": "#1"},
				"west": {"uv": [3.75, 0, 4, 4.25], "texture": "#1"},
				"up": {"uv": [10.25, 9.75, 10, 9.5], "texture": "#1"},
				"down": {"uv": [10.25, 11.25, 10, 11.5], "texture": "#1"}
			}
		},
		{
			"from": [7, 2, 8],
			"to": [8, 19, 9],
			"rotation": {"angle": 45, "axis": "y", "origin": [8, 3, 8]},
			"faces": {
				"north": {"uv": [4, 0, 4.25, 4.25], "texture": "#1"},
				"east": {"uv": [4.25, 0, 4.5, 4.25], "texture": "#1"},
				"south": {"uv": [3, 4.25, 3.25, 8.5], "texture": "#1"},
				"west": {"uv": [3.25, 4.25, 3.5, 8.5], "texture": "#1"},
				"up": {"uv": [11.5, 10.25, 11.25, 10], "texture": "#1"},
				"down": {"uv": [10.5, 11.25, 10.25, 11.5], "texture": "#1"}
			}
		},
		{
			"from": [6, 4, 6],
			"to": [10, 7, 10],
			"rotation": {"angle": 45, "axis": "y", "origin": [8, 3, 8]},
			"faces": {
				"north": {"uv": [5.5, 3, 6.5, 3.75], "texture": "#1"},
				"east": {"uv": [5.5, 3.75, 6.5, 4.5], "texture": "#1"},
				"south": {"uv": [4.5, 5.5, 5.5, 6.25], "texture": "#1"},
				"west": {"uv": [5.5, 4.5, 6.5, 5.25], "texture": "#1"},
				"up": {"uv": [4.5, 5.25, 3.5, 4.25], "texture": "#1"},
				"down": {"uv": [1, 4.5, 0, 5.5], "texture": "#1"}
			}
		},
		{
			"from": [8, 3, 6],
			"to": [10, 4, 8],
			"rotation": {"angle": 45, "axis": "y", "origin": [8, 3, 8]},
			"faces": {
				"north": {"uv": [10.75, 9, 11.25, 9.25], "texture": "#1"},
				"east": {"uv": [11, 2.25, 11.5, 2.5], "texture": "#1"},
				"south": {"uv": [11, 2.5, 11.5, 2.75], "texture": "#1"},
				"west": {"uv": [11, 2.75, 11.5, 3], "texture": "#1"},
				"up": {"uv": [2.5, 10.5, 2, 10], "texture": "#1"},
				"down": {"uv": [10.5, 2, 10, 2.5], "texture": "#1"}
			}
		},
		{
			"from": [6, 3, 8],
			"to": [8, 4, 10],
			"rotation": {"angle": 45, "axis": "y", "origin": [8, 3, 8]},
			"faces": {
				"north": {"uv": [3, 11, 3.5, 11.25], "texture": "#1"},
				"east": {"uv": [11, 3, 11.5, 3.25], "texture": "#1"},
				"south": {"uv": [11, 3.25, 11.5, 3.5], "texture": "#1"},
				"west": {"uv": [3.5, 11, 4, 11.25], "texture": "#1"},
				"up": {"uv": [3, 10.5, 2.5, 10], "texture": "#1"},
				"down": {"uv": [10.5, 2.5, 10, 3], "texture": "#1"}
			}
		},
		{
			"from": [6, 4, 6],
			"to": [10, 7, 10],
			"rotation": {"angle": 0, "axis": "y", "origin": [8, 3, 8]},
			"faces": {
				"north": {"uv": [5.5, 5.25, 6.5, 6], "texture": "#1"},
				"east": {"uv": [6, 0, 7, 0.75], "texture": "#1"},
				"south": {"uv": [6, 0.75, 7, 1.5], "texture": "#1"},
				"west": {"uv": [6, 1.5, 7, 2.25], "texture": "#1"},
				"up": {"uv": [5.5, 1, 4.5, 0], "texture": "#1"},
				"down": {"uv": [2, 4.5, 1, 5.5], "texture": "#1"}
			}
		},
		{
			"from": [9, 28, 7],
			"to": [10, 32, 9],
			"rotation": {"angle": 0, "axis": "y", "origin": [8, 3, 8]},
			"faces": {
				"north": {"uv": [3, 10, 3.25, 11], "texture": "#1"},
				"east": {"uv": [2.5, 7.5, 3, 8.5], "texture": "#1"},
				"south": {"uv": [10, 3, 10.25, 4], "texture": "#1"},
				"west": {"uv": [7.5, 3, 8, 4], "texture": "#1"},
				"up": {"uv": [2.5, 11.5, 2.25, 11], "texture": "#1"},
				"down": {"uv": [11.25, 3.5, 11, 4], "texture": "#1"}
			}
		},
		{
			"from": [19, 21, 7],
			"to": [20, 27, 9],
			"rotation": {"angle": 22.5, "axis": "z", "origin": [8, 3, 8]},
			"faces": {
				"north": {"uv": [8.5, 3.75, 8.75, 5.25], "texture": "#1"},
				"east": {"uv": [2, 6, 2.5, 7.5], "texture": "#1"},
				"south": {"uv": [4.5, 8.5, 4.75, 10], "texture": "#1"},
				"west": {"uv": [2.5, 6, 3, 7.5], "texture": "#1"},
				"up": {"uv": [4.25, 11.5, 4, 11], "texture": "#1"},
				"down": {"uv": [11.25, 4, 11, 4.5], "texture": "#1"}
			}
		},
		{
			"from": [-2, 17, 7],
			"to": [-1, 21, 9],
			"rotation": {"angle": -45, "axis": "z", "origin": [8, 3, 8]},
			"faces": {
				"north": {"uv": [3.25, 10, 3.5, 11], "texture": "#1"},
				"east": {"uv": [4.5, 7.5, 5, 8.5], "texture": "#1"},
				"south": {"uv": [3.5, 10, 3.75, 11], "texture": "#1"},
				"west": {"uv": [5, 7.5, 5.5, 8.5], "texture": "#1"},
				"up": {"uv": [4.5, 11.5, 4.25, 11], "texture": "#1"},
				"down": {"uv": [4.75, 11, 4.5, 11.5], "texture": "#1"}
			}
		},
		{
			"from": [25, 12, 7],
			"to": [26, 16, 9],
			"rotation": {"angle": 45, "axis": "z", "origin": [8, 3, 8]},
			"faces": {
				"north": {"uv": [3.75, 10, 4, 11], "texture": "#1"},
				"east": {"uv": [5.5, 7.5, 6, 8.5], "texture": "#1"},
				"south": {"uv": [4, 10, 4.25, 11], "texture": "#1"},
				"west": {"uv": [6, 7.5, 6.5, 8.5], "texture": "#1"},
				"up": {"uv": [11.25, 5, 11, 4.5], "texture": "#1"},
				"down": {"uv": [5, 11, 4.75, 11.5], "texture": "#1"}
			}
		},
		{
			"from": [-6, 17, 7],
			"to": [-5, 21, 9],
			"rotation": {"angle": -45, "axis": "z", "origin": [8, 3, 8]},
			"faces": {
				"north": {"uv": [4.25, 10, 4.5, 11], "texture": "#1"},
				"east": {"uv": [7.5, 6.75, 8, 7.75], "texture": "#1"},
				"south": {"uv": [4.5, 10, 4.75, 11], "texture": "#1"},
				"west": {"uv": [3.5, 7.75, 4, 8.75], "texture": "#1"},
				"up": {"uv": [5.25, 11.5, 5, 11], "texture": "#1"},
				"down": {"uv": [11.25, 5, 11, 5.5], "texture": "#1"}
			}
		},
		{
			"from": [21, 17, 7],
			"to": [22, 21, 9],
			"rotation": {"angle": 45, "axis": "z", "origin": [8, 3, 8]},
			"faces": {
				"north": {"uv": [4.75, 10, 5, 11], "texture": "#1"},
				"east": {"uv": [4, 7.75, 4.5, 8.75], "texture": "#1"},
				"south": {"uv": [5, 10, 5.25, 11], "texture": "#1"},
				"west": {"uv": [7.75, 4, 8.25, 5], "texture": "#1"},
				"up": {"uv": [5.5, 11.5, 5.25, 11], "texture": "#1"},
				"down": {"uv": [5.75, 11, 5.5, 11.5], "texture": "#1"}
			}
		},
		{
			"from": [11, 17, 7],
			"to": [12, 21, 9],
			"rotation": {"angle": 22.5, "axis": "z", "origin": [8, 3, 8]},
			"faces": {
				"north": {"uv": [10, 5, 10.25, 6], "texture": "#1"},
				"east": {"uv": [7.75, 5, 8.25, 6], "texture": "#1"},
				"south": {"uv": [5.25, 10, 5.5, 11], "texture": "#1"},
				"west": {"uv": [6.5, 7.75, 7, 8.75], "texture": "#1"},
				"up": {"uv": [11.25, 6, 11, 5.5], "texture": "#1"},
				"down": {"uv": [6.5, 11, 6.25, 11.5], "texture": "#1"}
			}
		},
		{
			"from": [4, 17, 7],
			"to": [5, 21, 9],
			"rotation": {"angle": -22.5, "axis": "z", "origin": [8, 3, 8]},
			"faces": {
				"north": {"uv": [5.5, 10, 5.75, 11], "texture": "#1"},
				"east": {"uv": [7, 7.75, 7.5, 8.75], "texture": "#1"},
				"south": {"uv": [10, 6, 10.25, 7], "texture": "#1"},
				"west": {"uv": [7.5, 7.75, 8, 8.75], "texture": "#1"},
				"up": {"uv": [6.75, 11.5, 6.5, 11], "texture": "#1"},
				"down": {"uv": [11.25, 6.5, 11, 7], "texture": "#1"}
			}
		},
		{
			"from": [15, 6, 7],
			"to": [16, 12, 9],
			"rotation": {"angle": 22.5, "axis": "z", "origin": [8, 3, 8]},
			"faces": {
				"north": {"uv": [4.75, 8.5, 5, 10], "texture": "#1"},
				"east": {"uv": [5.5, 6, 6, 7.5], "texture": "#1"},
				"south": {"uv": [5, 8.5, 5.25, 10], "texture": "#1"},
				"west": {"uv": [6, 6, 6.5, 7.5], "texture": "#1"},
				"up": {"uv": [7, 11.5, 6.75, 11], "texture": "#1"},
				"down": {"uv": [11.25, 7, 11, 7.5], "texture": "#1"}
			}
		},
		{
			"from": [16, 11, 7],
			"to": [17, 16, 9],
			"rotation": {"angle": 22.5, "axis": "z", "origin": [8, 3, 8]},
			"faces": {
				"north": {"uv": [7.5, 8.75, 7.75, 10], "texture": "#1"},
				"east": {"uv": [6.5, 2.25, 7, 3.5], "texture": "#1"},
				"south": {"uv": [7.75, 8.75, 8, 10], "texture": "#1"},
				"west": {"uv": [6.5, 3.5, 7, 4.75], "texture": "#1"},
				"up": {"uv": [11.25, 8.5, 11, 8], "texture": "#1"},
				"down": {"uv": [11.25, 8.5, 11, 9], "texture": "#1"}
			}
		},
		{
			"from": [15, 1, 7],
			"to": [16, 5, 9],
			"rotation": {"angle": 45, "axis": "z", "origin": [8, 3, 8]},
			"faces": {
				"north": {"uv": [6.5, 10, 6.75, 11], "texture": "#1"},
				"east": {"uv": [0, 8, 0.5, 9], "texture": "#1"},
				"south": {"uv": [6.75, 10, 7, 11], "texture": "#1"},
				"west": {"uv": [8, 0, 8.5, 1], "texture": "#1"},
				"up": {"uv": [11.25, 9.75, 11, 9.25], "texture": "#1"},
				"down": {"uv": [11.25, 9.75, 11, 10.25], "texture": "#1"}
			}
		},
		{
			"from": [16, 7, 7],
			"to": [21, 8, 9],
			"rotation": {"angle": 45, "axis": "z", "origin": [8, 3, 8]},
			"faces": {
				"north": {"uv": [8.75, 5, 10, 5.25], "texture": "#1"},
				"east": {"uv": [11, 10.25, 11.5, 10.5], "texture": "#1"},
				"south": {"uv": [8.75, 7.5, 10, 7.75], "texture": "#1"},
				"west": {"uv": [11, 10.5, 11.5, 10.75], "texture": "#1"},
				"up": {"uv": [7.75, 5.25, 6.5, 4.75], "texture": "#1"},
				"down": {"uv": [7.75, 5.25, 6.5, 5.75], "texture": "#1"}
			}
		},
		{
			"from": [-5, 7, 7],
			"to": [0, 8, 9],
			"rotation": {"angle": -45, "axis": "z", "origin": [8, 3, 8]},
			"faces": {
				"north": {"uv": [8.75, 7.75, 10, 8], "texture": "#1"},
				"east": {"uv": [10.75, 11, 11.25, 11.25], "texture": "#1"},
				"south": {"uv": [8.75, 8, 10, 8.25], "texture": "#1"},
				"west": {"uv": [11, 10.75, 11.5, 11], "texture": "#1"},
				"up": {"uv": [7.75, 6.25, 6.5, 5.75], "texture": "#1"},
				"down": {"uv": [7.75, 6.25, 6.5, 6.75], "texture": "#1"}
			}
		},
		{
			"from": [9, 0, 7],
			"to": [11, 1, 9],
			"rotation": {"angle": 0, "axis": "z", "origin": [8, 3, 8]},
			"faces": {
				"north": {"uv": [11.25, 0, 11.75, 0.25], "texture": "#1"},
				"east": {"uv": [11.25, 0.25, 11.75, 0.5], "texture": "#1"},
				"south": {"uv": [11.25, 0.5, 11.75, 0.75], "texture": "#1"},
				"west": {"uv": [11.25, 0.75, 11.75, 1], "texture": "#1"},
				"up": {"uv": [10.5, 4.5, 10, 4], "texture": "#1"},
				"down": {"uv": [7.5, 10, 7, 10.5], "texture": "#1"}
			}
		},
		{
			"from": [5, -1, 7],
			"to": [8, 1, 9],
			"rotation": {"angle": 22.5, "axis": "z", "origin": [8, 3, 8]},
			"faces": {
				"north": {"uv": [5.25, 8.5, 6, 9], "texture": "#1"},
				"east": {"uv": [10, 7, 10.5, 7.5], "texture": "#1"},
				"south": {"uv": [8.5, 5.25, 9.25, 5.75], "texture": "#1"},
				"west": {"uv": [7.5, 10, 8, 10.5], "texture": "#1"},
				"up": {"uv": [9.25, 6.25, 8.5, 5.75], "texture": "#1"},
				"down": {"uv": [9, 8.5, 8.25, 9], "texture": "#1"}
			}
		},
		{
			"from": [8, -1, 7],
			"to": [11, 1, 9],
			"rotation": {"angle": -22.5, "axis": "z", "origin": [8, 3, 8]},
			"faces": {
				"north": {"uv": [8.75, 0.75, 9.5, 1.25], "texture": "#1"},
				"east": {"uv": [10, 7.5, 10.5, 8], "texture": "#1"},
				"south": {"uv": [8.75, 1.25, 9.5, 1.75], "texture": "#1"},
				"west": {"uv": [8, 10, 8.5, 10.5], "texture": "#1"},
				"up": {"uv": [9.5, 2.25, 8.75, 1.75], "texture": "#1"},
				"down": {"uv": [9.5, 2.25, 8.75, 2.75], "texture": "#1"}
			}
		},
		{
			"from": [11, 3, 7],
			"to": [13, 4, 9],
			"rotation": {"angle": -45, "axis": "z", "origin": [8, 3, 8]},
			"faces": {
				"north": {"uv": [11.25, 1, 11.75, 1.25], "texture": "#1"},
				"east": {"uv": [11.25, 1.25, 11.75, 1.5], "texture": "#1"},
				"south": {"uv": [11.25, 1.5, 11.75, 1.75], "texture": "#1"},
				"west": {"uv": [11.25, 1.75, 11.75, 2], "texture": "#1"},
				"up": {"uv": [10.5, 8.5, 10, 8], "texture": "#1"},
				"down": {"uv": [9, 10, 8.5, 10.5], "texture": "#1"}
			}
		},
		{
			"from": [10, -4, 7],
			"to": [11, -1, 9],
			"rotation": {"angle": 22.5, "axis": "z", "origin": [8, 3, 8]},
			"faces": {
				"north": {"uv": [8.5, 10.5, 8.75, 11.25], "texture": "#1"},
				"east": {"uv": [6, 8.5, 6.5, 9.25], "texture": "#1"},
				"south": {"uv": [10.5, 8.5, 10.75, 9.25], "texture": "#1"},
				"west": {"uv": [8.75, 2.75, 9.25, 3.5], "texture": "#1"},
				"up": {"uv": [2.75, 11.75, 2.5, 11.25], "texture": "#1"},
				"down": {"uv": [3, 11.25, 2.75, 11.75], "texture": "#1"}
			}
		},
		{
			"from": [13, -3, 7],
			"to": [14, 0, 9],
			"rotation": {"angle": 0, "axis": "z", "origin": [8, 3, 8]},
			"faces": {
				"north": {"uv": [8.75, 10.5, 9, 11.25], "texture": "#1"},
				"east": {"uv": [3.5, 8.75, 4, 9.5], "texture": "#1"},
				"south": {"uv": [9, 10.5, 9.25, 11.25], "texture": "#1"},
				"west": {"uv": [8.75, 3.5, 9.25, 4.25], "texture": "#1"},
				"up": {"uv": [3.25, 11.75, 3, 11.25], "texture": "#1"},
				"down": {"uv": [3.5, 11.25, 3.25, 11.75], "texture": "#1"}
			}
		},
		{
			"from": [2, -3, 7],
			"to": [3, 0, 9],
			"rotation": {"angle": 0, "axis": "z", "origin": [8, 3, 8]},
			"faces": {
				"north": {"uv": [10.25, 10.5, 10.5, 11.25], "texture": "#1"},
				"east": {"uv": [4, 8.75, 4.5, 9.5], "texture": "#1"},
				"south": {"uv": [10.5, 10.5, 10.75, 11.25], "texture": "#1"},
				"west": {"uv": [8.75, 4.25, 9.25, 5], "texture": "#1"},
				"up": {"uv": [3.75, 11.75, 3.5, 11.25], "texture": "#1"},
				"down": {"uv": [11.5, 3.5, 11.25, 4], "texture": "#1"}
			}
		},
		{
			"from": [2, 0, 7],
			"to": [3, 2, 9],
			"rotation": {"angle": 0, "axis": "z", "origin": [8, 3, 8]},
			"faces": {
				"north": {"uv": [3.75, 11.25, 4, 11.75], "texture": "#1"},
				"east": {"uv": [10, 8.5, 10.5, 9], "texture": "#1"},
				"south": {"uv": [11.25, 4, 11.5, 4.5], "texture": "#1"},
				"west": {"uv": [10, 9, 10.5, 9.5], "texture": "#1"},
				"up": {"uv": [11.5, 5, 11.25, 4.5], "texture": "#1"},
				"down": {"uv": [11.5, 5, 11.25, 5.5], "texture": "#1"}
			}
		},
		{
			"from": [13, 0, 7],
			"to": [14, 2, 9],
			"rotation": {"angle": 0, "axis": "z", "origin": [8, 3, 8]},
			"faces": {
				"north": {"uv": [11.25, 5.5, 11.5, 6], "texture": "#1"},
				"east": {"uv": [0.5, 10.25, 1, 10.75], "texture": "#1"},
				"south": {"uv": [5.75, 11.25, 6, 11.75], "texture": "#1"},
				"west": {"uv": [10.25, 3, 10.75, 3.5], "texture": "#1"},
				"up": {"uv": [6.25, 11.75, 6, 11.25], "texture": "#1"},
				"down": {"uv": [11.5, 6, 11.25, 6.5], "texture": "#1"}
			}
		},
		{
			"from": [11, 5, 7],
			"to": [13, 6, 9],
			"rotation": {"angle": -45, "axis": "z", "origin": [8, 3, 8]},
			"faces": {
				"north": {"uv": [11.25, 2, 11.75, 2.25], "texture": "#1"},
				"east": {"uv": [11.25, 6.5, 11.75, 6.75], "texture": "#1"},
				"south": {"uv": [11.25, 6.75, 11.75, 7], "texture": "#1"},
				"west": {"uv": [7, 11.25, 7.5, 11.5], "texture": "#1"},
				"up": {"uv": [10.75, 4, 10.25, 3.5], "texture": "#1"},
				"down": {"uv": [10.75, 4.5, 10.25, 5], "texture": "#1"}
			}
		},
		{
			"from": [11, 1, 7],
			"to": [13, 2, 9],
			"rotation": {"angle": 22.5, "axis": "z", "origin": [8, 3, 8]},
			"faces": {
				"north": {"uv": [11.25, 7, 11.75, 7.25], "texture": "#1"},
				"east": {"uv": [11.25, 7.25, 11.75, 7.5], "texture": "#1"},
				"south": {"uv": [7.5, 11.25, 8, 11.5], "texture": "#1"},
				"west": {"uv": [11.25, 7.5, 11.75, 7.75], "texture": "#1"},
				"up": {"uv": [10.75, 5.5, 10.25, 5], "texture": "#1"},
				"down": {"uv": [10.75, 5.5, 10.25, 6], "texture": "#1"}
			}
		},
		{
			"from": [3, 1, 7],
			"to": [5, 2, 9],
			"rotation": {"angle": -22.5, "axis": "z", "origin": [8, 3, 8]},
			"faces": {
				"north": {"uv": [11.25, 7.75, 11.75, 8], "texture": "#1"},
				"east": {"uv": [8, 11.25, 8.5, 11.5], "texture": "#1"},
				"south": {"uv": [11.25, 8, 11.75, 8.25], "texture": "#1"},
				"west": {"uv": [11.25, 8.25, 11.75, 8.5], "texture": "#1"},
				"up": {"uv": [10.75, 6.5, 10.25, 6], "texture": "#1"},
				"down": {"uv": [10.75, 6.5, 10.25, 7], "texture": "#1"}
			}
		},
		{
			"from": [3, 5, 7],
			"to": [5, 6, 9],
			"rotation": {"angle": 45, "axis": "z", "origin": [8, 3, 8]},
			"faces": {
				"north": {"uv": [8.5, 11.25, 9, 11.5], "texture": "#1"},
				"east": {"uv": [11.25, 8.5, 11.75, 8.75], "texture": "#1"},
				"south": {"uv": [11.25, 8.75, 11.75, 9], "texture": "#1"},
				"west": {"uv": [9, 11.25, 9.5, 11.5], "texture": "#1"},
				"up": {"uv": [9.75, 10.75, 9.25, 10.25], "texture": "#1"},
				"down": {"uv": [10.75, 9.5, 10.25, 10], "texture": "#1"}
			}
		},
		{
			"from": [7, -6, 7],
			"to": [8, -4, 9],
			"rotation": {"angle": 45, "axis": "z", "origin": [8, 3, 8]},
			"faces": {
				"north": {"uv": [11.25, 9, 11.5, 9.5], "texture": "#1"},
				"east": {"uv": [9.75, 10.25, 10.25, 10.75], "texture": "#1"},
				"south": {"uv": [9.5, 11.25, 9.75, 11.75], "texture": "#1"},
				"west": {"uv": [10.25, 10, 10.75, 10.5], "texture": "#1"},
				"up": {"uv": [11.5, 10, 11.25, 9.5], "texture": "#1"},
				"down": {"uv": [10, 11.25, 9.75, 11.75], "texture": "#1"}
			}
		},
		{
			"from": [7, -4, 7],
			"to": [9, -2, 9],
			"rotation": {"angle": -45, "axis": "y", "origin": [8, 1, 8]},
			"faces": {
				"north": {"uv": [0, 10.5, 0.5, 11], "texture": "#1"},
				"east": {"uv": [10.5, 0, 11, 0.5], "texture": "#1"},
				"south": {"uv": [10.5, 0.5, 11, 1], "texture": "#1"},
				"west": {"uv": [10.5, 1, 11, 1.5], "texture": "#1"},
				"up": {"uv": [11, 2, 10.5, 1.5], "texture": "#1"},
				"down": {"uv": [2.5, 10.5, 2, 11], "texture": "#1"}
			}
		},
		{
			"from": [8, -11, 8],
			"to": [9, -4, 9],
			"rotation": {"angle": -45, "axis": "y", "origin": [8, 1, 8]},
			"faces": {
				"north": {"uv": [1.25, 8, 1.5, 9.75], "texture": "#1"},
				"east": {"uv": [1.5, 8, 1.75, 9.75], "texture": "#1"},
				"south": {"uv": [1.75, 8, 2, 9.75], "texture": "#1"},
				"west": {"uv": [8, 6, 8.25, 7.75], "texture": "#1"},
				"up": {"uv": [10.75, 11.5, 10.5, 11.25], "texture": "#1"},
				"down": {"uv": [11, 11.25, 10.75, 11.5], "texture": "#1"}
			}
		},
		{
			"from": [7, -11, 7],
			"to": [8, -4, 8],
			"rotation": {"angle": -45, "axis": "y", "origin": [8, 1, 8]},
			"faces": {
				"north": {"uv": [8, 7.75, 8.25, 9.5], "texture": "#1"},
				"east": {"uv": [8.25, 1, 8.5, 2.75], "texture": "#1"},
				"south": {"uv": [8.25, 2.75, 8.5, 4.5], "texture": "#1"},
				"west": {"uv": [8.25, 4.5, 8.5, 6.25], "texture": "#1"},
				"up": {"uv": [11.25, 11.5, 11, 11.25], "texture": "#1"},
				"down": {"uv": [11.5, 11, 11.25, 11.25], "texture": "#1"}
			}
		}
	],
	"display": {
		"thirdperson_righthand": {
			"rotation": [86.21, -89.39, 81.11],
			"translation": [0.5, 8, 1],
			"scale": [0.7, 0.7, 0.7]
		},
		"thirdperson_lefthand": {
			"rotation": [69.58, -3.23, -140.53],
			"translation": [-5.5, -6.75, 9],
			"scale": [0.7, 0.7, 0.7]
		},
		"firstperson_righthand": {
			"rotation": [100.89, 73.97, -129.14],
			"translation": [5.75, 6.25, -8.5]
		},
		"firstperson_lefthand": {
			"rotation": [148, -88, 0],
			"translation": [4.75, -8.75, -1]
		},
		"ground": {
			"rotation": [6.34, 1.31, 23.3],
			"translation": [0, 13.25, 0]
		},
		"gui": {
			"rotation": [11.12, 6.69, -46.99],
			"translation": [-0.5, -0.75, 0],
			"scale": [0.5, 0.5, 0.5]
		},
		"head": {
			"rotation": [-177.09, 0.6, 40.83],
			"translation": [-0.5, -15, 4.5]
		},
		"fixed": {
			"rotation": [0, 0, 45.25],
			"translation": [0, 0, -0.75]
		}
	},
	"groups": [
		{
			"name": "group",
			"origin": [8, 8, 8],
			"color": 0,
			"nbt": "{}",
			"children": [
				0,
				1,
				2,
				3,
				4,
				5,
				6,
				7,
				8,
				9,
				10,
				11,
				12,
				13,
				14,
				15,
				16,
				17,
				18,
				19,
				20,
				21,
				22,
				23,
				24,
				25,
				26,
				27,
				28,
				29,
				30,
				31,
				32,
				33,
				34,
				35,
				36,
				37,
				38,
				39,
				40,
				41,
				42,
				43,
				44,
				45,
				46,
				47,
				48,
				49,
				50,
				51,
				52,
				53,
				54,
				55,
				56,
				57,
				58,
				59,
				60,
				61,
				62,
				63,
				64,
				65,
				66,
				67,
				68,
				69,
				70,
				71,
				72,
				73,
				74,
				75,
				76
			]
		}
	]
}