{
	"credit": "Made with Blockbench",
	"texture_size": [32, 32],
	"textures": {
		"0": "jeracraft:survival/weapons/helluhruans_wrath",
		"particle": "jeracraft:survival/weapons/helluhruans_wrath"
	},
	"elements": [
		{
			"from": [7, 0, 6],
			"to": [9, 2, 8],
			"rotation": {"angle": 45, "axis": "x", "origin": [8, 0, 8]},
			"faces": {
				"north": {"uv": [8.5, 5, 9.5, 6], "texture": "#0"},
				"east": {"uv": [9, 0, 10, 1], "texture": "#0"},
				"south": {"uv": [1, 9, 2, 10], "texture": "#0"},
				"west": {"uv": [9, 1, 10, 2], "texture": "#0"},
				"up": {"uv": [3, 10, 2, 9], "texture": "#0"},
				"down": {"uv": [5.5, 9, 4.5, 10], "texture": "#0"}
			}
		},
		{
			"from": [7, 3, 7],
			"to": [9, 5, 9],
			"rotation": {"angle": 0, "axis": "x", "origin": [8, 0, 8]},
			"faces": {
				"north": {"uv": [9, 7.5, 10, 8.5], "texture": "#0"},
				"east": {"uv": [8, 9, 9, 10], "texture": "#0"},
				"south": {"uv": [9, 8.5, 10, 9.5], "texture": "#0"},
				"west": {"uv": [9.5, 3.5, 10.5, 4.5], "texture": "#0"},
				"up": {"uv": [10.5, 5.5, 9.5, 4.5], "texture": "#0"},
				"down": {"uv": [6.5, 9.5, 5.5, 10.5], "texture": "#0"}
			}
		},
		{
			"from": [6, 19, 6],
			"to": [10, 23, 10],
			"rotation": {"angle": 0, "axis": "x", "origin": [8, 0, 8]},
			"faces": {
				"north": {"uv": [4, 0, 6, 2], "texture": "#0"},
				"east": {"uv": [4, 2, 6, 4], "texture": "#0"},
				"south": {"uv": [4, 4, 6, 6], "texture": "#0"},
				"west": {"uv": [6, 0, 8, 2], "texture": "#0"},
				"up": {"uv": [8, 4, 6, 2], "texture": "#0"},
				"down": {"uv": [6, 6, 4, 8], "texture": "#0"}
			}
		},
		{
			"from": [7, 20, 5],
			"to": [9, 22, 6],
			"rotation": {"angle": 0, "axis": "z", "origin": [8, 21, 11]},
			"faces": {
				"north": {"uv": [9.5, 5.5, 10.5, 6.5], "texture": "#0"},
				"east": {"uv": [8.5, 10, 9, 11], "texture": "#0"},
				"south": {"uv": [6.5, 9.5, 7.5, 10.5], "texture": "#0"},
				"west": {"uv": [5.5, 10.5, 6, 11.5], "texture": "#0"},
				"up": {"uv": [9.5, 6.5, 8.5, 6], "texture": "#0"},
				"down": {"uv": [10, 2, 9, 2.5], "texture": "#0"}
			}
		},
		{
			"from": [6, 18, 3],
			"to": [10, 24, 5],
			"rotation": {"angle": 0, "axis": "z", "origin": [8, 21, 11]},
			"faces": {
				"north": {"uv": [0, 0, 2, 3], "texture": "#0"},
				"east": {"uv": [6, 4, 7, 7], "texture": "#0"},
				"south": {"uv": [2, 0, 4, 3], "texture": "#0"},
				"west": {"uv": [7, 4, 8, 7], "texture": "#0"},
				"up": {"uv": [3, 9, 1, 8], "texture": "#0"},
				"down": {"uv": [10, 2.5, 8, 3.5], "texture": "#0"}
			}
		},
		{
			"from": [2, 18, 5],
			"to": [3, 24, 6],
			"rotation": {"angle": -45, "axis": "y", "origin": [8, 21, 11]},
			"faces": {
				"north": {"uv": [3, 8, 3.5, 11], "texture": "#0"},
				"east": {"uv": [3.5, 8, 4, 11], "texture": "#0"},
				"south": {"uv": [8, 3.5, 8.5, 6.5], "texture": "#0"},
				"west": {"uv": [4, 8, 4.5, 11], "texture": "#0"},
				"up": {"uv": [6, 9.5, 5.5, 9], "texture": "#0"},
				"down": {"uv": [8, 9.5, 7.5, 10], "texture": "#0"}
			}
		},
		{
			"from": [8, 27, 6],
			"to": [10, 28, 7],
			"rotation": {"angle": -45, "axis": "x", "origin": [8, 21, 11]},
			"faces": {
				"north": {"uv": [6, 10.5, 7, 11], "texture": "#0"},
				"east": {"uv": [10, 3, 10.5, 3.5], "texture": "#0"},
				"south": {"uv": [10.5, 6, 11.5, 6.5], "texture": "#0"},
				"west": {"uv": [7, 10.5, 7.5, 11], "texture": "#0"},
				"up": {"uv": [11.5, 7, 10.5, 6.5], "texture": "#0"},
				"down": {"uv": [11.5, 7, 10.5, 7.5], "texture": "#0"}
			}
		},
		{
			"from": [6, 27, 6],
			"to": [8, 28, 7],
			"rotation": {"angle": -45, "axis": "x", "origin": [8, 21, 11]},
			"faces": {
				"north": {"uv": [9, 10.5, 10, 11], "texture": "#0"},
				"east": {"uv": [3.5, 12, 4, 12.5], "texture": "#0"},
				"south": {"uv": [10, 10.5, 11, 11], "texture": "#0"},
				"west": {"uv": [5, 12, 5.5, 12.5], "texture": "#0"},
				"up": {"uv": [12, 0.5, 11, 0], "texture": "#0"},
				"down": {"uv": [12, 0.5, 11, 1], "texture": "#0"}
			}
		},
		{
			"from": [8, 25, 4],
			"to": [10, 26, 5],
			"rotation": {"angle": -45, "axis": "x", "origin": [8, 21, 11]},
			"faces": {
				"north": {"uv": [1, 11, 2, 11.5], "texture": "#0"},
				"east": {"uv": [6, 12, 6.5, 12.5], "texture": "#0"},
				"south": {"uv": [11, 1, 12, 1.5], "texture": "#0"},
				"west": {"uv": [6.5, 12, 7, 12.5], "texture": "#0"},
				"up": {"uv": [12, 2, 11, 1.5], "texture": "#0"},
				"down": {"uv": [3, 11, 2, 11.5], "texture": "#0"}
			}
		},
		{
			"from": [6, 25, 4],
			"to": [8, 26, 5],
			"rotation": {"angle": -45, "axis": "x", "origin": [8, 21, 11]},
			"faces": {
				"north": {"uv": [11, 2, 12, 2.5], "texture": "#0"},
				"east": {"uv": [7, 12, 7.5, 12.5], "texture": "#0"},
				"south": {"uv": [11, 2.5, 12, 3], "texture": "#0"},
				"west": {"uv": [7.5, 12, 8, 12.5], "texture": "#0"},
				"up": {"uv": [4, 11.5, 3, 11], "texture": "#0"},
				"down": {"uv": [5, 11, 4, 11.5], "texture": "#0"}
			}
		},
		{
			"from": [8, 26, 5],
			"to": [10, 27, 6],
			"rotation": {"angle": -45, "axis": "x", "origin": [8, 21, 11]},
			"faces": {
				"north": {"uv": [6, 11, 7, 11.5], "texture": "#0"},
				"east": {"uv": [12, 7.5, 12.5, 8], "texture": "#0"},
				"south": {"uv": [7, 11, 8, 11.5], "texture": "#0"},
				"west": {"uv": [8, 12, 8.5, 12.5], "texture": "#0"},
				"up": {"uv": [12, 8, 11, 7.5], "texture": "#0"},
				"down": {"uv": [9, 11, 8, 11.5], "texture": "#0"}
			}
		},
		{
			"from": [6, 26, 5],
			"to": [8, 27, 6],
			"rotation": {"angle": -45, "axis": "x", "origin": [8, 21, 11]},
			"faces": {
				"north": {"uv": [11, 8, 12, 8.5], "texture": "#0"},
				"east": {"uv": [12, 8, 12.5, 8.5], "texture": "#0"},
				"south": {"uv": [11, 8.5, 12, 9], "texture": "#0"},
				"west": {"uv": [8.5, 12, 9, 12.5], "texture": "#0"},
				"up": {"uv": [10, 11.5, 9, 11], "texture": "#0"},
				"down": {"uv": [12, 9, 11, 9.5], "texture": "#0"}
			}
		},
		{
			"from": [7, 20, 10],
			"to": [9, 22, 13],
			"rotation": {"angle": 45, "axis": "z", "origin": [8, 21, 11]},
			"faces": {
				"north": {"uv": [9.5, 6.5, 10.5, 7.5], "texture": "#0"},
				"east": {"uv": [4.5, 8, 6, 9], "texture": "#0"},
				"south": {"uv": [9, 9.5, 10, 10.5], "texture": "#0"},
				"west": {"uv": [8, 6.5, 9.5, 7.5], "texture": "#0"},
				"up": {"uv": [9, 9, 8, 7.5], "texture": "#0"},
				"down": {"uv": [9.5, 3.5, 8.5, 5], "texture": "#0"}
			}
		},
		{
			"from": [7, 21, 12],
			"to": [9, 23, 14],
			"rotation": {"angle": 45, "axis": "x", "origin": [8, 21, 11]},
			"faces": {
				"north": {"uv": [10, 0, 11, 1], "texture": "#0"},
				"east": {"uv": [1, 10, 2, 11], "texture": "#0"},
				"south": {"uv": [10, 1, 11, 2], "texture": "#0"},
				"west": {"uv": [2, 10, 3, 11], "texture": "#0"},
				"up": {"uv": [11, 3, 10, 2], "texture": "#0"},
				"down": {"uv": [5.5, 10, 4.5, 11], "texture": "#0"}
			}
		},
		{
			"from": [7, 17, 13],
			"to": [9, 19, 14],
			"rotation": {"angle": -22.5, "axis": "x", "origin": [8, 21, 11]},
			"faces": {
				"north": {"uv": [7.5, 10, 8.5, 11], "texture": "#0"},
				"east": {"uv": [5, 11, 5.5, 12], "texture": "#0"},
				"south": {"uv": [10, 7.5, 11, 8.5], "texture": "#0"},
				"west": {"uv": [11, 9.5, 11.5, 10.5], "texture": "#0"},
				"up": {"uv": [11, 11.5, 10, 11], "texture": "#0"},
				"down": {"uv": [12, 10.5, 11, 11], "texture": "#0"}
			}
		},
		{
			"from": [7, 20, 13],
			"to": [9, 21, 15],
			"rotation": {"angle": 22.5, "axis": "x", "origin": [8, 21, 11]},
			"faces": {
				"north": {"uv": [11, 11, 12, 11.5], "texture": "#0"},
				"east": {"uv": [0, 11.5, 1, 12], "texture": "#0"},
				"south": {"uv": [1, 11.5, 2, 12], "texture": "#0"},
				"west": {"uv": [2, 11.5, 3, 12], "texture": "#0"},
				"up": {"uv": [11, 9.5, 10, 8.5], "texture": "#0"},
				"down": {"uv": [11, 9.5, 10, 10.5], "texture": "#0"}
			}
		},
		{
			"from": [8, 2, 7],
			"to": [9, 3, 9],
			"rotation": {"angle": 45, "axis": "z", "origin": [8, 3, 8]},
			"faces": {
				"north": {"uv": [12, 8.5, 12.5, 9], "texture": "#0"},
				"east": {"uv": [3, 11.5, 4, 12], "texture": "#0"},
				"south": {"uv": [9, 12, 9.5, 12.5], "texture": "#0"},
				"west": {"uv": [11.5, 3, 12.5, 3.5], "texture": "#0"},
				"up": {"uv": [12, 4.5, 11.5, 3.5], "texture": "#0"},
				"down": {"uv": [4.5, 11.5, 4, 12.5], "texture": "#0"}
			}
		},
		{
			"from": [7, 3, 7],
			"to": [8, 4, 9],
			"rotation": {"angle": 45, "axis": "z", "origin": [8, 3, 8]},
			"faces": {
				"north": {"uv": [12, 9, 12.5, 9.5], "texture": "#0"},
				"east": {"uv": [11.5, 4.5, 12.5, 5], "texture": "#0"},
				"south": {"uv": [9.5, 12, 10, 12.5], "texture": "#0"},
				"west": {"uv": [11.5, 5, 12.5, 5.5], "texture": "#0"},
				"up": {"uv": [5, 12.5, 4.5, 11.5], "texture": "#0"},
				"down": {"uv": [6, 11.5, 5.5, 12.5], "texture": "#0"}
			}
		},
		{
			"from": [7, 2, 8],
			"to": [9, 3, 9],
			"rotation": {"angle": -45, "axis": "x", "origin": [8, 3, 8]},
			"faces": {
				"north": {"uv": [11.5, 5.5, 12.5, 6], "texture": "#0"},
				"east": {"uv": [10, 12, 10.5, 12.5], "texture": "#0"},
				"south": {"uv": [6, 11.5, 7, 12], "texture": "#0"},
				"west": {"uv": [10.5, 12, 11, 12.5], "texture": "#0"},
				"up": {"uv": [12.5, 6.5, 11.5, 6], "texture": "#0"},
				"down": {"uv": [12.5, 6.5, 11.5, 7], "texture": "#0"}
			}
		},
		{
			"from": [7, 2, 7],
			"to": [9, 3, 8],
			"rotation": {"angle": 45, "axis": "x", "origin": [8, 3, 8]},
			"faces": {
				"north": {"uv": [7, 11.5, 8, 12], "texture": "#0"},
				"east": {"uv": [12, 10.5, 12.5, 11], "texture": "#0"},
				"south": {"uv": [11.5, 7, 12.5, 7.5], "texture": "#0"},
				"west": {"uv": [12, 11, 12.5, 11.5], "texture": "#0"},
				"up": {"uv": [9, 12, 8, 11.5], "texture": "#0"},
				"down": {"uv": [10, 11.5, 9, 12], "texture": "#0"}
			}
		},
		{
			"from": [7, 5, 7],
			"to": [9, 10, 9],
			"rotation": {"angle": 0, "axis": "x", "origin": [8, 10, 8]},
			"faces": {
				"north": {"uv": [6, 7, 7, 9.5], "texture": "#0"},
				"east": {"uv": [7, 7, 8, 9.5], "texture": "#0"},
				"south": {"uv": [0, 8, 1, 10.5], "texture": "#0"},
				"west": {"uv": [8, 0, 9, 2.5], "texture": "#0"},
				"up": {"uv": [1, 11.5, 0, 10.5], "texture": "#0"},
				"down": {"uv": [11.5, 3, 10.5, 4], "texture": "#0"}
			}
		},
		{
			"from": [7, 10, 7],
			"to": [9, 20, 9],
			"rotation": {"angle": -45, "axis": "y", "origin": [8, 10, 8]},
			"faces": {
				"north": {"uv": [0, 3, 1, 8], "texture": "#0"},
				"east": {"uv": [1, 3, 2, 8], "texture": "#0"},
				"south": {"uv": [2, 3, 3, 8], "texture": "#0"},
				"west": {"uv": [3, 3, 4, 8], "texture": "#0"},
				"up": {"uv": [11.5, 5, 10.5, 4], "texture": "#0"},
				"down": {"uv": [11.5, 5, 10.5, 6], "texture": "#0"}
			}
		},
		{
			"from": [8, 10, 7],
			"to": [9, 11, 9],
			"rotation": {"angle": -45, "axis": "z", "origin": [8, 10, 8]},
			"faces": {
				"north": {"uv": [12, 11.5, 12.5, 12], "texture": "#0"},
				"east": {"uv": [11.5, 9.5, 12.5, 10], "texture": "#0"},
				"south": {"uv": [12, 12, 12.5, 12.5], "texture": "#0"},
				"west": {"uv": [10, 11.5, 11, 12], "texture": "#0"},
				"up": {"uv": [11.5, 12.5, 11, 11.5], "texture": "#0"},
				"down": {"uv": [12, 11.5, 11.5, 12.5], "texture": "#0"}
			}
		},
		{
			"from": [7, 9, 7],
			"to": [8, 10, 9],
			"rotation": {"angle": -45, "axis": "z", "origin": [8, 10, 8]},
			"faces": {
				"north": {"uv": [0, 12.5, 0.5, 13], "texture": "#0"},
				"east": {"uv": [11.5, 10, 12.5, 10.5], "texture": "#0"},
				"south": {"uv": [12.5, 0, 13, 0.5], "texture": "#0"},
				"west": {"uv": [0, 12, 1, 12.5], "texture": "#0"},
				"up": {"uv": [12.5, 1, 12, 0], "texture": "#0"},
				"down": {"uv": [1.5, 12, 1, 13], "texture": "#0"}
			}
		},
		{
			"from": [7, 10, 8],
			"to": [9, 11, 9],
			"rotation": {"angle": 45, "axis": "x", "origin": [8, 10, 8]},
			"faces": {
				"north": {"uv": [12, 1, 13, 1.5], "texture": "#0"},
				"east": {"uv": [0.5, 12.5, 1, 13], "texture": "#0"},
				"south": {"uv": [1.5, 12, 2.5, 12.5], "texture": "#0"},
				"west": {"uv": [12.5, 0.5, 13, 1], "texture": "#0"},
				"up": {"uv": [13, 2, 12, 1.5], "texture": "#0"},
				"down": {"uv": [13, 2, 12, 2.5], "texture": "#0"}
			}
		},
		{
			"from": [7, 10, 7],
			"to": [9, 11, 8],
			"rotation": {"angle": -45, "axis": "x", "origin": [8, 10, 8]},
			"faces": {
				"north": {"uv": [2.5, 12, 3.5, 12.5], "texture": "#0"},
				"east": {"uv": [1.5, 12.5, 2, 13], "texture": "#0"},
				"south": {"uv": [12, 2.5, 13, 3], "texture": "#0"},
				"west": {"uv": [2, 12.5, 2.5, 13], "texture": "#0"},
				"up": {"uv": [13, 4, 12, 3.5], "texture": "#0"},
				"down": {"uv": [13, 4, 12, 4.5], "texture": "#0"}
			}
		}
	],
	"display": {
		"thirdperson_righthand": {
			"translation": [0, -1, 0.25]
		},
		"thirdperson_lefthand": {
			"translation": [0, -1.5, 0.5]
		},
		"firstperson_righthand": {
			"rotation": [2.24, 11.18, 2.77],
			"translation": [0.75, 0, 0.5]
		},
		"firstperson_lefthand": {
			"rotation": [0, 9.5, 0],
			"translation": [-0.5, -0.5, 0.25]
		},
		"ground": {
			"rotation": [-15.47, -0.17, 1.19],
			"translation": [0, 3.25, 0]
		},
		"gui": {
			"rotation": [-106.47, -45.3, -101.88],
			"translation": [-3.5, -3.5, 0],
			"scale": [0.9, 0.9, 0.9]
		},
		"head": {
			"rotation": [-86.14, -53.11, 94.58],
			"translation": [5.5, -9.75, 4.75],
			"scale": [1.5, 1.5, 1.5]
		},
		"fixed": {
			"rotation": [-89.28, 44.99, 89.51],
			"translation": [3.75, -3.5, 0]
		}
	},
	"groups": [
		{
			"name": "group",
			"origin": [8, 8, 8],
			"color": 0,
			"nbt": "{}",
			"children": [0, 1, 2, 3, 4, 5, 6, 7, 8, 9, 10, 11, 12, 13, 14, 15, 16, 17, 18, 19, 20, 21, 22, 23, 24, 25]
		}
	]
}