{
	"credit": "Made with Blockbench",
	"texture_size": [64, 64],
	"textures": {
		"0": "jeracraft:halloween/witch_hat",
		"particle": "jeracraft:halloween/witch_hat"
	},
	"elements": [
		{
			"from": [1, 0, 1],
			"to": [15, 1, 15],
			"faces": {
				"north": {"uv": [6.5, 5, 9.5, 5.25], "texture": "#0"},
				"east": {"uv": [0, 6.75, 3, 7], "texture": "#0"},
				"south": {"uv": [0, 7, 3, 7.25], "texture": "#0"},
				"west": {"uv": [7, 0, 10, 0.25], "texture": "#0"},
				"up": {"uv": [3, 3, 0, 0], "texture": "#0"},
				"down": {"uv": [3, 3, 0, 6], "texture": "#0"}
			}
		},
		{
			"from": [4, 2, 3],
			"to": [12, 4, 12],
			"faces": {
				"north": {"uv": [6.5, 3, 8.5, 3.5], "texture": "#0"},
				"east": {"uv": [5, 5.25, 7.25, 5.75], "texture": "#0"},
				"south": {"uv": [6.5, 3.5, 8.5, 4], "texture": "#0"},
				"west": {"uv": [5, 5.75, 7.25, 6.25], "texture": "#0"},
				"up": {"uv": [5, 2.25, 3, 0], "texture": "#0"},
				"down": {"uv": [5, 2.25, 3, 4.5], "texture": "#0"}
			}
		},
		{
			"from": [5, 4, 5],
			"to": [11, 7, 11],
			"faces": {
				"north": {"uv": [0, 6, 1.5, 6.75], "texture": "#0"},
				"east": {"uv": [1.5, 6, 3, 6.75], "texture": "#0"},
				"south": {"uv": [5, 6.25, 6.5, 7], "texture": "#0"},
				"west": {"uv": [6.5, 2.25, 8, 3], "texture": "#0"},
				"up": {"uv": [6.5, 3.75, 5, 2.25], "texture": "#0"},
				"down": {"uv": [6.5, 3.75, 5, 5.25], "texture": "#0"}
			}
		},
		{
			"from": [6, 7, 8],
			"to": [10, 10, 12],
			"faces": {
				"north": {"uv": [3, 6.75, 4, 7.5], "texture": "#0"},
				"east": {"uv": [4, 6.75, 5, 7.5], "texture": "#0"},
				"south": {"uv": [7, 0.25, 8, 1], "texture": "#0"},
				"west": {"uv": [7, 1, 8, 1.75], "texture": "#0"},
				"up": {"uv": [7.5, 5, 6.5, 4], "texture": "#0"},
				"down": {"uv": [7.5, 6.25, 6.5, 7.25], "texture": "#0"}
			}
		},
		{
			"from": [7, 1, 2],
			"to": [9, 3, 3],
			"faces": {
				"north": {"uv": [7.25, 5.75, 7.75, 6.25], "texture": "#0"},
				"east": {"uv": [2.75, 7.25, 3, 7.75], "texture": "#0"},
				"south": {"uv": [0.5, 7.5, 1, 8], "texture": "#0"},
				"west": {"uv": [3, 7.5, 3.25, 8], "texture": "#0"},
				"up": {"uv": [5.5, 7.25, 5, 7], "texture": "#0"},
				"down": {"uv": [6, 7, 5.5, 7.25], "texture": "#0"}
			}
		},
		{
			"from": [4, 1, 3],
			"to": [12, 2, 12],
			"faces": {
				"north": {"uv": [0, 7.25, 2, 7.5], "texture": "#0"},
				"east": {"uv": [7, 1.75, 9.25, 2], "texture": "#0"},
				"south": {"uv": [5, 7.25, 7, 7.5], "texture": "#0"},
				"west": {"uv": [7, 2, 9.25, 2.25], "texture": "#0"},
				"up": {"uv": [5, 6.75, 3, 4.5], "texture": "#0"},
				"down": {"uv": [7, 0, 5, 2.25], "texture": "#0"}
			}
		},
		{
			"from": [9, 10, 9],
			"to": [11, 12, 12],
			"faces": {
				"north": {"uv": [1, 7.5, 1.5, 8], "texture": "#0"},
				"east": {"uv": [2, 7.25, 2.75, 7.75], "texture": "#0"},
				"south": {"uv": [1.5, 7.5, 2, 8], "texture": "#0"},
				"west": {"uv": [7.25, 5.25, 8, 5.75], "texture": "#0"},
				"up": {"uv": [7.5, 8, 7, 7.25], "texture": "#0"},
				"down": {"uv": [0.5, 7.5, 0, 8.25], "texture": "#0"}
			}
		}
	],
	"display": {
		"thirdperson_righthand": {
			"translation": [0, 3.75, 0],
			"scale": [0.5, 0.5, 0.5]
		},
		"thirdperson_lefthand": {
			"translation": [0, 3.75, 0],
			"scale": [0.5, 0.5, 0.5]
		},
		"firstperson_righthand": {
			"translation": [0, 3.75, 0],
			"scale": [0.5, 0.5, 0.5]
		},
		"firstperson_lefthand": {
			"translation": [0, 3.75, 0],
			"scale": [0.5, 0.5, 0.5]
		},
		"ground": {
			"translation": [0, 3, 0],
			"scale": [0.34, 0.34, 0.34]
		},
		"gui": {
			"rotation": [-162.55, 26.91, 171.91],
			"translation": [-0.75, 2.25, -12],
			"scale": [1.02, 1.02, 1.02]
		},
		"head": {
			"rotation": [6, 0, 0],
			"translation": [0, 19, 2.75],
			"scale": [2, 2, 2]
		},
		"fixed": {
			"rotation": [-90, 0, 0],
			"translation": [0, 0.25, -12],
			"scale": [1.6, 1.6, 1.6]
		}
	},
	"groups": [
		{
			"name": "group",
			"origin": [8, 8, 8],
			"color": 0,
			"nbt": "{}",
			"children": [0, 1, 2, 3, 4, 5, 6]
		}
	]
}