{
    "parent": "item/generated",
    "textures": {
        "layer0": "item/bow"
    },
    "display": {
        "thirdperson_righthand": {"rotation": [ -80, 260, -40 ],"translation": [ -1, -2, 2.5 ],"scale": [ 0.9, 0.9, 0.9 ]},
        "thirdperson_lefthand": {"rotation": [ -80, -280, 40 ],"translation": [ -1, -2, 2.5 ],"scale": [ 0.9, 0.9, 0.9 ]},
        "firstperson_righthand": {"rotation": [ 0, -90, 25 ],"translation": [ 1.13, 3.2, 1.13],"scale": [ 0.68, 0.68, 0.68 ]},
        "firstperson_lefthand": {"rotation": [ 0, 90, -25 ],"translation": [ 1.13, 3.2, 1.13],"scale": [ 0.68, 0.68, 0.68 ]}
    },
    "overrides": [
        {"predicate": {"pulling": 1},"model": "item/bow_pulling_0"},
        {"predicate": {"pulling": 1,"pull": 0.65},"model": "item/bow_pulling_1"},
        {"predicate": {"pulling": 1,"pull": 0.9},"model": "item/bow_pulling_2"},

	{"predicate": {"custom_model_data":100},"model": "jeracraft:survival/weapons/icebow"},
	{"predicate": {"custom_model_data":100,"pulling": 1},"model": "jeracraft:survival/weapons/icebow_pulling_0"},
	{"predicate": {"custom_model_data":100,"pulling": 1,"pull": 0.65},"model": "jeracraft:survival/weapons/icebow_pulling_1"},
	{"predicate": {"custom_model_data":100,"pulling": 1,"pull": 0.9},"model": "jeracraft:survival/weapons/icebow_pulling_2"},

	{"predicate": {"custom_model_data":101},"model": "jeracraft:survival/weapons/gilded_longbow"},
	{"predicate": {"custom_model_data":101,"pulling": 1},"model": "jeracraft:survival/weapons/gilded_longbow_pulling_0"},
	{"predicate": {"custom_model_data":101,"pulling": 1,"pull": 0.65},"model": "jeracraft:survival/weapons/gilded_longbow_pulling_1"},
	{"predicate": {"custom_model_data":101,"pulling": 1,"pull": 0.9},"model": "jeracraft:survival/weapons/gilded_longbow_pulling_2"},

    {"predicate": {"custom_model_data":102},"model": "jeracraft:survival/weapons/corrupted_bow"},
	{"predicate": {"custom_model_data":102,"pulling": 1},"model": "jeracraft:survival/weapons/corrupted_bow_pulling_0"},
	{"predicate": {"custom_model_data":102,"pulling": 1,"pull": 0.65},"model": "jeracraft:survival/weapons/corrupted_bow_pulling_1"},
	{"predicate": {"custom_model_data":102,"pulling": 1,"pull": 0.9},"model": "jeracraft:survival/weapons/corrupted_bow_pulling_2"},

    {"predicate": {"custom_model_data":2300},"model": "jeracraft:survival/christmas/blizzard_bow"},
    {"predicate": {"custom_model_data":2300,"pulling": 1},"model": "jeracraft:survival/christmas/blizzard_bow_pulling_0"},
    {"predicate": {"custom_model_data":2300,"pulling": 1,"pull": 0.65},"model": "jeracraft:survival/christmas/blizzard_bow_pulling_1"},
    {"predicate": {"custom_model_data":2300,"pulling": 1,"pull": 0.9},"model": "jeracraft:survival/christmas/blizzard_bow_pulling_2"}
    ]
}
