{
    "parent": "item/generated",
    "textures": {
        "layer0": "item/copper_ingot"
    },  
    "overrides": [
        { "predicate": { "custom_model_data": 101}, "model":"jeracraft:survival/halloween/soul"},
        { "predicate": { "custom_model_data": 1140}, "model":"jeracraft:survival/halloween/fangtalisman"},
        { "predicate": { "custom_model_data": 1340}, "model":"jeracraft:survival/halloween/eonstarcelestial"},
        { "predicate": { "custom_model_data": 1440}, "model":"jeracraft:survival/halloween/fallenstarfragment"},
        { "predicate": { "custom_model_data": 2000}, "model":"jeracraft:christmas/hat1_cosmetic"},
        { "predicate": { "custom_model_data": 2001}, "model":"jeracraft:christmas/hat2_cosmetic"},
        { "predicate": { "custom_model_data": 2002}, "model":"jeracraft:christmas/hat3_cosmetic"},
        { "predicate": { "custom_model_data": 2004}, "model":"jeracraft:christmas/birthdaycakehat"},
        { "predicate": { "custom_model_data": 2005}, "model":"jeracraft:christmas/christmasreward"},
        { "predicate": { "custom_model_data": 2040}, "model":"jeracraft:christmas/snowball_unassuming"},
        { "predicate": { "custom_model_data": 2140}, "model":"jeracraft:christmas/snowball_large"},
        { "predicate": { "custom_model_data": 2141}, "model":"jeracraft:christmas/sleigh"},
        { "predicate": { "custom_model_data": 2170}, "model":"jeracraft:christmas/tree"},
        { "predicate": { "custom_model_data": 2171}, "model":"jeracraft:survival/christmas/diamond_tree_topper"},
        { "predicate": { "custom_model_data": 2240}, "model":"jeracraft:christmas/snowball_boulder"},
        { "predicate": { "custom_model_data": 2340}, "model":"jeracraft:survival/christmas/naughty_list"},
        { "predicate": { "custom_model_data": 2341}, "model":"jeracraft:survival/christmas/nice_list"},
        { "predicate": { "custom_model_data": 2440}, "model":"jeracraft:survival/christmas/wintertide_crystal"}
    ]
}