{
	"credit": "Designed and created by the Jeracraft Network Texture and Model Development Team.",
	"parent": "minecraft:item/handheld",
	"textures": {
		"layer0": "minecraft:item/netherite_sword"
	},
	
	"overrides":
	[
		{"predicate":{"custom_model_data":100},"model": "jeracraft:survival/weapons/carnageblade"},
		{"predicate":{"custom_model_data":101},"model": "jeracraft:survival/weapons/gilded_greatsword"},
		{"predicate":{"custom_model_data":102},"model": "jeracraft:survival/weapons/rhaastweapon"},
		{"predicate":{"custom_model_data":103},"model": "jeracraft:survival/weapons/bonesplinter"},
		{"predicate":{"custom_model_data":104},"model": "jeracraft:survival/weapons/wrath"},
		{"predicate":{"custom_model_data":105},"model": "jeracraft:survival/weapons/terraprisma"}, 
		{"predicate":{"custom_model_data":106},"model": "jeracraft:survival/weapons/hardened_amethyst_blade"},
		{"predicate":{"custom_model_data":107},"model": "jeracraft:survival/weapons/skyfracture"},
		{"predicate":{"custom_model_data":108},"model": "jeracraft:survival/weapons/corrupted_netherite_sword"},
		{"predicate":{"custom_model_data":1301},"model": "jeracraft:survival/halloween/pumpkingspumpkinblade"},
		{"predicate":{"custom_model_data":1302},"model": "jeracraft:survival/halloween/shadewroughtdagger"},
		{"predicate":{"custom_model_data":1401},"model": "jeracraft:survival/halloween/ghastlygambit"},
		{"predicate":{"custom_model_data":2301},"model": "jeracraft:survival/christmas/icebound_blade"}
	]
}