{
	"credit": "Made with Blockbench",
	"texture_size": [64, 64],
	"textures": {
		"0": "jeracraft:halloween/grave_stone",
		"particle": "jeracraft:halloween/grave_stone"
	},
	"elements": [
		{
			"from": [0, 0, -2],
			"to": [16, 16, 0],
			"faces": {
				"north": {"uv": [0, 0, 4, 4], "texture": "#0"},
				"east": {"uv": [4, 1.5, 4.5, 5.5], "texture": "#0"},
				"south": {"uv": [0, 4, 4, 8], "texture": "#0"},
				"west": {"uv": [4.5, 1.5, 5, 5.5], "texture": "#0"},
				"up": {"uv": [9, 2, 5, 1.5], "texture": "#0"},
				"down": {"uv": [9, 2, 5, 2.5], "texture": "#0"}
			}
		},
		{
			"from": [1, 16, -2],
			"to": [15, 19, 0],
			"faces": {
				"north": {"uv": [4, 0, 7.5, 0.75], "texture": "#0"},
				"east": {"uv": [5, 5.5, 5.5, 6.25], "texture": "#0"},
				"south": {"uv": [4, 0.75, 7.5, 1.5], "texture": "#0"},
				"west": {"uv": [5.5, 5.5, 6, 6.25], "texture": "#0"},
				"up": {"uv": [8.5, 3, 5, 2.5], "texture": "#0"},
				"down": {"uv": [8.5, 3, 5, 3.5], "texture": "#0"}
			}
		},
		{
			"from": [2, 19, -2],
			"to": [14, 20, 0],
			"faces": {
				"north": {"uv": [5, 4.5, 8, 4.75], "texture": "#0"},
				"east": {"uv": [6.75, 6.5, 7.25, 6.75], "texture": "#0"},
				"south": {"uv": [5, 4.75, 8, 5], "texture": "#0"},
				"west": {"uv": [6.75, 6.75, 7.25, 7], "texture": "#0"},
				"up": {"uv": [8, 4, 5, 3.5], "texture": "#0"},
				"down": {"uv": [8, 4, 5, 4.5], "texture": "#0"}
			}
		},
		{
			"from": [6, 20, -2],
			"to": [10, 21, 0],
			"faces": {
				"north": {"uv": [6, 5, 7, 5.25], "texture": "#0"},
				"east": {"uv": [7, 5, 7.5, 5.25], "texture": "#0"},
				"south": {"uv": [6, 5.25, 7, 5.5], "texture": "#0"},
				"west": {"uv": [7, 5.25, 7.5, 5.5], "texture": "#0"},
				"up": {"uv": [6, 5.5, 5, 5], "texture": "#0"},
				"down": {"uv": [5, 5.5, 4, 6], "texture": "#0"}
			}
		},
		{
			"from": [7.5, 21, -1.5],
			"to": [8.5, 22, -0.5],
			"faces": {
				"north": {"uv": [7.5, 5.5, 7.75, 5.75], "texture": "#0"},
				"east": {"uv": [7.5, 5.75, 7.75, 6], "texture": "#0"},
				"south": {"uv": [6, 7.5, 6.25, 7.75], "texture": "#0"},
				"west": {"uv": [7.5, 6, 7.75, 6.25], "texture": "#0"},
				"up": {"uv": [6.5, 7.75, 6.25, 7.5], "texture": "#0"},
				"down": {"uv": [6.75, 7.5, 6.5, 7.75], "texture": "#0"}
			}
		},
		{
			"from": [6.5, 22, -1.5],
			"to": [9.5, 23, -0.5],
			"faces": {
				"north": {"uv": [6, 5.5, 6.75, 5.75], "texture": "#0"},
				"east": {"uv": [6.75, 7.5, 7, 7.75], "texture": "#0"},
				"south": {"uv": [6, 5.75, 6.75, 6], "texture": "#0"},
				"west": {"uv": [7, 7.5, 7.25, 7.75], "texture": "#0"},
				"up": {"uv": [6.75, 6.25, 6, 6], "texture": "#0"},
				"down": {"uv": [5.75, 6.25, 5, 6.5], "texture": "#0"}
			}
		},
		{
			"from": [6.5, 28, -1.5],
			"to": [9.5, 29, -0.5],
			"faces": {
				"north": {"uv": [5.75, 6.25, 6.5, 6.5], "texture": "#0"},
				"east": {"uv": [7.25, 7.5, 7.5, 7.75], "texture": "#0"},
				"south": {"uv": [5, 6.5, 5.75, 6.75], "texture": "#0"},
				"west": {"uv": [7.5, 7.25, 7.75, 7.5], "texture": "#0"},
				"up": {"uv": [6.5, 6.75, 5.75, 6.5], "texture": "#0"},
				"down": {"uv": [7.25, 6.25, 6.5, 6.5], "texture": "#0"}
			}
		},
		{
			"from": [9, 23, -1.5],
			"to": [11, 24, -0.5],
			"faces": {
				"north": {"uv": [7, 5.5, 7.5, 5.75], "texture": "#0"},
				"east": {"uv": [7.5, 7.5, 7.75, 7.75], "texture": "#0"},
				"south": {"uv": [7, 5.75, 7.5, 6], "texture": "#0"},
				"west": {"uv": [4, 7.75, 4.25, 8], "texture": "#0"},
				"up": {"uv": [7.5, 6.25, 7, 6], "texture": "#0"},
				"down": {"uv": [7.25, 7, 6.75, 7.25], "texture": "#0"}
			}
		},
		{
			"from": [10.5, 24, -1.5],
			"to": [11.5, 27, -0.5],
			"faces": {
				"north": {"uv": [6.5, 6.5, 6.75, 7.25], "texture": "#0"},
				"east": {"uv": [5, 6.75, 5.25, 7.5], "texture": "#0"},
				"south": {"uv": [5.25, 6.75, 5.5, 7.5], "texture": "#0"},
				"west": {"uv": [5.5, 6.75, 5.75, 7.5], "texture": "#0"},
				"up": {"uv": [4.5, 8, 4.25, 7.75], "texture": "#0"},
				"down": {"uv": [4.75, 7.75, 4.5, 8], "texture": "#0"}
			}
		},
		{
			"from": [5, 23, -1.5],
			"to": [7, 24, -0.5],
			"faces": {
				"north": {"uv": [4, 7.25, 4.5, 7.5], "texture": "#0"},
				"east": {"uv": [4.75, 7.75, 5, 8], "texture": "#0"},
				"south": {"uv": [4.5, 7.25, 5, 7.5], "texture": "#0"},
				"west": {"uv": [5, 7.75, 5.25, 8], "texture": "#0"},
				"up": {"uv": [7.75, 6.5, 7.25, 6.25], "texture": "#0"},
				"down": {"uv": [7, 7.25, 6.5, 7.5], "texture": "#0"}
			}
		},
		{
			"from": [4.5, 24, -1.5],
			"to": [5.5, 27, -0.5],
			"faces": {
				"north": {"uv": [6.75, 5.5, 7, 6.25], "texture": "#0"},
				"east": {"uv": [5.75, 6.75, 6, 7.5], "texture": "#0"},
				"south": {"uv": [6, 6.75, 6.25, 7.5], "texture": "#0"},
				"west": {"uv": [6.25, 6.75, 6.5, 7.5], "texture": "#0"},
				"up": {"uv": [5.5, 8, 5.25, 7.75], "texture": "#0"},
				"down": {"uv": [5.75, 7.75, 5.5, 8], "texture": "#0"}
			}
		},
		{
			"from": [9, 27, -1.5],
			"to": [11, 28, -0.5],
			"faces": {
				"north": {"uv": [7.25, 6.5, 7.75, 6.75], "texture": "#0"},
				"east": {"uv": [7.75, 5.5, 8, 5.75], "texture": "#0"},
				"south": {"uv": [7.25, 6.75, 7.75, 7], "texture": "#0"},
				"west": {"uv": [5.75, 7.75, 6, 8], "texture": "#0"},
				"up": {"uv": [7.5, 7.5, 7, 7.25], "texture": "#0"},
				"down": {"uv": [7.75, 7, 7.25, 7.25], "texture": "#0"}
			}
		},
		{
			"from": [5, 27, -1.5],
			"to": [7, 28, -0.5],
			"faces": {
				"north": {"uv": [7.5, 0, 8, 0.25], "texture": "#0"},
				"east": {"uv": [7.75, 5.75, 8, 6], "texture": "#0"},
				"south": {"uv": [7.5, 0.25, 8, 0.5], "texture": "#0"},
				"west": {"uv": [6, 7.75, 6.25, 8], "texture": "#0"},
				"up": {"uv": [8, 0.75, 7.5, 0.5], "texture": "#0"},
				"down": {"uv": [8, 0.75, 7.5, 1], "texture": "#0"}
			}
		},
		{
			"from": [7.5, 23, -1.5],
			"to": [8.5, 28, -0.5],
			"faces": {
				"north": {"uv": [4, 6, 4.25, 7.25], "texture": "#0"},
				"east": {"uv": [4.25, 6, 4.5, 7.25], "texture": "#0"},
				"south": {"uv": [4.5, 6, 4.75, 7.25], "texture": "#0"},
				"west": {"uv": [4.75, 6, 5, 7.25], "texture": "#0"},
				"up": {"uv": [8, 6.25, 7.75, 6], "texture": "#0"},
				"down": {"uv": [6.5, 7.75, 6.25, 8], "texture": "#0"}
			}
		},
		{
			"from": [5.5, 25, -1.5],
			"to": [7.5, 26, -0.5],
			"faces": {
				"north": {"uv": [7.5, 1, 8, 1.25], "texture": "#0"},
				"east": {"uv": [7.75, 6.25, 8, 6.5], "texture": "#0"},
				"south": {"uv": [7.5, 1.25, 8, 1.5], "texture": "#0"},
				"west": {"uv": [6.5, 7.75, 6.75, 8], "texture": "#0"},
				"up": {"uv": [4.5, 7.75, 4, 7.5], "texture": "#0"},
				"down": {"uv": [5, 7.5, 4.5, 7.75], "texture": "#0"}
			}
		},
		{
			"from": [8.5, 25, -1.5],
			"to": [10.5, 26, -0.5],
			"faces": {
				"north": {"uv": [5, 7.5, 5.5, 7.75], "texture": "#0"},
				"east": {"uv": [7.75, 6.5, 8, 6.75], "texture": "#0"},
				"south": {"uv": [7.5, 5, 8, 5.25], "texture": "#0"},
				"west": {"uv": [6.75, 7.75, 7, 8], "texture": "#0"},
				"up": {"uv": [8, 5.5, 7.5, 5.25], "texture": "#0"},
				"down": {"uv": [6, 7.5, 5.5, 7.75], "texture": "#0"}
			}
		}
	],
	"display": {
		"fixed": {
			"rotation": [-90, 0, 0],
			"translation": [0, 23.5, -31],
			"scale": [4, 4, 4]
		}
	},
	"groups": [
		{
			"name": "group",
			"origin": [8, 8, 8],
			"color": 0,
			"nbt": "{}",
			"children": [0, 1, 2, 3, 4, 5, 6, 7, 8, 9, 10, 11, 12, 13, 14, 15]
		}
	]
}