{
	"credit": "Made with Blockbench",
	"texture_size": [32, 32],
	"textures": {
		"1": "jeracraft:survival/weapons/rhaastweapon",
		"particle": "jeracraft:survival/weapons/rhaastweapon"
	},
	"elements": [
		{
			"from": [7, -1, 5],
			"to": [9, 1, 7],
			"rotation": {"angle": 0, "axis": "y", "origin": [6, 16, 7]},
			"faces": {
				"north": {"uv": [1, 7, 2, 8], "texture": "#1"},
				"east": {"uv": [7, 2.5, 8, 3.5], "texture": "#1"},
				"south": {"uv": [7, 3.5, 8, 4.5], "texture": "#1"},
				"west": {"uv": [4, 7, 5, 8], "texture": "#1"},
				"up": {"uv": [8, 5.5, 7, 4.5], "texture": "#1"},
				"down": {"uv": [8, 5.5, 7, 6.5], "texture": "#1"}
			}
		},
		{
			"from": [7, 1, 6],
			"to": [9, 3, 8],
			"rotation": {"angle": 0, "axis": "y", "origin": [6, 16, 7]},
			"faces": {
				"north": {"uv": [7, 6.5, 8, 7.5], "texture": "#1"},
				"east": {"uv": [5, 7.5, 6, 8.5], "texture": "#1"},
				"south": {"uv": [6, 7.5, 7, 8.5], "texture": "#1"},
				"west": {"uv": [7, 7.5, 8, 8.5], "texture": "#1"},
				"up": {"uv": [9, 1, 8, 0], "texture": "#1"},
				"down": {"uv": [2, 8, 1, 9], "texture": "#1"}
			}
		},
		{
			"from": [7, 3, 6],
			"to": [9, 5, 8],
			"rotation": {"angle": 0, "axis": "y", "origin": [6, 16, 7]},
			"faces": {
				"north": {"uv": [2, 8, 3, 9], "texture": "#1"},
				"east": {"uv": [8, 2.5, 9, 3.5], "texture": "#1"},
				"south": {"uv": [3, 8, 4, 9], "texture": "#1"},
				"west": {"uv": [8, 3.5, 9, 4.5], "texture": "#1"},
				"up": {"uv": [5, 9, 4, 8], "texture": "#1"},
				"down": {"uv": [9, 4.5, 8, 5.5], "texture": "#1"}
			}
		},
		{
			"from": [7, 5, 6],
			"to": [9, 7, 8],
			"rotation": {"angle": 0, "axis": "y", "origin": [6, 16, 7]},
			"faces": {
				"north": {"uv": [8, 5.5, 9, 6.5], "texture": "#1"},
				"east": {"uv": [8, 6.5, 9, 7.5], "texture": "#1"},
				"south": {"uv": [8, 7.5, 9, 8.5], "texture": "#1"},
				"west": {"uv": [0, 8.5, 1, 9.5], "texture": "#1"},
				"up": {"uv": [6, 9.5, 5, 8.5], "texture": "#1"},
				"down": {"uv": [7, 8.5, 6, 9.5], "texture": "#1"}
			}
		},
		{
			"from": [7, 7, 7],
			"to": [9, 9, 9],
			"rotation": {"angle": 0, "axis": "y", "origin": [6, 16, 7]},
			"faces": {
				"north": {"uv": [7, 8.5, 8, 9.5], "texture": "#1"},
				"east": {"uv": [8, 8.5, 9, 9.5], "texture": "#1"},
				"south": {"uv": [9, 0, 10, 1], "texture": "#1"},
				"west": {"uv": [1, 9, 2, 10], "texture": "#1"},
				"up": {"uv": [3, 10, 2, 9], "texture": "#1"},
				"down": {"uv": [10, 2.5, 9, 3.5], "texture": "#1"}
			}
		},
		{
			"from": [7, 9, 7],
			"to": [9, 11, 9],
			"rotation": {"angle": 0, "axis": "y", "origin": [6, 16, 7]},
			"faces": {
				"north": {"uv": [3, 9, 4, 10], "texture": "#1"},
				"east": {"uv": [9, 3.5, 10, 4.5], "texture": "#1"},
				"south": {"uv": [4, 9, 5, 10], "texture": "#1"},
				"west": {"uv": [9, 4.5, 10, 5.5], "texture": "#1"},
				"up": {"uv": [10, 6.5, 9, 5.5], "texture": "#1"},
				"down": {"uv": [10, 6.5, 9, 7.5], "texture": "#1"}
			}
		},
		{
			"from": [7, 11, 6],
			"to": [9, 13, 8],
			"rotation": {"angle": 0, "axis": "y", "origin": [6, 16, 7]},
			"faces": {
				"north": {"uv": [9, 7.5, 10, 8.5], "texture": "#1"},
				"east": {"uv": [9, 8.5, 10, 9.5], "texture": "#1"},
				"south": {"uv": [0, 9.5, 1, 10.5], "texture": "#1"},
				"west": {"uv": [9.5, 1, 10.5, 2], "texture": "#1"},
				"up": {"uv": [6, 10.5, 5, 9.5], "texture": "#1"},
				"down": {"uv": [7, 9.5, 6, 10.5], "texture": "#1"}
			}
		},
		{
			"from": [8, 12, 6],
			"to": [10, 14, 8],
			"rotation": {"angle": 0, "axis": "y", "origin": [6, 16, 7]},
			"faces": {
				"north": {"uv": [7, 9.5, 8, 10.5], "texture": "#1"},
				"east": {"uv": [8, 9.5, 9, 10.5], "texture": "#1"},
				"south": {"uv": [9, 9.5, 10, 10.5], "texture": "#1"},
				"west": {"uv": [10, 0, 11, 1], "texture": "#1"},
				"up": {"uv": [2, 11, 1, 10], "texture": "#1"},
				"down": {"uv": [3, 10, 2, 11], "texture": "#1"}
			}
		},
		{
			"from": [7, 14, 6],
			"to": [9, 16, 8],
			"rotation": {"angle": 0, "axis": "y", "origin": [6, 16, 7]},
			"faces": {
				"north": {"uv": [10, 2, 11, 3], "texture": "#1"},
				"east": {"uv": [3, 10, 4, 11], "texture": "#1"},
				"south": {"uv": [10, 3, 11, 4], "texture": "#1"},
				"west": {"uv": [4, 10, 5, 11], "texture": "#1"},
				"up": {"uv": [11, 5, 10, 4], "texture": "#1"},
				"down": {"uv": [11, 5, 10, 6], "texture": "#1"}
			}
		},
		{
			"from": [7, 16, 6],
			"to": [9, 18, 8],
			"rotation": {"angle": 0, "axis": "y", "origin": [6, 16, 7]},
			"faces": {
				"north": {"uv": [10, 6, 11, 7], "texture": "#1"},
				"east": {"uv": [10, 7, 11, 8], "texture": "#1"},
				"south": {"uv": [10, 8, 11, 9], "texture": "#1"},
				"west": {"uv": [10, 9, 11, 10], "texture": "#1"},
				"up": {"uv": [11, 11, 10, 10], "texture": "#1"},
				"down": {"uv": [1, 10.5, 0, 11.5], "texture": "#1"}
			}
		},
		{
			"from": [7, 16.63604, 6.73654],
			"to": [9, 19.63604, 8.73654],
			"rotation": {"angle": -45, "axis": "x", "origin": [6, 16, 7]},
			"faces": {
				"north": {"uv": [4, 4, 5, 5.5], "texture": "#1"},
				"east": {"uv": [5, 0, 6, 1.5], "texture": "#1"},
				"south": {"uv": [5, 1.5, 6, 3], "texture": "#1"},
				"west": {"uv": [2, 5, 3, 6.5], "texture": "#1"},
				"up": {"uv": [11.5, 2, 10.5, 1], "texture": "#1"},
				"down": {"uv": [6, 10.5, 5, 11.5], "texture": "#1"}
			}
		},
		{
			"from": [6, 16.63604, 7.73654],
			"to": [10, 18.63604, 9.73654],
			"rotation": {"angle": -45, "axis": "x", "origin": [6, 16, 7]},
			"faces": {
				"north": {"uv": [2, 0, 4, 1], "texture": "#1"},
				"east": {"uv": [6, 10.5, 7, 11.5], "texture": "#1"},
				"south": {"uv": [2, 1, 4, 2], "texture": "#1"},
				"west": {"uv": [7, 10.5, 8, 11.5], "texture": "#1"},
				"up": {"uv": [4, 3, 2, 2], "texture": "#1"},
				"down": {"uv": [2, 2.5, 0, 3.5], "texture": "#1"}
			}
		},
		{
			"from": [7, 16.73654, 1.36396],
			"to": [9, 17.73654, 4.36396],
			"rotation": {"angle": 22.5, "axis": "x", "origin": [6, 16, 7]},
			"faces": {
				"north": {"uv": [0, 11.5, 1, 12], "texture": "#1"},
				"east": {"uv": [8, 1, 9.5, 1.5], "texture": "#1"},
				"south": {"uv": [9, 11.5, 10, 12], "texture": "#1"},
				"west": {"uv": [11, 6.5, 12.5, 7], "texture": "#1"},
				"up": {"uv": [4, 6.5, 3, 5], "texture": "#1"},
				"down": {"uv": [6, 3, 5, 4.5], "texture": "#1"}
			}
		},
		{
			"from": [7, 18.63604, 8.73654],
			"to": [9, 21.63604, 9.73654],
			"rotation": {"angle": -45, "axis": "x", "origin": [6, 16, 7]},
			"faces": {
				"north": {"uv": [5, 4.5, 6, 6], "texture": "#1"},
				"east": {"uv": [11, 7, 11.5, 8.5], "texture": "#1"},
				"south": {"uv": [0, 5.5, 1, 7], "texture": "#1"},
				"west": {"uv": [11, 8.5, 11.5, 10], "texture": "#1"},
				"up": {"uv": [12.5, 10, 11.5, 9.5], "texture": "#1"},
				"down": {"uv": [12.5, 10, 11.5, 10.5], "texture": "#1"}
			}
		},
		{
			"from": [7, 14.63604, 11.73654],
			"to": [9, 18.63604, 12.73654],
			"rotation": {"angle": -45, "axis": "x", "origin": [6, 16, 7]},
			"faces": {
				"north": {"uv": [2, 3, 3, 5], "texture": "#1"},
				"east": {"uv": [8, 10.5, 8.5, 12.5], "texture": "#1"},
				"south": {"uv": [3, 3, 4, 5], "texture": "#1"},
				"west": {"uv": [8.5, 10.5, 9, 12.5], "texture": "#1"},
				"up": {"uv": [11.5, 12, 10.5, 11.5], "texture": "#1"},
				"down": {"uv": [12.5, 10.5, 11.5, 11], "texture": "#1"}
			}
		},
		{
			"from": [8, 11.73654, 10.36396],
			"to": [8, 12.73654, 12.36396],
			"rotation": {"angle": -45, "axis": "x", "origin": [6, 16, 7]},
			"faces": {
				"north": {"uv": [11.5, 12, 10.5, 11.5], "rotation": 180, "texture": "#1"},
				"east": {"uv": [8, 10.5, 8.5, 12.5], "rotation": 90, "texture": "#1"},
				"south": {"uv": [12.5, 10.5, 11.5, 11], "texture": "#1"},
				"west": {"uv": [8.5, 10.5, 9, 12.5], "rotation": 270, "texture": "#1"},
				"up": {"uv": [3, 3, 4, 5], "texture": "#1"},
				"down": {"uv": [2, 3, 3, 5], "rotation": 180, "texture": "#1"}
			}
		},
		{
			"from": [8, 11.73654, 11.36396],
			"to": [8, 12.73654, 13.36396],
			"rotation": {"angle": -22.5, "axis": "x", "origin": [6, 16, 7]},
			"faces": {
				"north": {"uv": [11.5, 12, 10.5, 11.5], "rotation": 180, "texture": "#1"},
				"east": {"uv": [8, 10.5, 8.5, 12.5], "rotation": 90, "texture": "#1"},
				"south": {"uv": [12.5, 10.5, 11.5, 11], "texture": "#1"},
				"west": {"uv": [8.5, 10.5, 9, 12.5], "rotation": 270, "texture": "#1"},
				"up": {"uv": [3, 3, 4, 5], "texture": "#1"},
				"down": {"uv": [2, 3, 3, 5], "rotation": 180, "texture": "#1"}
			}
		},
		{
			"from": [8, 17.36396, 9.26346],
			"to": [8, 19.36396, 10.26346],
			"rotation": {"angle": 22.5, "axis": "x", "origin": [6, 16, 7]},
			"faces": {
				"north": {"uv": [3, 3, 4, 5], "rotation": 180, "texture": "#1"},
				"east": {"uv": [8, 10.5, 8.5, 12.5], "rotation": 180, "texture": "#1"},
				"south": {"uv": [2, 3, 3, 5], "rotation": 180, "texture": "#1"},
				"west": {"uv": [8.5, 10.5, 9, 12.5], "rotation": 180, "texture": "#1"},
				"up": {"uv": [12.5, 10.5, 11.5, 11], "texture": "#1"},
				"down": {"uv": [11.5, 12, 10.5, 11.5], "texture": "#1"}
			}
		},
		{
			"from": [7, 19.63604, 13.73654],
			"to": [9, 22.63604, 14.73654],
			"rotation": {"angle": 45, "axis": "x", "origin": [6, 16, 7]},
			"faces": {
				"north": {"uv": [1, 5.5, 2, 7], "texture": "#1"},
				"east": {"uv": [10, 11, 10.5, 12.5], "texture": "#1"},
				"south": {"uv": [4, 5.5, 5, 7], "texture": "#1"},
				"west": {"uv": [11, 10, 11.5, 11.5], "texture": "#1"},
				"up": {"uv": [12.5, 11.5, 11.5, 11], "texture": "#1"},
				"down": {"uv": [12.5, 11.5, 11.5, 12], "texture": "#1"}
			}
		},
		{
			"from": [7, 10.26346, 11.63604],
			"to": [9, 11.26346, 13.63604],
			"rotation": {"angle": -22.5, "axis": "x", "origin": [6, 16, 7]},
			"faces": {
				"north": {"uv": [0, 12, 1, 12.5], "texture": "#1"},
				"east": {"uv": [12, 0, 13, 0.5], "texture": "#1"},
				"south": {"uv": [12, 0.5, 13, 1], "texture": "#1"},
				"west": {"uv": [1, 12, 2, 12.5], "texture": "#1"},
				"up": {"uv": [10, 11.5, 9, 10.5], "texture": "#1"},
				"down": {"uv": [12, 0, 11, 1], "texture": "#1"}
			}
		},
		{
			"from": [7, 17.73654, 2.36396],
			"to": [9, 18.73654, 5.36396],
			"rotation": {"angle": -22.5, "axis": "x", "origin": [6, 16, 7]},
			"faces": {
				"north": {"uv": [2, 12, 3, 12.5], "texture": "#1"},
				"east": {"uv": [11.5, 1, 13, 1.5], "texture": "#1"},
				"south": {"uv": [3, 12, 4, 12.5], "texture": "#1"},
				"west": {"uv": [11.5, 1.5, 13, 2], "texture": "#1"},
				"up": {"uv": [7, 1.5, 6, 0], "texture": "#1"},
				"down": {"uv": [7, 1.5, 6, 3], "texture": "#1"}
			}
		},
		{
			"from": [7, 13.73654, 0.36396],
			"to": [9, 14.73654, 2.36396],
			"rotation": {"angle": 22.5, "axis": "x", "origin": [6, 16, 7]},
			"faces": {
				"north": {"uv": [4, 12, 5, 12.5], "texture": "#1"},
				"east": {"uv": [5, 12, 6, 12.5], "texture": "#1"},
				"south": {"uv": [6, 12, 7, 12.5], "texture": "#1"},
				"west": {"uv": [7, 12, 8, 12.5], "texture": "#1"},
				"up": {"uv": [2, 12, 1, 11], "texture": "#1"},
				"down": {"uv": [3, 11, 2, 12], "texture": "#1"}
			}
		},
		{
			"from": [7, 17.29019, 3.74308],
			"to": [9, 18.29019, 6.74308],
			"rotation": {"angle": -22.5, "axis": "x", "origin": [6, 16, 7]},
			"faces": {
				"north": {"uv": [9, 12, 10, 12.5], "texture": "#1"},
				"east": {"uv": [3, 11.5, 4.5, 12], "texture": "#1"},
				"south": {"uv": [10.5, 12, 11.5, 12.5], "texture": "#1"},
				"west": {"uv": [4.5, 11.5, 6, 12], "texture": "#1"},
				"up": {"uv": [7, 4.5, 6, 3], "texture": "#1"},
				"down": {"uv": [7, 4.5, 6, 6], "texture": "#1"}
			}
		},
		{
			"from": [7, 17.29019, 6.74308],
			"to": [9, 18.29019, 10.74308],
			"rotation": {"angle": 0, "axis": "x", "origin": [6, 16, 7]},
			"faces": {
				"north": {"uv": [11.5, 12, 12.5, 12.5], "texture": "#1"},
				"east": {"uv": [11, 2, 13, 2.5], "texture": "#1"},
				"south": {"uv": [0, 12.5, 1, 13], "texture": "#1"},
				"west": {"uv": [11, 2.5, 13, 3], "texture": "#1"},
				"up": {"uv": [1, 5.5, 0, 3.5], "texture": "#1"},
				"down": {"uv": [2, 3.5, 1, 5.5], "texture": "#1"}
			}
		},
		{
			"from": [8, 18.29019, 6.74308],
			"to": [8, 19.29019, 10.74308],
			"rotation": {"angle": 0, "axis": "x", "origin": [6, 16, 7]},
			"faces": {
				"north": {"uv": [0, 0, 0, 0.5], "texture": "#1"},
				"east": {"uv": [3, 11, 5, 11.5], "texture": "#1"},
				"south": {"uv": [0, 0, 0, 0.5], "texture": "#1"},
				"west": {"uv": [11, 3, 13, 3.5], "texture": "#1"},
				"up": {"uv": [0, 2, 0, 0], "texture": "#1"},
				"down": {"uv": [0, 0, 0, 2], "texture": "#1"}
			}
		},
		{
			"from": [7, 19.29019, 6.74308],
			"to": [9, 20.29019, 10.74308],
			"rotation": {"angle": 0, "axis": "x", "origin": [6, 16, 7]},
			"faces": {
				"north": {"uv": [1, 12.5, 2, 13], "texture": "#1"},
				"east": {"uv": [11, 3.5, 13, 4], "texture": "#1"},
				"south": {"uv": [2, 12.5, 3, 13], "texture": "#1"},
				"west": {"uv": [11, 4, 13, 4.5], "texture": "#1"},
				"up": {"uv": [5, 2, 4, 0], "texture": "#1"},
				"down": {"uv": [5, 2, 4, 4], "texture": "#1"}
			}
		},
		{
			"from": [7, 18.29019, 9.74308],
			"to": [9, 19.29019, 12.74308],
			"rotation": {"angle": 22.5, "axis": "x", "origin": [6, 16, 7]},
			"faces": {
				"north": {"uv": [3, 12.5, 4, 13], "texture": "#1"},
				"east": {"uv": [6, 11.5, 7.5, 12], "texture": "#1"},
				"south": {"uv": [4, 12.5, 5, 13], "texture": "#1"},
				"west": {"uv": [11.5, 7, 13, 7.5], "texture": "#1"},
				"up": {"uv": [6, 7.5, 5, 6], "texture": "#1"},
				"down": {"uv": [7, 6, 6, 7.5], "texture": "#1"}
			}
		},
		{
			"from": [8, 19.29019, 8.74308],
			"to": [8, 20.29019, 12.74308],
			"rotation": {"angle": 22.5, "axis": "x", "origin": [6, 16, 7]},
			"faces": {
				"north": {"uv": [0, 0, 0, 0.5], "texture": "#1"},
				"east": {"uv": [11, 4.5, 13, 5], "texture": "#1"},
				"south": {"uv": [0, 0, 0, 0.5], "texture": "#1"},
				"west": {"uv": [11, 5, 13, 5.5], "texture": "#1"},
				"up": {"uv": [0, 2, 0, 0], "texture": "#1"},
				"down": {"uv": [0, 0, 0, 2], "texture": "#1"}
			}
		},
		{
			"from": [7, 20.29019, 9.74308],
			"to": [9, 21.29019, 12.74308],
			"rotation": {"angle": 22.5, "axis": "x", "origin": [6, 16, 7]},
			"faces": {
				"north": {"uv": [5, 12.5, 6, 13], "texture": "#1"},
				"east": {"uv": [11.5, 7.5, 13, 8], "texture": "#1"},
				"south": {"uv": [6, 12.5, 7, 13], "texture": "#1"},
				"west": {"uv": [11.5, 8, 13, 8.5], "texture": "#1"},
				"up": {"uv": [3, 8, 2, 6.5], "texture": "#1"},
				"down": {"uv": [4, 6.5, 3, 8], "texture": "#1"}
			}
		},
		{
			"from": [7, 20.29019, 10.74308],
			"to": [9, 21.29019, 13.74308],
			"rotation": {"angle": 45, "axis": "x", "origin": [6, 16, 7]},
			"faces": {
				"north": {"uv": [12.5, 6.5, 13.5, 7], "texture": "#1"},
				"east": {"uv": [11.5, 8.5, 13, 9], "texture": "#1"},
				"south": {"uv": [7, 12.5, 8, 13], "texture": "#1"},
				"west": {"uv": [11.5, 9, 13, 9.5], "texture": "#1"},
				"up": {"uv": [1, 8.5, 0, 7], "texture": "#1"},
				"down": {"uv": [8, 0, 7, 1.5], "texture": "#1"}
			}
		},
		{
			"from": [8, 21.29019, 9.74308],
			"to": [8, 22.29019, 13.74308],
			"rotation": {"angle": 45, "axis": "x", "origin": [6, 16, 7]},
			"faces": {
				"north": {"uv": [0, 0, 0, 0.5], "texture": "#1"},
				"east": {"uv": [11, 5.5, 13, 6], "texture": "#1"},
				"south": {"uv": [0, 0, 0, 0.5], "texture": "#1"},
				"west": {"uv": [11, 6, 13, 6.5], "texture": "#1"},
				"up": {"uv": [0, 2, 0, 0], "texture": "#1"},
				"down": {"uv": [0, 0, 0, 2], "texture": "#1"}
			}
		},
		{
			"from": [7, 22.29019, 8.74308],
			"to": [9, 23.29019, 13.74308],
			"rotation": {"angle": 45, "axis": "x", "origin": [6, 16, 7]},
			"faces": {
				"north": {"uv": [8, 12.5, 9, 13], "texture": "#1"},
				"east": {"uv": [7, 1.5, 9.5, 2], "texture": "#1"},
				"south": {"uv": [9, 12.5, 10, 13], "texture": "#1"},
				"west": {"uv": [7, 2, 9.5, 2.5], "texture": "#1"},
				"up": {"uv": [1, 2.5, 0, 0], "texture": "#1"},
				"down": {"uv": [2, 0, 1, 2.5], "texture": "#1"}
			}
		}
	],
	"display": {
		"thirdperson_righthand": {
			"rotation": [-176.36, 4.32, -180],
			"translation": [0, -0.5, -0.5],
			"scale": [1, 1.3, 1.3]
		},
		"thirdperson_lefthand": {
			"rotation": [161.57, -47.11, -88.04],
			"translation": [-8.25, -5.75, 8.25]
		},
		"firstperson_righthand": {
			"rotation": [172.03, -21.49, 179.31],
			"translation": [0, 2.75, -0.75]
		},
		"firstperson_lefthand": {
			"rotation": [-24.25, -8, 180],
			"translation": [1.75, -1.5, 1.75]
		},
		"ground": {
			"rotation": [14.83, 0.27, 2.12],
			"translation": [0, 2.5, 0],
			"scale": [0.8, 0.8, 0.8]
		},
		"gui": {
			"rotation": [132.34, 47.68, -119.93],
			"translation": [-1.25, -2.25, 0],
			"scale": [0.8, 0.8, 0.8]
		},
		"head": {
			"rotation": [-90, -61.75, 90],
			"translation": [3.25, -11, 4.75],
			"scale": [1.8, 1.8, 1.8]
		},
		"fixed": {
			"rotation": [88.44, -50.47, 88.78],
			"translation": [2.25, -3, 0],
			"scale": [1.2, 1.2, 1.2]
		}
	},
	"groups": [
		{
			"name": "group",
			"origin": [8, 8, 8],
			"color": 0,
			"nbt": "{}",
			"children": [0, 1, 2, 3, 4, 5, 6, 7, 8, 9, 10, 11, 12, 13, 14, 15, 16, 17, 18, 19, 20, 21, 22, 23, 24, 25, 26, 27, 28, 29, 30, 31]
		}
	]
}