{
	"credit": "Made with Blockbench",
	"texture_size": [8, 8],
	"textures": {
		"0": "jeracraft:halloween/redcandy",
		"1": "jeracraft:halloween/bowl",
		"2": "jeracraft:halloween/solid",
		"3": "jeracraft:halloween/batcandy",
		"particle": "jeracraft:halloween/redcandy"
	},
	"elements": [
		{
			"from": [3.6, 1.1, 7.1],
			"to": [4.1, 1.6, 7.6],
			"rotation": {"angle": -22.5, "axis": "y", "origin": [0, 0, 13]},
			"faces": {
				"north": {"uv": [11.5, 3, 11.75, 3.25], "texture": "#1"},
				"east": {"uv": [3.5, 11.5, 3.75, 11.75], "texture": "#1"},
				"south": {"uv": [11.5, 3.5, 11.75, 3.75], "texture": "#1"},
				"west": {"uv": [4, 11.5, 4.25, 11.75], "texture": "#1"},
				"up": {"uv": [11.75, 4.25, 11.5, 4], "texture": "#1"},
				"down": {"uv": [4.75, 11.5, 4.5, 11.75], "texture": "#1"}
			}
		},
		{
			"from": [3.6, 1.1, 6.6],
			"to": [4.1, 1.6, 7.1],
			"rotation": {"angle": -22.5, "axis": "y", "origin": [0, 0, 13]},
			"faces": {
				"north": {"uv": [11.5, 4.5, 11.75, 4.75], "texture": "#1"},
				"east": {"uv": [5, 11.5, 5.25, 11.75], "texture": "#1"},
				"south": {"uv": [11.5, 5, 11.75, 5.25], "texture": "#1"},
				"west": {"uv": [5.5, 11.5, 5.75, 11.75], "texture": "#1"},
				"up": {"uv": [11.75, 5.75, 11.5, 5.5], "texture": "#1"},
				"down": {"uv": [6.25, 11.5, 6, 11.75], "texture": "#1"}
			}
		},
		{
			"from": [6, 2, 1.5],
			"to": [6.5, 2.5, 2],
			"rotation": {"angle": -22.5, "axis": "y", "origin": [0, 0, 13]},
			"faces": {
				"north": {"uv": [11.5, 6, 11.75, 6.25], "texture": "#1"},
				"east": {"uv": [6.5, 11.5, 6.75, 11.75], "texture": "#1"},
				"south": {"uv": [11.5, 6.5, 11.75, 6.75], "texture": "#1"},
				"west": {"uv": [7, 11.5, 7.25, 11.75], "texture": "#1"},
				"up": {"uv": [11.75, 7.25, 11.5, 7], "texture": "#1"},
				"down": {"uv": [7.75, 11.5, 7.5, 11.75], "texture": "#1"}
			}
		},
		{
			"from": [6, 2, 1],
			"to": [6.5, 2.5, 1.5],
			"rotation": {"angle": -22.5, "axis": "y", "origin": [0, 0, 13]},
			"faces": {
				"north": {"uv": [11.5, 7.5, 11.75, 7.75], "texture": "#1"},
				"east": {"uv": [8, 11.5, 8.25, 11.75], "texture": "#1"},
				"south": {"uv": [11.5, 8, 11.75, 8.25], "texture": "#1"},
				"west": {"uv": [8.5, 11.5, 8.75, 11.75], "texture": "#1"},
				"up": {"uv": [11.75, 8.75, 11.5, 8.5], "texture": "#1"},
				"down": {"uv": [9.25, 11.5, 9, 11.75], "texture": "#1"}
			}
		},
		{
			"from": [9, 2, 5.5],
			"to": [9.5, 2.5, 6],
			"rotation": {"angle": -22.5, "axis": "y", "origin": [0, 0, 13]},
			"faces": {
				"north": {"uv": [11.5, 9, 11.75, 9.25], "texture": "#1"},
				"east": {"uv": [9.5, 11.5, 9.75, 11.75], "texture": "#1"},
				"south": {"uv": [11.5, 9.5, 11.75, 9.75], "texture": "#1"},
				"west": {"uv": [10, 11.5, 10.25, 11.75], "texture": "#1"},
				"up": {"uv": [11.75, 10.25, 11.5, 10], "texture": "#1"},
				"down": {"uv": [10.75, 11.5, 10.5, 11.75], "texture": "#1"}
			}
		},
		{
			"from": [9, 2, 5],
			"to": [9.5, 2.5, 5.5],
			"rotation": {"angle": -22.5, "axis": "y", "origin": [0, 0, 13]},
			"faces": {
				"north": {"uv": [11.5, 10.5, 11.75, 10.75], "texture": "#1"},
				"east": {"uv": [11, 11.5, 11.25, 11.75], "texture": "#1"},
				"south": {"uv": [11.5, 11, 11.75, 11.25], "texture": "#1"},
				"west": {"uv": [11.5, 11.5, 11.75, 11.75], "texture": "#1"},
				"up": {"uv": [0.25, 12.25, 0, 12], "texture": "#1"},
				"down": {"uv": [12.25, 0, 12, 0.25], "texture": "#1"}
			}
		},
		{
			"from": [8, 1, 5.5],
			"to": [8.5, 1.5, 6],
			"rotation": {"angle": -22.5, "axis": "y", "origin": [0, 0, 13]},
			"faces": {
				"north": {"uv": [0.5, 12, 0.75, 12.25], "texture": "#1"},
				"east": {"uv": [12, 0.5, 12.25, 0.75], "texture": "#1"},
				"south": {"uv": [1, 12, 1.25, 12.25], "texture": "#1"},
				"west": {"uv": [12, 1, 12.25, 1.25], "texture": "#1"},
				"up": {"uv": [1.75, 12.25, 1.5, 12], "texture": "#1"},
				"down": {"uv": [12.25, 1.5, 12, 1.75], "texture": "#1"}
			}
		},
		{
			"from": [8, 1, 5],
			"to": [8.5, 1.5, 5.5],
			"rotation": {"angle": -22.5, "axis": "y", "origin": [0, 0, 13]},
			"faces": {
				"north": {"uv": [2, 12, 2.25, 12.25], "texture": "#1"},
				"east": {"uv": [12, 2, 12.25, 2.25], "texture": "#1"},
				"south": {"uv": [2.5, 12, 2.75, 12.25], "texture": "#1"},
				"west": {"uv": [12, 2.5, 12.25, 2.75], "texture": "#1"},
				"up": {"uv": [3.25, 12.25, 3, 12], "texture": "#1"},
				"down": {"uv": [12.25, 3, 12, 3.25], "texture": "#1"}
			}
		},
		{
			"from": [11, 2, 7],
			"to": [11.5, 2.5, 7.5],
			"rotation": {"angle": 0, "axis": "y", "origin": [0, 0, 13]},
			"faces": {
				"north": {"uv": [3.5, 12, 3.75, 12.25], "texture": "#1"},
				"east": {"uv": [12, 3.5, 12.25, 3.75], "texture": "#1"},
				"south": {"uv": [4, 12, 4.25, 12.25], "texture": "#1"},
				"west": {"uv": [12, 4, 12.25, 4.25], "texture": "#1"},
				"up": {"uv": [4.75, 12.25, 4.5, 12], "texture": "#1"},
				"down": {"uv": [12.25, 4.5, 12, 4.75], "texture": "#1"}
			}
		},
		{
			"from": [11, 2, 5],
			"to": [11.5, 2.5, 5.5],
			"rotation": {"angle": 0, "axis": "y", "origin": [0, 0, 13]},
			"faces": {
				"north": {"uv": [5, 12, 5.25, 12.25], "texture": "#1"},
				"east": {"uv": [12, 5, 12.25, 5.25], "texture": "#1"},
				"south": {"uv": [5.5, 12, 5.75, 12.25], "texture": "#1"},
				"west": {"uv": [12, 5.5, 12.25, 5.75], "texture": "#1"},
				"up": {"uv": [6.25, 12.25, 6, 12], "texture": "#1"},
				"down": {"uv": [12.25, 6, 12, 6.25], "texture": "#1"}
			}
		},
		{
			"from": [11.5, 2, 7],
			"to": [12, 2.5, 7.5],
			"rotation": {"angle": 0, "axis": "y", "origin": [0, 0, 13]},
			"faces": {
				"north": {"uv": [6.5, 12, 6.75, 12.25], "texture": "#1"},
				"east": {"uv": [12, 6.5, 12.25, 6.75], "texture": "#1"},
				"south": {"uv": [7, 12, 7.25, 12.25], "texture": "#1"},
				"west": {"uv": [12, 7, 12.25, 7.25], "texture": "#1"},
				"up": {"uv": [7.75, 12.25, 7.5, 12], "texture": "#1"},
				"down": {"uv": [12.25, 7.5, 12, 7.75], "texture": "#1"}
			}
		},
		{
			"from": [11, 2, 5.5],
			"to": [11.5, 2.5, 6],
			"rotation": {"angle": 0, "axis": "y", "origin": [0, 0, 13]},
			"faces": {
				"north": {"uv": [8, 12, 8.25, 12.25], "texture": "#1"},
				"east": {"uv": [12, 8, 12.25, 8.25], "texture": "#1"},
				"south": {"uv": [8.5, 12, 8.75, 12.25], "texture": "#1"},
				"west": {"uv": [12, 8.5, 12.25, 8.75], "texture": "#1"},
				"up": {"uv": [9.25, 12.25, 9, 12], "texture": "#1"},
				"down": {"uv": [12.25, 9, 12, 9.25], "texture": "#1"}
			}
		},
		{
			"from": [9, 2, 6],
			"to": [9.5, 2.5, 6.5],
			"rotation": {"angle": 0, "axis": "y", "origin": [0, 0, 13]},
			"faces": {
				"north": {"uv": [9.5, 12, 9.75, 12.25], "texture": "#1"},
				"east": {"uv": [12, 9.5, 12.25, 9.75], "texture": "#1"},
				"south": {"uv": [10, 12, 10.25, 12.25], "texture": "#1"},
				"west": {"uv": [12, 10, 12.25, 10.25], "texture": "#1"},
				"up": {"uv": [10.75, 12.25, 10.5, 12], "texture": "#1"},
				"down": {"uv": [12.25, 10.5, 12, 10.75], "texture": "#1"}
			}
		},
		{
			"from": [8.5, 2, 6],
			"to": [9, 2.5, 6.5],
			"rotation": {"angle": 0, "axis": "y", "origin": [0, 0, 13]},
			"faces": {
				"north": {"uv": [11, 12, 11.25, 12.25], "texture": "#1"},
				"east": {"uv": [12, 11, 12.25, 11.25], "texture": "#1"},
				"south": {"uv": [11.5, 12, 11.75, 12.25], "texture": "#1"},
				"west": {"uv": [12, 11.5, 12.25, 11.75], "texture": "#1"},
				"up": {"uv": [12.25, 12.25, 12, 12], "texture": "#1"},
				"down": {"uv": [0.25, 12.5, 0, 12.75], "texture": "#1"}
			}
		},
		{
			"from": [6.5, 1, 5],
			"to": [7, 1.5, 5.5],
			"rotation": {"angle": 0, "axis": "y", "origin": [0, 0, 13]},
			"faces": {
				"north": {"uv": [12.5, 0, 12.75, 0.25], "texture": "#1"},
				"east": {"uv": [0.5, 12.5, 0.75, 12.75], "texture": "#1"},
				"south": {"uv": [12.5, 0.5, 12.75, 0.75], "texture": "#1"},
				"west": {"uv": [1, 12.5, 1.25, 12.75], "texture": "#1"},
				"up": {"uv": [12.75, 1.25, 12.5, 1], "texture": "#1"},
				"down": {"uv": [1.75, 12.5, 1.5, 12.75], "texture": "#1"}
			}
		},
		{
			"from": [7, 1, 5],
			"to": [7.5, 1.5, 5.5],
			"rotation": {"angle": 0, "axis": "y", "origin": [0, 0, 13]},
			"faces": {
				"north": {"uv": [12.5, 1.5, 12.75, 1.75], "texture": "#1"},
				"east": {"uv": [2, 12.5, 2.25, 12.75], "texture": "#1"},
				"south": {"uv": [12.5, 2, 12.75, 2.25], "texture": "#1"},
				"west": {"uv": [2.5, 12.5, 2.75, 12.75], "texture": "#1"},
				"up": {"uv": [12.75, 2.75, 12.5, 2.5], "texture": "#1"},
				"down": {"uv": [3.25, 12.5, 3, 12.75], "texture": "#1"}
			}
		},
		{
			"from": [6.5, 1, 10],
			"to": [7, 1.5, 10.5],
			"rotation": {"angle": 0, "axis": "y", "origin": [0, 0, 13]},
			"faces": {
				"north": {"uv": [12.5, 3, 12.75, 3.25], "texture": "#1"},
				"east": {"uv": [3.5, 12.5, 3.75, 12.75], "texture": "#1"},
				"south": {"uv": [12.5, 3.5, 12.75, 3.75], "texture": "#1"},
				"west": {"uv": [4, 12.5, 4.25, 12.75], "texture": "#1"},
				"up": {"uv": [12.75, 4.25, 12.5, 4], "texture": "#1"},
				"down": {"uv": [4.75, 12.5, 4.5, 12.75], "texture": "#1"}
			}
		},
		{
			"from": [7, 1, 10],
			"to": [7.5, 1.5, 10.5],
			"rotation": {"angle": 0, "axis": "y", "origin": [0, 0, 13]},
			"faces": {
				"north": {"uv": [12.5, 4.5, 12.75, 4.75], "texture": "#1"},
				"east": {"uv": [5, 12.5, 5.25, 12.75], "texture": "#1"},
				"south": {"uv": [12.5, 5, 12.75, 5.25], "texture": "#1"},
				"west": {"uv": [5.5, 12.5, 5.75, 12.75], "texture": "#1"},
				"up": {"uv": [12.75, 5.75, 12.5, 5.5], "texture": "#1"},
				"down": {"uv": [6.25, 12.5, 6, 12.75], "texture": "#1"}
			}
		},
		{
			"from": [8.5, 1, 11.2],
			"to": [9, 1.5, 11.7],
			"rotation": {"angle": 22.5, "axis": "y", "origin": [0, 0, 13]},
			"faces": {
				"north": {"uv": [12.5, 6, 12.75, 6.25], "texture": "#1"},
				"east": {"uv": [6.5, 12.5, 6.75, 12.75], "texture": "#1"},
				"south": {"uv": [12.5, 6.5, 12.75, 6.75], "texture": "#1"},
				"west": {"uv": [7, 12.5, 7.25, 12.75], "texture": "#1"},
				"up": {"uv": [12.75, 7.25, 12.5, 7], "texture": "#1"},
				"down": {"uv": [7.75, 12.5, 7.5, 12.75], "texture": "#1"}
			}
		},
		{
			"from": [6.1, 3.5, 13.1],
			"to": [6.6, 4, 13.6],
			"rotation": {"angle": 22.5, "axis": "y", "origin": [0, 0, 13]},
			"faces": {
				"north": {"uv": [12.5, 9, 12.75, 9.25], "texture": "#1"},
				"east": {"uv": [9.5, 12.5, 9.75, 12.75], "texture": "#1"},
				"south": {"uv": [12.5, 9.5, 12.75, 9.75], "texture": "#1"},
				"west": {"uv": [10, 12.5, 10.25, 12.75], "texture": "#1"},
				"up": {"uv": [12.75, 10.25, 12.5, 10], "texture": "#1"},
				"down": {"uv": [10.75, 12.5, 10.5, 12.75], "texture": "#1"}
			}
		},
		{
			"from": [12.4, 3.8, 11.5],
			"to": [12.9, 4.3, 12],
			"rotation": {"angle": 22.5, "axis": "y", "origin": [0, 0, 13]},
			"faces": {
				"north": {"uv": [12.5, 9, 12.75, 9.25], "texture": "#1"},
				"east": {"uv": [9.5, 12.5, 9.75, 12.75], "texture": "#1"},
				"south": {"uv": [12.5, 9.5, 12.75, 9.75], "texture": "#1"},
				"west": {"uv": [10, 12.5, 10.25, 12.75], "texture": "#1"},
				"up": {"uv": [12.75, 10.25, 12.5, 10], "texture": "#1"},
				"down": {"uv": [10.75, 12.5, 10.5, 12.75], "texture": "#1"}
			}
		},
		{
			"from": [9.3, 1, 9.9],
			"to": [9.8, 1.5, 10.4],
			"rotation": {"angle": 22.5, "axis": "y", "origin": [0, 0, 13]},
			"faces": {
				"north": {"uv": [12.5, 10.5, 12.75, 10.75], "texture": "#1"},
				"east": {"uv": [11, 12.5, 11.25, 12.75], "texture": "#1"},
				"south": {"uv": [12.5, 11, 12.75, 11.25], "texture": "#1"},
				"west": {"uv": [11.5, 12.5, 11.75, 12.75], "texture": "#1"},
				"up": {"uv": [12.75, 11.75, 12.5, 11.5], "texture": "#1"},
				"down": {"uv": [12.25, 12.5, 12, 12.75], "texture": "#1"}
			}
		},
		{
			"from": [9.3, 1, 10.4],
			"to": [9.8, 1.5, 10.9],
			"rotation": {"angle": 22.5, "axis": "y", "origin": [0, 0, 13]},
			"faces": {
				"north": {"uv": [12.5, 12, 12.75, 12.25], "texture": "#1"},
				"east": {"uv": [12.5, 12.5, 12.75, 12.75], "texture": "#1"},
				"south": {"uv": [0, 13, 0.25, 13.25], "texture": "#1"},
				"west": {"uv": [13, 0, 13.25, 0.25], "texture": "#1"},
				"up": {"uv": [0.75, 13.25, 0.5, 13], "texture": "#1"},
				"down": {"uv": [13.25, 0.5, 13, 0.75], "texture": "#1"}
			}
		},
		{
			"from": [9, 1, 11.2],
			"to": [9.5, 1.5, 11.7],
			"rotation": {"angle": 22.5, "axis": "y", "origin": [0, 0, 13]},
			"faces": {
				"north": {"uv": [1, 13, 1.25, 13.25], "texture": "#1"},
				"east": {"uv": [13, 1, 13.25, 1.25], "texture": "#1"},
				"south": {"uv": [1.5, 13, 1.75, 13.25], "texture": "#1"},
				"west": {"uv": [13, 1.5, 13.25, 1.75], "texture": "#1"},
				"up": {"uv": [2.25, 13.25, 2, 13], "texture": "#1"},
				"down": {"uv": [13.25, 2, 13, 2.25], "texture": "#1"}
			}
		},
		{
			"from": [8.5, 1, 8],
			"to": [9, 1.5, 8.5],
			"rotation": {"angle": 0, "axis": "y", "origin": [0, 0, 13]},
			"faces": {
				"north": {"uv": [2.5, 13, 2.75, 13.25], "texture": "#1"},
				"east": {"uv": [13, 2.5, 13.25, 2.75], "texture": "#1"},
				"south": {"uv": [3, 13, 3.25, 13.25], "texture": "#1"},
				"west": {"uv": [13, 3, 13.25, 3.25], "texture": "#1"},
				"up": {"uv": [3.75, 13.25, 3.5, 13], "texture": "#1"},
				"down": {"uv": [13.25, 3.5, 13, 3.75], "texture": "#1"}
			}
		},
		{
			"from": [9, 1, 8],
			"to": [9.5, 1.5, 8.5],
			"rotation": {"angle": 0, "axis": "y", "origin": [0, 0, 13]},
			"faces": {
				"north": {"uv": [4, 13, 4.25, 13.25], "texture": "#1"},
				"east": {"uv": [13, 4, 13.25, 4.25], "texture": "#1"},
				"south": {"uv": [4.5, 13, 4.75, 13.25], "texture": "#1"},
				"west": {"uv": [13, 4.5, 13.25, 4.75], "texture": "#1"},
				"up": {"uv": [5.25, 13.25, 5, 13], "texture": "#1"},
				"down": {"uv": [13.25, 5, 13, 5.25], "texture": "#1"}
			}
		},
		{
			"from": [6, -0.6, 3.2],
			"to": [10, -0.4, 5.2],
			"rotation": {"angle": 22.5, "axis": "x", "origin": [0, 0, 13]},
			"faces": {
				"north": {"uv": [9, 6, 11, 6.25], "texture": "#1"},
				"east": {"uv": [10, 4, 11, 4.25], "texture": "#1"},
				"south": {"uv": [9, 6.5, 11, 6.75], "texture": "#1"},
				"west": {"uv": [10, 4.5, 11, 4.75], "texture": "#1"},
				"up": {"uv": [5, 1, 3, 0], "texture": "#1"},
				"down": {"uv": [5, 1, 3, 2], "texture": "#1"}
			}
		},
		{
			"from": [6.1, -0.5, 4.3],
			"to": [6.9, -0.2, 5.1],
			"rotation": {"angle": 22.5, "axis": "x", "origin": [0, 0, 13]},
			"faces": {
				"north": {"uv": [6.5, 11, 7, 11.25], "texture": "#1"},
				"east": {"uv": [11, 6.5, 11.5, 6.75], "texture": "#1"},
				"south": {"uv": [7, 11, 7.5, 11.25], "texture": "#1"},
				"west": {"uv": [11, 7, 11.5, 7.25], "texture": "#1"},
				"up": {"uv": [2, 10.5, 1.5, 10], "texture": "#1"},
				"down": {"uv": [10.5, 5, 10, 5.5], "texture": "#1"}
			}
		},
		{
			"from": [6.1, -0.5, 3.3],
			"to": [6.9, -0.2, 4.1],
			"rotation": {"angle": 22.5, "axis": "x", "origin": [0, 0, 13]},
			"faces": {
				"north": {"uv": [7.5, 11, 8, 11.25], "texture": "#1"},
				"east": {"uv": [11, 7.5, 11.5, 7.75], "texture": "#1"},
				"south": {"uv": [8, 11, 8.5, 11.25], "texture": "#1"},
				"west": {"uv": [11, 8, 11.5, 8.25], "texture": "#1"},
				"up": {"uv": [6, 10.5, 5.5, 10], "texture": "#1"},
				"down": {"uv": [10.5, 5.5, 10, 6], "texture": "#1"}
			}
		},
		{
			"from": [7.1, -0.5, 3.3],
			"to": [7.9, -0.2, 4.1],
			"rotation": {"angle": 22.5, "axis": "x", "origin": [0, 0, 13]},
			"faces": {
				"north": {"uv": [8.5, 11, 9, 11.25], "texture": "#1"},
				"east": {"uv": [11, 8.5, 11.5, 8.75], "texture": "#1"},
				"south": {"uv": [9, 11, 9.5, 11.25], "texture": "#1"},
				"west": {"uv": [11, 9, 11.5, 9.25], "texture": "#1"},
				"up": {"uv": [6.5, 10.5, 6, 10], "texture": "#1"},
				"down": {"uv": [7, 10, 6.5, 10.5], "texture": "#1"}
			}
		},
		{
			"from": [7.1, -0.5, 4.3],
			"to": [7.9, -0.2, 5.1],
			"rotation": {"angle": 22.5, "axis": "x", "origin": [0, 0, 13]},
			"faces": {
				"north": {"uv": [9.5, 11, 10, 11.25], "texture": "#1"},
				"east": {"uv": [11, 9.5, 11.5, 9.75], "texture": "#1"},
				"south": {"uv": [10, 11, 10.5, 11.25], "texture": "#1"},
				"west": {"uv": [11, 10, 11.5, 10.25], "texture": "#1"},
				"up": {"uv": [10.5, 7.5, 10, 7], "texture": "#1"},
				"down": {"uv": [10.5, 7.5, 10, 8], "texture": "#1"}
			}
		},
		{
			"from": [8.1, -0.5, 3.3],
			"to": [8.9, -0.2, 4.1],
			"rotation": {"angle": 22.5, "axis": "x", "origin": [0, 0, 13]},
			"faces": {
				"north": {"uv": [10.5, 11, 11, 11.25], "texture": "#1"},
				"east": {"uv": [11, 10.5, 11.5, 10.75], "texture": "#1"},
				"south": {"uv": [11, 11, 11.5, 11.25], "texture": "#1"},
				"west": {"uv": [0, 11.5, 0.5, 11.75], "texture": "#1"},
				"up": {"uv": [8.5, 10.5, 8, 10], "texture": "#1"},
				"down": {"uv": [9, 10, 8.5, 10.5], "texture": "#1"}
			}
		},
		{
			"from": [8.1, -0.5, 4.3],
			"to": [8.9, -0.2, 5.1],
			"rotation": {"angle": 22.5, "axis": "x", "origin": [0, 0, 13]},
			"faces": {
				"north": {"uv": [11.5, 0, 12, 0.25], "texture": "#1"},
				"east": {"uv": [0.5, 11.5, 1, 11.75], "texture": "#1"},
				"south": {"uv": [11.5, 0.5, 12, 0.75], "texture": "#1"},
				"west": {"uv": [1, 11.5, 1.5, 11.75], "texture": "#1"},
				"up": {"uv": [10.5, 9, 10, 8.5], "texture": "#1"},
				"down": {"uv": [9.5, 10, 9, 10.5], "texture": "#1"}
			}
		},
		{
			"from": [9.1, -0.5, 3.3],
			"to": [9.9, -0.2, 4.1],
			"rotation": {"angle": 22.5, "axis": "x", "origin": [0, 0, 13]},
			"faces": {
				"north": {"uv": [11.5, 1, 12, 1.25], "texture": "#1"},
				"east": {"uv": [1.5, 11.5, 2, 11.75], "texture": "#1"},
				"south": {"uv": [11.5, 1.5, 12, 1.75], "texture": "#1"},
				"west": {"uv": [2, 11.5, 2.5, 11.75], "texture": "#1"},
				"up": {"uv": [10.5, 9.5, 10, 9], "texture": "#1"},
				"down": {"uv": [10.5, 9.5, 10, 10], "texture": "#1"}
			}
		},
		{
			"from": [9.1, -0.5, 4.3],
			"to": [9.9, -0.2, 5.1],
			"rotation": {"angle": 22.5, "axis": "x", "origin": [0, 0, 13]},
			"faces": {
				"north": {"uv": [11.5, 2, 12, 2.25], "texture": "#1"},
				"east": {"uv": [2.5, 11.5, 3, 11.75], "texture": "#1"},
				"south": {"uv": [11.5, 2.5, 12, 2.75], "texture": "#1"},
				"west": {"uv": [3, 11.5, 3.5, 11.75], "texture": "#1"},
				"up": {"uv": [10.5, 10.5, 10, 10], "texture": "#1"},
				"down": {"uv": [0.5, 10.5, 0, 11], "texture": "#1"}
			}
		},
		{
			"from": [4, 4.7, 6.2],
			"to": [7, 5, 6.7],
			"rotation": {"angle": -22.5, "axis": "z", "origin": [0, 0, 13]},
			"faces": {
				"north": {"uv": [0, 10, 1.5, 10.25], "texture": "#1"},
				"east": {"uv": [5.5, 13, 5.75, 13.25], "texture": "#1"},
				"south": {"uv": [10, 1, 11.5, 1.25], "texture": "#1"},
				"west": {"uv": [13, 5.5, 13.25, 5.75], "texture": "#1"},
				"up": {"uv": [11.5, 1.75, 10, 1.5], "texture": "#1"},
				"down": {"uv": [11.5, 2, 10, 2.25], "texture": "#1"}
			}
		},
		{
			"from": [9.4, -2, 8.3],
			"to": [12.4, -1.5, 8.8],
			"rotation": {"angle": 22.5, "axis": "z", "origin": [0, 0, 13]},
			"faces": {
				"north": {"uv": [10, 2.5, 11.5, 2.75], "texture": "#1"},
				"east": {"uv": [6, 13, 6.25, 13.25], "texture": "#1"},
				"south": {"uv": [10, 3, 11.5, 3.25], "texture": "#1"},
				"west": {"uv": [13, 6, 13.25, 6.25], "texture": "#1"},
				"up": {"uv": [11.5, 3.75, 10, 3.5], "texture": "#1"},
				"down": {"uv": [5.5, 10, 4, 10.25], "texture": "#1"}
			}
		},
		{
			"from": [7.5, 2.2, 11.2],
			"to": [10.5, 2.7, 11.7],
			"rotation": {"angle": 0, "axis": "y", "origin": [0, 0, 13]},
			"faces": {
				"north": {"uv": [10, 2.5, 11.5, 2.75], "texture": "#1"},
				"east": {"uv": [6, 13, 6.25, 13.25], "texture": "#1"},
				"south": {"uv": [10, 3, 11.5, 3.25], "texture": "#1"},
				"west": {"uv": [13, 6, 13.25, 6.25], "texture": "#1"},
				"up": {"uv": [11.5, 3.75, 10, 3.5], "texture": "#1"},
				"down": {"uv": [5.5, 10, 4, 10.25], "texture": "#1"}
			}
		},
		{
			"from": [2.3, 2.2, 5.5],
			"to": [2.8, 2.7, 8.5],
			"rotation": {"angle": -22.5, "axis": "y", "origin": [0, 0, 13]},
			"faces": {
				"north": {"uv": [13, 6, 13.25, 6.25], "texture": "#1"},
				"east": {"uv": [10, 2.5, 11.5, 2.75], "texture": "#1"},
				"south": {"uv": [6, 13, 6.25, 13.25], "texture": "#1"},
				"west": {"uv": [10, 3, 11.5, 3.25], "texture": "#1"},
				"up": {"uv": [11.5, 3.75, 10, 3.5], "rotation": 90, "texture": "#1"},
				"down": {"uv": [5.5, 10, 4, 10.25], "rotation": 270, "texture": "#1"}
			}
		},
		{
			"from": [8, 1, 9],
			"to": [10, 3, 11],
			"rotation": {"angle": 0, "axis": "y", "origin": [0, 0, 13]},
			"faces": {
				"north": {"uv": [3, 6, 4, 7], "texture": "#1"},
				"east": {"uv": [4, 7.5, 5, 8.5], "texture": "#1"},
				"south": {"uv": [5, 7.5, 6, 8.5], "texture": "#1"},
				"west": {"uv": [8, 1, 9, 2], "texture": "#1"},
				"up": {"uv": [9, 5, 8, 4], "texture": "#1"},
				"down": {"uv": [9, 5, 8, 6], "texture": "#1"}
			}
		},
		{
			"from": [8.5, 3.1, 9.5],
			"to": [9.5, 3.1, 10.5],
			"rotation": {"angle": 0, "axis": "y", "origin": [0, 0, 13]},
			"faces": {
				"north": {"uv": [0, 0, 0.5, 0], "texture": "#1"},
				"east": {"uv": [0, 0, 0.5, 0], "texture": "#1"},
				"south": {"uv": [0, 0, 0.5, 0], "texture": "#1"},
				"west": {"uv": [0, 0, 0.5, 0], "texture": "#1"},
				"up": {"uv": [1, 11, 0.5, 10.5], "texture": "#1"},
				"down": {"uv": [1.5, 10.5, 1, 11], "texture": "#1"}
			}
		},
		{
			"from": [11.3, 1.1, 11],
			"to": [12.3, 2.1, 13],
			"rotation": {"angle": 22.5, "axis": "y", "origin": [0, 0, 13]},
			"faces": {
				"north": {"uv": [1.5, 10.5, 2, 11], "texture": "#1"},
				"east": {"uv": [7, 9, 8, 9.5], "texture": "#1"},
				"south": {"uv": [2, 10.5, 2.5, 11], "texture": "#1"},
				"west": {"uv": [8, 9, 9, 9.5], "texture": "#1"},
				"up": {"uv": [9.5, 9, 9, 8], "texture": "#1"},
				"down": {"uv": [9.5, 9, 9, 10], "texture": "#1"}
			}
		},
		{
			"from": [10.3, 1, 10],
			"to": [11.3, 2, 12],
			"rotation": {"angle": 22.5, "axis": "y", "origin": [0, 0, 13]},
			"faces": {
				"north": {"uv": [2.5, 10.5, 3, 11], "texture": "#1"},
				"east": {"uv": [0, 9.5, 1, 10], "texture": "#1"},
				"south": {"uv": [3, 10.5, 3.5, 11], "texture": "#1"},
				"west": {"uv": [1, 9.5, 2, 10], "texture": "#1"},
				"up": {"uv": [2.5, 10.5, 2, 9.5], "texture": "#1"},
				"down": {"uv": [3, 9.5, 2.5, 10.5], "texture": "#1"}
			}
		},
		{
			"from": [8, 1, 9],
			"to": [9, 2, 11],
			"rotation": {"angle": 22.5, "axis": "y", "origin": [0, 0, 13]},
			"faces": {
				"north": {"uv": [3.5, 10.5, 4, 11], "texture": "#1"},
				"east": {"uv": [4, 9.5, 5, 10], "texture": "#1"},
				"south": {"uv": [4, 10.5, 4.5, 11], "texture": "#1"},
				"west": {"uv": [5, 9.5, 6, 10], "texture": "#1"},
				"up": {"uv": [7.5, 10.5, 7, 9.5], "texture": "#1"},
				"down": {"uv": [8, 9.5, 7.5, 10.5], "texture": "#1"}
			}
		},
		{
			"from": [6, -0.3, 6.7],
			"to": [7, 0.7, 8.7],
			"rotation": {"angle": 22.5, "axis": "x", "origin": [0, 0, 13]},
			"faces": {
				"north": {"uv": [4.5, 10.5, 5, 11], "texture": "#1"},
				"east": {"uv": [8, 9.5, 9, 10], "texture": "#1"},
				"south": {"uv": [5, 10.5, 5.5, 11], "texture": "#1"},
				"west": {"uv": [9.5, 8, 10.5, 8.5], "texture": "#1"},
				"up": {"uv": [10, 9.5, 9.5, 8.5], "texture": "#1"},
				"down": {"uv": [10, 9.5, 9.5, 10.5], "texture": "#1"}
			}
		},
		{
			"from": [7, 1.5, 8.7],
			"to": [8, 2.5, 10.7],
			"rotation": {"angle": 0, "axis": "y", "origin": [0, 0, 13]},
			"faces": {
				"north": {"uv": [4.5, 10.5, 5, 11], "texture": "#1"},
				"east": {"uv": [8, 9.5, 9, 10], "texture": "#1"},
				"south": {"uv": [5, 10.5, 5.5, 11], "texture": "#1"},
				"west": {"uv": [9.5, 8, 10.5, 8.5], "texture": "#1"},
				"up": {"uv": [10, 9.5, 9.5, 8.5], "texture": "#1"},
				"down": {"uv": [10, 9.5, 9.5, 10.5], "texture": "#1"}
			}
		},
		{
			"from": [11.4, 2.1, 10.6],
			"to": [13.4, 4.1, 12.6],
			"rotation": {"angle": 22.5, "axis": "y", "origin": [0, 0, 13]},
			"faces": {
				"north": {"uv": [4, 8.5, 5, 9.5], "texture": "#1"},
				"east": {"uv": [5, 8.5, 6, 9.5], "texture": "#1"},
				"south": {"uv": [9, 1, 10, 2], "texture": "#1"},
				"west": {"uv": [9, 2, 10, 3], "texture": "#1"},
				"up": {"uv": [10, 5, 9, 4], "texture": "#1"},
				"down": {"uv": [10, 5, 9, 6], "texture": "#1"}
			}
		},
		{
			"from": [5.5, 1.7, 12.1],
			"to": [7.5, 3.7, 14.1],
			"rotation": {"angle": 22.5, "axis": "y", "origin": [0, 0, 13]},
			"faces": {
				"north": {"uv": [4, 8.5, 5, 9.5], "texture": "#1"},
				"east": {"uv": [5, 8.5, 6, 9.5], "texture": "#1"},
				"south": {"uv": [9, 1, 10, 2], "texture": "#1"},
				"west": {"uv": [9, 2, 10, 3], "texture": "#1"},
				"up": {"uv": [10, 5, 9, 4], "texture": "#1"},
				"down": {"uv": [10, 5, 9, 6], "texture": "#1"}
			}
		},
		{
			"from": [12, 2, 5],
			"to": [12.5, 3, 11],
			"faces": {
				"north": {"uv": [10.5, 5, 11, 5.5], "texture": "#1"},
				"east": {"uv": [3, 2, 6, 2.5], "texture": "#1"},
				"south": {"uv": [5.5, 10.5, 6, 11], "texture": "#1"},
				"west": {"uv": [3, 2.5, 6, 3], "texture": "#1"},
				"up": {"uv": [3.5, 6, 3, 3], "texture": "#1"},
				"down": {"uv": [4, 3, 3.5, 6], "texture": "#1"}
			}
		},
		{
			"from": [3.5, 2, 5],
			"to": [4, 3, 11],
			"faces": {
				"north": {"uv": [10.5, 5.5, 11, 6], "texture": "#1"},
				"east": {"uv": [4, 3, 7, 3.5], "texture": "#1"},
				"south": {"uv": [6, 10.5, 6.5, 11], "texture": "#1"},
				"west": {"uv": [4, 3.5, 7, 4], "texture": "#1"},
				"up": {"uv": [4.5, 7, 4, 4], "texture": "#1"},
				"down": {"uv": [5, 4, 4.5, 7], "texture": "#1"}
			}
		},
		{
			"from": [5, 2, 3.5],
			"to": [11, 3, 4],
			"faces": {
				"north": {"uv": [5, 0, 8, 0.5], "texture": "#1"},
				"east": {"uv": [6.5, 10.5, 7, 11], "texture": "#1"},
				"south": {"uv": [5, 0.5, 8, 1], "texture": "#1"},
				"west": {"uv": [7, 10.5, 7.5, 11], "texture": "#1"},
				"up": {"uv": [8, 1.5, 5, 1], "texture": "#1"},
				"down": {"uv": [8, 1.5, 5, 2], "texture": "#1"}
			}
		},
		{
			"from": [5, 2, 12],
			"to": [11, 3, 12.5],
			"faces": {
				"north": {"uv": [5, 4, 8, 4.5], "texture": "#1"},
				"east": {"uv": [10.5, 7, 11, 7.5], "texture": "#1"},
				"south": {"uv": [5, 4.5, 8, 5], "texture": "#1"},
				"west": {"uv": [7.5, 10.5, 8, 11], "texture": "#1"},
				"up": {"uv": [8, 5.5, 5, 5], "texture": "#1"},
				"down": {"uv": [8, 5.5, 5, 6], "texture": "#1"}
			}
		},
		{
			"from": [5, 1, 11],
			"to": [11, 2, 12],
			"faces": {
				"north": {"uv": [0, 6, 3, 6.5], "texture": "#1"},
				"east": {"uv": [10.5, 7.5, 11, 8], "texture": "#1"},
				"south": {"uv": [6, 2, 9, 2.5], "texture": "#1"},
				"west": {"uv": [8, 10.5, 8.5, 11], "texture": "#1"},
				"up": {"uv": [9, 3, 6, 2.5], "texture": "#1"},
				"down": {"uv": [8, 6, 5, 6.5], "texture": "#1"}
			}
		},
		{
			"from": [5, 1, 4],
			"to": [11, 2, 5],
			"faces": {
				"north": {"uv": [0, 6.5, 3, 7], "texture": "#1"},
				"east": {"uv": [10.5, 8, 11, 8.5], "texture": "#1"},
				"south": {"uv": [5, 6.5, 8, 7], "texture": "#1"},
				"west": {"uv": [8.5, 10.5, 9, 11], "texture": "#1"},
				"up": {"uv": [3, 7.5, 0, 7], "texture": "#1"},
				"down": {"uv": [6, 7, 3, 7.5], "texture": "#1"}
			}
		},
		{
			"from": [11, 1, 5],
			"to": [12, 2, 11],
			"faces": {
				"north": {"uv": [10.5, 8.5, 11, 9], "texture": "#1"},
				"east": {"uv": [7, 3, 10, 3.5], "texture": "#1"},
				"south": {"uv": [9, 10.5, 9.5, 11], "texture": "#1"},
				"west": {"uv": [7, 3.5, 10, 4], "texture": "#1"},
				"up": {"uv": [6.5, 10, 6, 7], "texture": "#1"},
				"down": {"uv": [7, 7, 6.5, 10], "texture": "#1"}
			}
		},
		{
			"from": [4, 1, 5],
			"to": [5, 2, 11],
			"faces": {
				"north": {"uv": [10.5, 9, 11, 9.5], "texture": "#1"},
				"east": {"uv": [7, 7, 10, 7.5], "texture": "#1"},
				"south": {"uv": [9.5, 10.5, 10, 11], "texture": "#1"},
				"west": {"uv": [0, 7.5, 3, 8], "texture": "#1"},
				"up": {"uv": [3.5, 10.5, 3, 7.5], "texture": "#1"},
				"down": {"uv": [4, 7.5, 3.5, 10.5], "texture": "#1"}
			}
		},
		{
			"from": [5, 0, 5],
			"to": [11, 1, 11],
			"faces": {
				"north": {"uv": [7, 7.5, 10, 8], "texture": "#1"},
				"east": {"uv": [0, 8, 3, 8.5], "texture": "#1"},
				"south": {"uv": [8, 0, 11, 0.5], "texture": "#1"},
				"west": {"uv": [8, 0.5, 11, 1], "texture": "#1"},
				"up": {"uv": [3, 3, 0, 0], "texture": "#1"},
				"down": {"uv": [3, 3, 0, 6], "texture": "#1"}
			}
		},
		{
			"from": [4, 2, 11],
			"to": [5, 3, 12],
			"faces": {
				"north": {"uv": [10.5, 9.5, 11, 10], "texture": "#1"},
				"east": {"uv": [10, 10.5, 10.5, 11], "texture": "#1"},
				"south": {"uv": [10.5, 10, 11, 10.5], "texture": "#1"},
				"west": {"uv": [10.5, 10.5, 11, 11], "texture": "#1"},
				"up": {"uv": [0.5, 11.5, 0, 11], "texture": "#1"},
				"down": {"uv": [11.5, 0, 11, 0.5], "texture": "#1"}
			}
		},
		{
			"from": [11, 2, 4],
			"to": [12, 3, 5],
			"faces": {
				"north": {"uv": [0.5, 11, 1, 11.5], "texture": "#1"},
				"east": {"uv": [11, 0.5, 11.5, 1], "texture": "#1"},
				"south": {"uv": [1, 11, 1.5, 11.5], "texture": "#1"},
				"west": {"uv": [1.5, 11, 2, 11.5], "texture": "#1"},
				"up": {"uv": [2.5, 11.5, 2, 11], "texture": "#1"},
				"down": {"uv": [3, 11, 2.5, 11.5], "texture": "#1"}
			}
		},
		{
			"from": [11, 2, 11],
			"to": [12, 3, 12],
			"faces": {
				"north": {"uv": [3, 11, 3.5, 11.5], "texture": "#1"},
				"east": {"uv": [3.5, 11, 4, 11.5], "texture": "#1"},
				"south": {"uv": [4, 11, 4.5, 11.5], "texture": "#1"},
				"west": {"uv": [11, 4, 11.5, 4.5], "texture": "#1"},
				"up": {"uv": [5, 11.5, 4.5, 11], "texture": "#1"},
				"down": {"uv": [11.5, 4.5, 11, 5], "texture": "#1"}
			}
		},
		{
			"from": [4, 2, 4],
			"to": [5, 3, 5],
			"faces": {
				"north": {"uv": [5, 11, 5.5, 11.5], "texture": "#1"},
				"east": {"uv": [11, 5, 11.5, 5.5], "texture": "#1"},
				"south": {"uv": [5.5, 11, 6, 11.5], "texture": "#1"},
				"west": {"uv": [11, 5.5, 11.5, 6], "texture": "#1"},
				"up": {"uv": [6.5, 11.5, 6, 11], "texture": "#1"},
				"down": {"uv": [11.5, 6, 11, 6.5], "texture": "#1"}
			}
		},
		{
			"from": [1, 4.6, 4.9],
			"to": [4, 5.1, 8],
			"rotation": {"angle": -22.5, "axis": "z", "origin": [0, 0, 13]},
			"faces": {
				"north": {"uv": [6, 0, 12, 1], "texture": "#0"},
				"east": {"uv": [6, 2, 12, 3], "texture": "#0"},
				"south": {"uv": [6, 4, 12, 5], "texture": "#0"},
				"west": {"uv": [6, 6, 12, 7], "texture": "#0"},
				"up": {"uv": [6, 6, 0, 0], "texture": "#0"},
				"down": {"uv": [6, 6, 0, 12], "texture": "#0"}
			}
		},
		{
			"from": [8.8, 3.1, 9.8],
			"to": [9.2, 3.2, 10.2],
			"faces": {
				"north": {"uv": [0.25, 0.25, 0.75, 0.75], "texture": "#2"},
				"east": {"uv": [1.25, 0.25, 1.75, 0.75], "texture": "#2"},
				"south": {"uv": [2.25, 0.25, 2.75, 0.75], "texture": "#2"},
				"west": {"uv": [3.25, 0.25, 3.75, 0.75], "texture": "#2"},
				"up": {"uv": [4.25, 0.25, 4.75, 0.75], "texture": "#2"},
				"down": {"uv": [5.25, 0.25, 5.75, 0.75], "texture": "#2"}
			}
		},
		{
			"from": [0.6, 2.7, 12.8],
			"to": [1.1, 3, 13.3],
			"rotation": {"angle": 45, "axis": "y", "origin": [0, 0, 0]},
			"faces": {
				"north": {"uv": [10, 2, 11, 3], "texture": "#3"},
				"east": {"uv": [4, 10, 5, 11], "texture": "#3"},
				"south": {"uv": [10, 4, 11, 5], "texture": "#3"},
				"west": {"uv": [6, 10, 7, 11], "texture": "#3"},
				"up": {"uv": [11, 7, 10, 6], "texture": "#3"},
				"down": {"uv": [9, 10, 8, 11], "texture": "#3"}
			}
		},
		{
			"from": [0.1, 2.7, 11.8],
			"to": [1.1, 3, 12.8],
			"rotation": {"angle": 45, "axis": "y", "origin": [0, 0, 0]},
			"faces": {
				"north": {"uv": [0, 6, 2, 7], "texture": "#3"},
				"east": {"uv": [2, 6, 4, 7], "texture": "#3"},
				"south": {"uv": [4, 6, 6, 7], "texture": "#3"},
				"west": {"uv": [6, 6, 8, 7], "texture": "#3"},
				"up": {"uv": [2, 2, 0, 0], "texture": "#3"},
				"down": {"uv": [2, 2, 0, 4], "texture": "#3"}
			}
		},
		{
			"from": [-0.2, 2.7, 11.3],
			"to": [0.8, 3, 11.8],
			"rotation": {"angle": 45, "axis": "y", "origin": [0, 0, 0]},
			"faces": {
				"north": {"uv": [0, 8, 2, 9], "texture": "#3"},
				"east": {"uv": [10, 8, 11, 9], "texture": "#3"},
				"south": {"uv": [8, 0, 10, 1], "texture": "#3"},
				"west": {"uv": [10, 10, 11, 11], "texture": "#3"},
				"up": {"uv": [4, 9, 2, 8], "texture": "#3"},
				"down": {"uv": [10, 2, 8, 3], "texture": "#3"}
			}
		},
		{
			"from": [0.6, 2.7, 8.8],
			"to": [1.1, 3, 9.3],
			"rotation": {"angle": 45, "axis": "y", "origin": [0, 0, 0]},
			"faces": {
				"north": {"uv": [0, 12, 1, 13], "texture": "#3"},
				"east": {"uv": [12, 0, 13, 1], "texture": "#3"},
				"south": {"uv": [2, 12, 3, 13], "texture": "#3"},
				"west": {"uv": [12, 2, 13, 3], "texture": "#3"},
				"up": {"uv": [5, 13, 4, 12], "texture": "#3"},
				"down": {"uv": [13, 4, 12, 5], "texture": "#3"}
			}
		},
		{
			"from": [0.1, 2.7, 9.3],
			"to": [1.1, 3, 10.3],
			"rotation": {"angle": 45, "axis": "y", "origin": [0, 0, 0]},
			"faces": {
				"north": {"uv": [4, 8, 6, 9], "texture": "#3"},
				"east": {"uv": [8, 4, 10, 5], "texture": "#3"},
				"south": {"uv": [6, 8, 8, 9], "texture": "#3"},
				"west": {"uv": [8, 6, 10, 7], "texture": "#3"},
				"up": {"uv": [4, 2, 2, 0], "texture": "#3"},
				"down": {"uv": [4, 2, 2, 4], "texture": "#3"}
			}
		},
		{
			"from": [-0.2, 2.7, 10.3],
			"to": [0.8, 3, 10.8],
			"rotation": {"angle": 45, "axis": "y", "origin": [0, 0, 0]},
			"faces": {
				"north": {"uv": [8, 8, 10, 9], "texture": "#3"},
				"east": {"uv": [6, 12, 7, 13], "texture": "#3"},
				"south": {"uv": [0, 10, 2, 11], "texture": "#3"},
				"west": {"uv": [12, 6, 13, 7], "texture": "#3"},
				"up": {"uv": [12, 1, 10, 0], "texture": "#3"},
				"down": {"uv": [4, 10, 2, 11], "texture": "#3"}
			}
		},
		{
			"from": [-0.7, 2.7, 10.8],
			"to": [1.3, 3, 11.3],
			"rotation": {"angle": 45, "axis": "y", "origin": [0, 0, 0]},
			"faces": {
				"north": {"uv": [0, 4, 4, 5], "texture": "#3"},
				"east": {"uv": [8, 12, 9, 13], "texture": "#3"},
				"south": {"uv": [4, 0, 8, 1], "texture": "#3"},
				"west": {"uv": [12, 8, 13, 9], "texture": "#3"},
				"up": {"uv": [8, 3, 4, 2], "texture": "#3"},
				"down": {"uv": [8, 4, 4, 5], "texture": "#3"}
			}
		}
	],
	"display": {
		"thirdperson_righthand": {
			"translation": [0, 7, 0]
		},
		"thirdperson_lefthand": {
			"translation": [0, 7.25, 0]
		},
		"firstperson_righthand": {
			"translation": [0, 8.25, 0]
		},
		"firstperson_lefthand": {
			"translation": [0, 7.5, 0]
		},
		"ground": {
			"translation": [0, 17.5, 0],
			"scale": [2, 2, 2]
		},
		"head": {
			"translation": [0, 21, 0],
			"scale": [2, 2, 2]
		},
		"fixed": {
			"rotation": [-90, 0, 0],
			"translation": [0.25, 0, -17],
			"scale": [2.5, 2.5, 2.5]
		}
	},
	"groups": [
		{
			"name": "group",
			"origin": [8, 8, 8],
			"color": 0,
			"nbt": "{}",
			"children": [
				{
					"name": "group",
					"origin": [8, 8, 8],
					"color": 0,
					"nbt": "{}",
					"children": [0, 1]
				},
				{
					"name": "group",
					"origin": [8, 8, 8],
					"color": 0,
					"nbt": "{}",
					"children": []
				},
				{
					"name": "group",
					"origin": [8, 8, 8],
					"color": 0,
					"nbt": "{}",
					"children": [2, 3]
				},
				{
					"name": "group",
					"origin": [8, 8, 8],
					"color": 0,
					"nbt": "{}",
					"children": [4, 5]
				},
				{
					"name": "group",
					"origin": [8, 8, 8],
					"color": 0,
					"nbt": "{}",
					"children": [6, 7]
				},
				{
					"name": "group",
					"origin": [8, 8, 8],
					"color": 0,
					"nbt": "{}",
					"children": [8, 9, 10, 11]
				},
				{
					"name": "group",
					"origin": [8, 8, 8],
					"color": 0,
					"nbt": "{}",
					"children": [12, 13]
				},
				{
					"name": "group",
					"origin": [8, 8, 8],
					"color": 0,
					"nbt": "{}",
					"children": [14, 15]
				},
				{
					"name": "group",
					"origin": [8, 8, 8],
					"color": 0,
					"nbt": "{}",
					"children": [16, 17]
				},
				{
					"name": "group",
					"origin": [8, 8, 8],
					"color": 0,
					"nbt": "{}",
					"children": [18, 19, 20, 21, 22, 23]
				},
				{
					"name": "group",
					"origin": [8, 8, 8],
					"color": 0,
					"nbt": "{}",
					"children": [24, 25]
				},
				{
					"name": "chocolate",
					"origin": [8, 8, 8],
					"color": 0,
					"nbt": "{}",
					"children": [26, 27, 28, 29, 30, 31, 32, 33, 34]
				},
				{
					"name": "group",
					"origin": [8, 8, 8],
					"color": 0,
					"nbt": "{}",
					"children": [35, 36, 37, 38, 39, 40, 41, 42, 43, 44, 45, 46, 47]
				},
				48,
				49,
				50,
				51,
				52,
				53,
				54,
				55,
				56,
				57,
				58,
				59,
				60
			]
		},
		61,
		62,
		{
			"name": "group",
			"origin": [8, 8, 8],
			"color": 0,
			"nbt": "{}",
			"children": [
				63,
				64,
				65,
				{
					"name": "group",
					"origin": [8, 8, 8],
					"color": 0,
					"nbt": "{}",
					"children": [66, 67, 68]
				},
				69
			]
		}
	]
}