{
	"credit": "Made with Blockbench",
	"texture_size": [32, 32],
	"textures": {
		"0": "jeracraft:halloween/hpumpkin",
		"particle": "jeracraft:halloween/hpumpkin"
	},
	"elements": [
		{
			"from": [5, 0, 4],
			"to": [11, 1, 12],
			"faces": {
				"north": {"uv": [0, 9, 3, 9.5], "texture": "#0"},
				"east": {"uv": [8, 6.5, 12, 7], "texture": "#0"},
				"south": {"uv": [0, 9.5, 3, 10], "texture": "#0"},
				"west": {"uv": [8, 7, 12, 7.5], "texture": "#0"},
				"up": {"uv": [8, 4, 5, 0], "texture": "#0"},
				"down": {"uv": [8, 4, 5, 8], "texture": "#0"}
			}
		},
		{
			"from": [4, 0, 5],
			"to": [5, 1, 11],
			"faces": {
				"north": {"uv": [8.5, 14, 9, 14.5], "texture": "#0"},
				"east": {"uv": [0, 10, 3, 10.5], "texture": "#0"},
				"south": {"uv": [14, 8.5, 14.5, 9], "texture": "#0"},
				"west": {"uv": [0, 10.5, 3, 11], "texture": "#0"},
				"up": {"uv": [10.5, 13.5, 10, 10.5], "texture": "#0"},
				"down": {"uv": [11, 10.5, 10.5, 13.5], "texture": "#0"}
			}
		},
		{
			"from": [11, 0, 5],
			"to": [12, 1, 11],
			"faces": {
				"north": {"uv": [9, 14, 9.5, 14.5], "texture": "#0"},
				"east": {"uv": [0, 11, 3, 11.5], "texture": "#0"},
				"south": {"uv": [14, 9, 14.5, 9.5], "texture": "#0"},
				"west": {"uv": [11, 0, 14, 0.5], "texture": "#0"},
				"up": {"uv": [11.5, 3.5, 11, 0.5], "texture": "#0"},
				"down": {"uv": [3.5, 11, 3, 14], "texture": "#0"}
			}
		},
		{
			"from": [3, 1, 11],
			"to": [13, 7, 12],
			"faces": {
				"north": {"uv": [0, 0, 5, 3], "texture": "#0"},
				"east": {"uv": [3.5, 11, 4, 14], "texture": "#0"},
				"south": {"uv": [0, 3, 5, 6], "texture": "#0"},
				"west": {"uv": [4, 11, 4.5, 14], "texture": "#0"},
				"up": {"uv": [11, 8.5, 6, 8], "texture": "#0"},
				"down": {"uv": [13, 6, 8, 6.5], "texture": "#0"}
			}
		},
		{
			"from": [12, 1, 5],
			"to": [13, 7, 11],
			"faces": {
				"north": {"uv": [4.5, 11, 5, 14], "texture": "#0"},
				"east": {"uv": [0, 6, 3, 9], "texture": "#0"},
				"south": {"uv": [5, 11, 5.5, 14], "texture": "#0"},
				"west": {"uv": [8, 0, 11, 3], "texture": "#0"},
				"up": {"uv": [6, 14, 5.5, 11], "texture": "#0"},
				"down": {"uv": [6.5, 11, 6, 14], "texture": "#0"}
			}
		},
		{
			"from": [3, 1, 5],
			"to": [4, 7, 11],
			"faces": {
				"north": {"uv": [6.5, 11, 7, 14], "texture": "#0"},
				"east": {"uv": [3, 8, 6, 11], "texture": "#0"},
				"south": {"uv": [7, 11, 7.5, 14], "texture": "#0"},
				"west": {"uv": [8, 3, 11, 6], "texture": "#0"},
				"up": {"uv": [8, 14, 7.5, 11], "texture": "#0"},
				"down": {"uv": [8.5, 11, 8, 14], "texture": "#0"}
			}
		},
		{
			"from": [10, 1, 4],
			"to": [12, 2, 5],
			"faces": {
				"north": {"uv": [2, 13.5, 3, 14], "texture": "#0"},
				"east": {"uv": [9.5, 14, 10, 14.5], "texture": "#0"},
				"south": {"uv": [13.5, 7, 14.5, 7.5], "texture": "#0"},
				"west": {"uv": [14, 9.5, 14.5, 10], "texture": "#0"},
				"up": {"uv": [11, 14, 10, 13.5], "texture": "#0"},
				"down": {"uv": [14.5, 11.5, 13.5, 12], "texture": "#0"}
			}
		},
		{
			"from": [4, 1, 4],
			"to": [6, 2, 5],
			"faces": {
				"north": {"uv": [12, 13.5, 13, 14], "texture": "#0"},
				"east": {"uv": [10, 14, 10.5, 14.5], "texture": "#0"},
				"south": {"uv": [13, 13.5, 14, 14], "texture": "#0"},
				"west": {"uv": [14, 10, 14.5, 10.5], "texture": "#0"},
				"up": {"uv": [14.5, 13.5, 13.5, 13], "texture": "#0"},
				"down": {"uv": [15, 0, 14, 0.5], "texture": "#0"}
			}
		},
		{
			"from": [11, 2, 4],
			"to": [13, 3, 5],
			"faces": {
				"north": {"uv": [0.5, 14, 1.5, 14.5], "texture": "#0"},
				"east": {"uv": [10.5, 14, 11, 14.5], "texture": "#0"},
				"south": {"uv": [14, 0.5, 15, 1], "texture": "#0"},
				"west": {"uv": [14, 10.5, 14.5, 11], "texture": "#0"},
				"up": {"uv": [15, 1.5, 14, 1], "texture": "#0"},
				"down": {"uv": [2.5, 14, 1.5, 14.5], "texture": "#0"}
			}
		},
		{
			"from": [3, 2, 4],
			"to": [5, 3, 5],
			"faces": {
				"north": {"uv": [14, 1.5, 15, 2], "texture": "#0"},
				"east": {"uv": [14, 11, 14.5, 11.5], "texture": "#0"},
				"south": {"uv": [14, 2, 15, 2.5], "texture": "#0"},
				"west": {"uv": [12, 14, 12.5, 14.5], "texture": "#0"},
				"up": {"uv": [3.5, 14.5, 2.5, 14], "texture": "#0"},
				"down": {"uv": [15, 2.5, 14, 3], "texture": "#0"}
			}
		},
		{
			"from": [6, 3, 4],
			"to": [10, 4, 5],
			"faces": {
				"north": {"uv": [3, 6, 5, 6.5], "texture": "#0"},
				"east": {"uv": [14, 12, 14.5, 12.5], "texture": "#0"},
				"south": {"uv": [3, 6.5, 5, 7], "texture": "#0"},
				"west": {"uv": [12.5, 14, 13, 14.5], "texture": "#0"},
				"up": {"uv": [5, 7.5, 3, 7], "texture": "#0"},
				"down": {"uv": [5, 7.5, 3, 8], "texture": "#0"}
			}
		},
		{
			"from": [8.5, 4, 4],
			"to": [13, 5, 5],
			"faces": {
				"north": {"uv": [0.5, 11.5, 3, 12], "texture": "#0"},
				"east": {"uv": [14, 12.5, 14.5, 13], "texture": "#0"},
				"south": {"uv": [11.5, 0.5, 14, 1], "texture": "#0"},
				"west": {"uv": [13, 14, 13.5, 14.5], "texture": "#0"},
				"up": {"uv": [14, 1.5, 11.5, 1], "texture": "#0"},
				"down": {"uv": [14, 1.5, 11.5, 2], "texture": "#0"}
			}
		},
		{
			"from": [3, 3, 4],
			"to": [4, 4, 5],
			"faces": {
				"north": {"uv": [13.5, 14, 14, 14.5], "texture": "#0"},
				"east": {"uv": [14, 13.5, 14.5, 14], "texture": "#0"},
				"south": {"uv": [14, 14, 14.5, 14.5], "texture": "#0"},
				"west": {"uv": [0, 14.5, 0.5, 15], "texture": "#0"},
				"up": {"uv": [1, 15, 0.5, 14.5], "texture": "#0"},
				"down": {"uv": [1.5, 14.5, 1, 15], "texture": "#0"}
			}
		},
		{
			"from": [12, 3, 4],
			"to": [13, 4, 5],
			"faces": {
				"north": {"uv": [1.5, 14.5, 2, 15], "texture": "#0"},
				"east": {"uv": [2, 14.5, 2.5, 15], "texture": "#0"},
				"south": {"uv": [2.5, 14.5, 3, 15], "texture": "#0"},
				"west": {"uv": [3, 14.5, 3.5, 15], "texture": "#0"},
				"up": {"uv": [15, 3.5, 14.5, 3], "texture": "#0"},
				"down": {"uv": [15, 3.5, 14.5, 4], "texture": "#0"}
			}
		},
		{
			"from": [8.5, 2, 4],
			"to": [9.5, 3, 5],
			"faces": {
				"north": {"uv": [4, 14.5, 4.5, 15], "texture": "#0"},
				"east": {"uv": [4.5, 14.5, 5, 15], "texture": "#0"},
				"south": {"uv": [14.5, 4.5, 15, 5], "texture": "#0"},
				"west": {"uv": [14.5, 5, 15, 5.5], "texture": "#0"},
				"up": {"uv": [6, 15, 5.5, 14.5], "texture": "#0"},
				"down": {"uv": [6.5, 14.5, 6, 15], "texture": "#0"}
			}
		},
		{
			"from": [7, 1, 4],
			"to": [8, 2, 5],
			"faces": {
				"north": {"uv": [6.5, 14.5, 7, 15], "texture": "#0"},
				"east": {"uv": [7, 14.5, 7.5, 15], "texture": "#0"},
				"south": {"uv": [14.5, 7, 15, 7.5], "texture": "#0"},
				"west": {"uv": [7.5, 14.5, 8, 15], "texture": "#0"},
				"up": {"uv": [8.5, 15, 8, 14.5], "texture": "#0"},
				"down": {"uv": [9, 14.5, 8.5, 15], "texture": "#0"}
			}
		},
		{
			"from": [11, 5, 4],
			"to": [13, 7, 5],
			"faces": {
				"north": {"uv": [0.5, 12, 1.5, 13], "texture": "#0"},
				"east": {"uv": [14, 3, 14.5, 4], "texture": "#0"},
				"south": {"uv": [1.5, 12, 2.5, 13], "texture": "#0"},
				"west": {"uv": [3.5, 14, 4, 15], "texture": "#0"},
				"up": {"uv": [5, 14.5, 4, 14], "texture": "#0"},
				"down": {"uv": [15, 4, 14, 4.5], "texture": "#0"}
			}
		},
		{
			"from": [3, 5, 4],
			"to": [5, 7, 5],
			"faces": {
				"north": {"uv": [12, 6.5, 13, 7.5], "texture": "#0"},
				"east": {"uv": [14, 4.5, 14.5, 5.5], "texture": "#0"},
				"south": {"uv": [11, 12, 12, 13], "texture": "#0"},
				"west": {"uv": [5, 14, 5.5, 15], "texture": "#0"},
				"up": {"uv": [6.5, 14.5, 5.5, 14], "texture": "#0"},
				"down": {"uv": [15, 5.5, 14, 6], "texture": "#0"}
			}
		},
		{
			"from": [4, 7, 4],
			"to": [12, 8, 5],
			"faces": {
				"north": {"uv": [8, 7.5, 12, 8], "texture": "#0"},
				"east": {"uv": [14.5, 8.5, 15, 9], "texture": "#0"},
				"south": {"uv": [6, 8.5, 10, 9], "texture": "#0"},
				"west": {"uv": [9, 14.5, 9.5, 15], "texture": "#0"},
				"up": {"uv": [10, 9.5, 6, 9], "texture": "#0"},
				"down": {"uv": [10, 9.5, 6, 10], "texture": "#0"}
			}
		},
		{
			"from": [5, 8, 4],
			"to": [11, 9, 5],
			"faces": {
				"north": {"uv": [11, 3.5, 14, 4], "texture": "#0"},
				"east": {"uv": [14.5, 9, 15, 9.5], "texture": "#0"},
				"south": {"uv": [11, 4, 14, 4.5], "texture": "#0"},
				"west": {"uv": [9.5, 14.5, 10, 15], "texture": "#0"},
				"up": {"uv": [14, 5, 11, 4.5], "texture": "#0"},
				"down": {"uv": [14, 5, 11, 5.5], "texture": "#0"}
			}
		},
		{
			"from": [6, 6, 4],
			"to": [10, 7, 5],
			"faces": {
				"north": {"uv": [12, 7.5, 14, 8], "texture": "#0"},
				"east": {"uv": [14.5, 9.5, 15, 10], "texture": "#0"},
				"south": {"uv": [12, 12, 14, 12.5], "texture": "#0"},
				"west": {"uv": [10, 14.5, 10.5, 15], "texture": "#0"},
				"up": {"uv": [14, 13, 12, 12.5], "texture": "#0"},
				"down": {"uv": [2.5, 13, 0.5, 13.5], "texture": "#0"}
			}
		},
		{
			"from": [7, 5, 4],
			"to": [9, 6, 5],
			"faces": {
				"north": {"uv": [6.5, 14, 7.5, 14.5], "texture": "#0"},
				"east": {"uv": [14.5, 10, 15, 10.5], "texture": "#0"},
				"south": {"uv": [7.5, 14, 8.5, 14.5], "texture": "#0"},
				"west": {"uv": [10.5, 14.5, 11, 15], "texture": "#0"},
				"up": {"uv": [15, 8, 14, 7.5], "texture": "#0"},
				"down": {"uv": [15, 8, 14, 8.5], "texture": "#0"}
			}
		},
		{
			"from": [4, 7, 11],
			"to": [12, 8, 12],
			"faces": {
				"north": {"uv": [6, 10, 10, 10.5], "texture": "#0"},
				"east": {"uv": [14.5, 10.5, 15, 11], "texture": "#0"},
				"south": {"uv": [10, 8.5, 14, 9], "texture": "#0"},
				"west": {"uv": [11, 14.5, 11.5, 15], "texture": "#0"},
				"up": {"uv": [14, 9.5, 10, 9], "texture": "#0"},
				"down": {"uv": [14, 9.5, 10, 10], "texture": "#0"}
			}
		},
		{
			"from": [3, 7, 5],
			"to": [4, 8, 11],
			"faces": {
				"north": {"uv": [14.5, 11, 15, 11.5], "texture": "#0"},
				"east": {"uv": [11, 5.5, 14, 6], "texture": "#0"},
				"south": {"uv": [11.5, 14.5, 12, 15], "texture": "#0"},
				"west": {"uv": [11, 8, 14, 8.5], "texture": "#0"},
				"up": {"uv": [9, 14, 8.5, 11], "texture": "#0"},
				"down": {"uv": [9.5, 11, 9, 14], "texture": "#0"}
			}
		},
		{
			"from": [12, 7, 5],
			"to": [13, 8, 11],
			"faces": {
				"north": {"uv": [14.5, 11.5, 15, 12], "texture": "#0"},
				"east": {"uv": [11, 10.5, 14, 11], "texture": "#0"},
				"south": {"uv": [12, 14.5, 12.5, 15], "texture": "#0"},
				"west": {"uv": [11, 11, 14, 11.5], "texture": "#0"},
				"up": {"uv": [10, 14, 9.5, 11], "texture": "#0"},
				"down": {"uv": [0.5, 11.5, 0, 14.5], "texture": "#0"}
			}
		},
		{
			"from": [12, 8, 7.5],
			"to": [12, 11, 8.5],
			"faces": {
				"north": {"uv": [0, 0, 0, 1.5], "texture": "#0"},
				"east": {"uv": [2.5, 12, 3, 13.5], "texture": "#0"},
				"south": {"uv": [0, 0, 0, 1.5], "texture": "#0"},
				"west": {"uv": [13, 6, 13.5, 7.5], "texture": "#0"},
				"up": {"uv": [0, 0.5, 0, 0], "texture": "#0"},
				"down": {"uv": [0, 0, 0, 0.5], "texture": "#0"}
			}
		},
		{
			"from": [4, 8, 7.5],
			"to": [4, 11, 8.5],
			"faces": {
				"north": {"uv": [0, 0, 0, 1.5], "texture": "#0"},
				"east": {"uv": [11, 13, 11.5, 14.5], "texture": "#0"},
				"south": {"uv": [0, 0, 0, 1.5], "texture": "#0"},
				"west": {"uv": [11.5, 13, 12, 14.5], "texture": "#0"},
				"up": {"uv": [0, 0.5, 0, 0], "texture": "#0"},
				"down": {"uv": [0, 0, 0, 0.5], "texture": "#0"}
			}
		},
		{
			"from": [3, 4, 4],
			"to": [7.5, 5, 5],
			"faces": {
				"north": {"uv": [11.5, 2, 14, 2.5], "texture": "#0"},
				"east": {"uv": [14.5, 12, 15, 12.5], "texture": "#0"},
				"south": {"uv": [11.5, 2.5, 14, 3], "texture": "#0"},
				"west": {"uv": [12.5, 14.5, 13, 15], "texture": "#0"},
				"up": {"uv": [14, 3.5, 11.5, 3], "texture": "#0"},
				"down": {"uv": [13.5, 11.5, 11, 12], "texture": "#0"}
			}
		},
		{
			"from": [12, 10, 8.5],
			"to": [12, 11, 11.5],
			"faces": {
				"north": {"uv": [0, 0, 0, 0.5], "texture": "#0"},
				"east": {"uv": [12, 13, 13.5, 13.5], "texture": "#0"},
				"south": {"uv": [0, 0, 0, 0.5], "texture": "#0"},
				"west": {"uv": [0.5, 13.5, 2, 14], "texture": "#0"},
				"up": {"uv": [0, 1.5, 0, 0], "texture": "#0"},
				"down": {"uv": [0, 0, 0, 1.5], "texture": "#0"}
			}
		},
		{
			"from": [4, 10, 8.5],
			"to": [4, 11, 11.5],
			"faces": {
				"north": {"uv": [0, 0, 0, 0.5], "texture": "#0"},
				"east": {"uv": [13.5, 6, 15, 6.5], "texture": "#0"},
				"south": {"uv": [0, 0, 0, 0.5], "texture": "#0"},
				"west": {"uv": [13.5, 6.5, 15, 7], "texture": "#0"},
				"up": {"uv": [0, 1.5, 0, 0], "texture": "#0"},
				"down": {"uv": [0, 0, 0, 1.5], "texture": "#0"}
			}
		},
		{
			"from": [4, 10, 11.5],
			"to": [12, 11, 11.5],
			"faces": {
				"north": {"uv": [10, 10, 14, 10.5], "texture": "#0"},
				"east": {"uv": [0, 0, 0, 0.5], "texture": "#0"},
				"south": {"uv": [6, 10.5, 10, 11], "texture": "#0"},
				"west": {"uv": [0, 0, 0, 0.5], "texture": "#0"},
				"up": {"uv": [4, 0, 0, 0], "texture": "#0"},
				"down": {"uv": [4, 0, 0, 0], "texture": "#0"}
			}
		}
	],
	"display": {
		"thirdperson_righthand": {
			"rotation": [73, 0, 0],
			"translation": [0, 1, -1.75]
		},
		"thirdperson_lefthand": {
			"rotation": [73, 0, 0],
			"translation": [0, 1, -1.75]
		},
		"firstperson_righthand": {
			"rotation": [155.68, 56.81, -159.3],
			"translation": [4, 4.5, -1.75]
		},
		"firstperson_lefthand": {
			"rotation": [155.68, 56.81, -159.3],
			"translation": [4, 4.5, -1.75]
		},
		"ground": {
			"rotation": [155.68, 56.81, -159.3],
			"translation": [0.5, 0.75, -0.25],
			"scale": [0.5, 0.5, 0.5]
		},
		"gui": {
			"rotation": [-180, 2.25, -180],
			"translation": [0.25, 3.5, 0],
			"scale": [1.31, 1.31, 1.31]
		},
		"head": {
			"translation": [0, 14.75, 0]
		},
		"fixed": {
			"rotation": [-90, 0, 0],
			"translation": [0, 0, -19.5],
			"scale": [2.4, 2.4, 2.4]
		}
	},
	"groups": [
		{
			"name": "group",
			"origin": [8, 8, 8],
			"color": 0,
			"nbt": "{}",
			"children": [0, 1, 2, 3, 4, 5, 6, 7, 8, 9, 10, 11, 12, 13, 14, 15, 16, 17, 18, 19, 20, 21, 22, 23, 24, 25, 26, 27, 28, 29, 30]
		}
	]
}