{
	"credit": "Made with Blockbench",
	"texture_size": [32, 32],
	"textures": {
		"1": "jeracraft:christmas/cappu",
		"2": "jeracraft:christmas/cup",
		"3": "jeracraft:christmas/smoke",
		"particle": "jeracraft:christmas/cup"
	},
	"elements": [
		{
			"from": [10, 0, 7],
			"to": [13, 4, 11],
			"faces": {
				"north": {"uv": [4.5, 0, 6, 2], "texture": "#2"},
				"east": {"uv": [0, 0, 2, 2], "texture": "#2"},
				"south": {"uv": [4.5, 2, 6, 4], "texture": "#2"},
				"west": {"uv": [0, 2, 2, 4], "texture": "#2"},
				"up": {"uv": [4, 6.5, 2.5, 4.5], "texture": "#2"},
				"down": {"uv": [5.5, 4.5, 4, 6.5], "texture": "#2"}
			}
		},
		{
			"from": [13, 0, 8],
			"to": [14, 1, 11],
			"faces": {
				"north": {"uv": [1.5, 4, 2, 4.5], "texture": "#2"},
				"east": {"uv": [0, 4, 1.5, 4.5], "texture": "#2"},
				"south": {"uv": [4.5, 4, 5, 4.5], "texture": "#2"},
				"west": {"uv": [7, 5, 8.5, 5.5], "texture": "#2"},
				"up": {"uv": [8, 7, 7.5, 5.5], "texture": "#2"},
				"down": {"uv": [8, 7, 7.5, 8.5], "texture": "#2"}
			}
		},
		{
			"from": [9, 0, 8],
			"to": [10, 1, 11],
			"faces": {
				"north": {"uv": [5, 4, 5.5, 4.5], "texture": "#2"},
				"east": {"uv": [0, 8, 1.5, 8.5], "texture": "#2"},
				"south": {"uv": [1.5, 6, 2, 6.5], "texture": "#2"},
				"west": {"uv": [8, 5.5, 9.5, 6], "texture": "#2"},
				"up": {"uv": [8.5, 7.5, 8, 6], "texture": "#2"},
				"down": {"uv": [8.5, 7.5, 8, 9], "texture": "#2"}
			}
		},
		{
			"from": [10, 0, 11],
			"to": [13, 4, 12],
			"faces": {
				"north": {"uv": [5.5, 4, 7, 6], "texture": "#2"},
				"east": {"uv": [2.5, 7.5, 3, 9.5], "texture": "#2"},
				"south": {"uv": [0, 6, 1.5, 8], "texture": "#2"},
				"west": {"uv": [3, 7.5, 3.5, 9.5], "texture": "#2"},
				"up": {"uv": [1.5, 9, 0, 8.5], "texture": "#2"},
				"down": {"uv": [10, 0, 8.5, 0.5], "texture": "#2"}
			}
		},
		{
			"from": [9, 1, 7],
			"to": [10, 4, 12],
			"faces": {
				"north": {"uv": [8.5, 0.5, 9, 2], "texture": "#2"},
				"east": {"uv": [2, 0, 4.5, 1.5], "texture": "#2"},
				"south": {"uv": [8.5, 2, 9, 3.5], "texture": "#2"},
				"west": {"uv": [2, 1.5, 4.5, 3], "texture": "#2"},
				"up": {"uv": [6, 9.5, 5.5, 7], "texture": "#2"},
				"down": {"uv": [6.5, 7, 6, 9.5], "texture": "#2"}
			}
		},
		{
			"from": [9, 4, 7],
			"to": [9.7, 6, 12],
			"faces": {
				"north": {"uv": [1, 9, 1.25, 10], "texture": "#2"},
				"east": {"uv": [6, 0, 8.5, 1], "texture": "#2"},
				"south": {"uv": [9, 2.5, 9.25, 3.5], "texture": "#2"},
				"west": {"uv": [6, 1, 8.5, 2], "texture": "#2"},
				"up": {"uv": [8.75, 10, 8.5, 7.5], "texture": "#2"},
				"down": {"uv": [0.25, 9, 0, 11.5], "texture": "#2"}
			}
		},
		{
			"from": [9.7, 4, 7],
			"to": [13.2, 6, 7.7],
			"faces": {
				"north": {"uv": [5.5, 6, 7.25, 7], "texture": "#2"},
				"east": {"uv": [9, 4, 9.25, 5], "texture": "#2"},
				"south": {"uv": [1.5, 6.5, 3.25, 7.5], "texture": "#2"},
				"west": {"uv": [9, 6, 9.25, 7], "texture": "#2"},
				"up": {"uv": [10.25, 3.75, 8.5, 3.5], "texture": "#2"},
				"down": {"uv": [10.25, 5, 8.5, 5.25], "texture": "#2"}
			}
		},
		{
			"from": [9.7, 4, 11.3],
			"to": [13.2, 6, 12],
			"faces": {
				"north": {"uv": [3.5, 6.5, 5.25, 7.5], "texture": "#2"},
				"east": {"uv": [9, 7, 9.25, 8], "texture": "#2"},
				"south": {"uv": [7, 4, 8.75, 5], "texture": "#2"},
				"west": {"uv": [8, 9, 8.25, 10], "texture": "#2"},
				"up": {"uv": [10.75, 1.75, 9, 1.5], "texture": "#2"},
				"down": {"uv": [10.75, 2, 9, 2.25], "texture": "#2"}
			}
		},
		{
			"from": [13, 1, 7],
			"to": [14, 4, 12],
			"faces": {
				"north": {"uv": [8.5, 6, 9, 7.5], "texture": "#2"},
				"east": {"uv": [2, 3, 4.5, 4.5], "texture": "#2"},
				"south": {"uv": [7.5, 8.5, 8, 10], "texture": "#2"},
				"west": {"uv": [0, 4.5, 2.5, 6], "texture": "#2"},
				"up": {"uv": [7, 9.5, 6.5, 7], "texture": "#2"},
				"down": {"uv": [7.5, 7, 7, 9.5], "texture": "#2"}
			}
		},
		{
			"from": [13.2, 4, 7],
			"to": [14, 6, 12],
			"faces": {
				"north": {"uv": [0.5, 9, 1, 10], "texture": "#2"},
				"east": {"uv": [6, 2, 8.5, 3], "texture": "#2"},
				"south": {"uv": [9, 0.5, 9.5, 1.5], "texture": "#2"},
				"west": {"uv": [6, 3, 8.5, 4], "texture": "#2"},
				"up": {"uv": [2, 10, 1.5, 7.5], "texture": "#2"},
				"down": {"uv": [2.5, 7.5, 2, 10], "texture": "#2"}
			}
		},
		{
			"from": [7, 1.5, 9],
			"to": [8, 5.5, 10],
			"faces": {
				"north": {"uv": [3.5, 7.5, 4, 9.5], "texture": "#2"},
				"east": {"uv": [4, 7.5, 4.5, 9.5], "texture": "#2"},
				"south": {"uv": [4.5, 7.5, 5, 9.5], "texture": "#2"},
				"west": {"uv": [5, 7.5, 5.5, 9.5], "texture": "#2"},
				"up": {"uv": [2.5, 6.5, 2, 6], "texture": "#2"},
				"down": {"uv": [7.5, 5.5, 7, 6], "texture": "#2"}
			}
		},
		{
			"from": [8, 4.5, 9],
			"to": [9, 5.5, 10],
			"faces": {
				"north": {"uv": [9, 8, 9.5, 8.5], "texture": "#2"},
				"east": {"uv": [9, 8.5, 9.5, 9], "texture": "#2"},
				"south": {"uv": [9, 9, 9.5, 9.5], "texture": "#2"},
				"west": {"uv": [9.5, 0.5, 10, 1], "texture": "#2"},
				"up": {"uv": [10, 1.5, 9.5, 1], "texture": "#2"},
				"down": {"uv": [3, 9.5, 2.5, 10], "texture": "#2"}
			}
		},
		{
			"from": [8, 0.5, 9],
			"to": [9, 1.5, 10],
			"faces": {
				"north": {"uv": [9.5, 2.5, 10, 3], "texture": "#2"},
				"east": {"uv": [3, 9.5, 3.5, 10], "texture": "#2"},
				"south": {"uv": [9.5, 3, 10, 3.5], "texture": "#2"},
				"west": {"uv": [3.5, 9.5, 4, 10], "texture": "#2"},
				"up": {"uv": [4.5, 10, 4, 9.5], "texture": "#2"},
				"down": {"uv": [10, 4, 9.5, 4.5], "texture": "#2"}
			}
		},
		{
			"from": [9.7, 5.4, 7.7],
			"to": [13.2, 5.4, 11.3],
			"faces": {
				"north": {"uv": [0, 0, 7, 0], "texture": "#1"},
				"east": {"uv": [0, 0, 7, 0], "texture": "#1"},
				"south": {"uv": [0, 0, 7, 0], "texture": "#1"},
				"west": {"uv": [0, 0, 7, 0], "texture": "#1"},
				"up": {"uv": [7, 7, 0, 0], "texture": "#1"},
				"down": {"uv": [7, 8, 0, 15], "texture": "#1"}
			}
		},
		{
			"from": [8, 5.5, 9.5],
			"to": [15, 12.5, 9.5],
			"faces": {
				"north": {"uv": [0, 0, 16, 16], "texture": "#3"},
				"east": {"uv": [0, 0, 0, 1], "texture": "#3"},
				"south": {"uv": [16, 0, 0, 16], "texture": "#3"},
				"west": {"uv": [0, 0, 0, 1], "texture": "#3"},
				"up": {"uv": [0, 0, 1, 0], "texture": "#3"},
				"down": {"uv": [0, 0, 1, 0], "texture": "#3"}
			}
		}
	],
	"display": {
		"gui": {
			"translation": [-2.75, 2.25, 0]
		},
		"head": {
			"scale": [2, 2, 2]
		},
		"fixed": {
			"rotation": [-90, 0, 0],
			"translation": [0, 0, -16],
			"scale": [2, 2, 2]
		}
	},
	"groups": [
		{
			"name": "group",
			"origin": [8, 8, 8],
			"color": 0,
			"nbt": "{}",
			"children": [0, 1, 2, 3, 4, 5, 6, 7, 8, 9, 10, 11, 12]
		},
		13,
		14
	]
}