{
	"credit": "Made with Blockbench",
	"texture_size": [32, 32],
	"textures": {
		"0": "jeracraft:christmas/cks",
		"particle": "jeracraft:christmas/cks"
	},
	"elements": [
		{
			"from": [5, 0.2, 11],
			"to": [11, 0.5, 12],
			"faces": {
				"north": {"uv": [9, 11.5, 12, 11.75], "texture": "#0"},
				"east": {"uv": [14, 6, 14.5, 6.25], "texture": "#0"},
				"south": {"uv": [0, 12, 3, 12.25], "texture": "#0"},
				"west": {"uv": [6.5, 14, 7, 14.25], "texture": "#0"},
				"up": {"uv": [12, 7, 9, 6.5], "texture": "#0"},
				"down": {"uv": [12, 8, 9, 8.5], "texture": "#0"}
			}
		},
		{
			"from": [4, 0.2, 5],
			"to": [12, 0.6, 11],
			"faces": {
				"north": {"uv": [9, 8.5, 13, 8.75], "texture": "#0"},
				"east": {"uv": [0, 9.5, 3, 9.75], "texture": "#0"},
				"south": {"uv": [9, 9, 13, 9.25], "texture": "#0"},
				"west": {"uv": [9.5, 0, 12.5, 0.25], "texture": "#0"},
				"up": {"uv": [8, 3, 4, 0], "texture": "#0"},
				"down": {"uv": [8, 3, 4, 6], "texture": "#0"}
			}
		},
		{
			"from": [4.07157, 0.2, 10.28629],
			"to": [4.77157, 0.5, 11.78629],
			"rotation": {"angle": 45, "axis": "y", "origin": [0.17157, 0, -0.31371]},
			"faces": {
				"north": {"uv": [14, 6.5, 14.25, 6.75], "texture": "#0"},
				"east": {"uv": [13, 12.5, 13.75, 12.75], "texture": "#0"},
				"south": {"uv": [7, 14, 7.25, 14.25], "texture": "#0"},
				"west": {"uv": [13, 13, 13.75, 13.25], "texture": "#0"},
				"up": {"uv": [0.25, 14.25, 0, 13.5], "texture": "#0"},
				"down": {"uv": [0.75, 13.5, 0.5, 14.25], "texture": "#0"}
			}
		},
		{
			"from": [15.27918, 0.2, 0.0934],
			"to": [16.27918, 0.6, 1.4934],
			"rotation": {"angle": -45, "axis": "y", "origin": [0.97918, 0, 0.3934]},
			"faces": {
				"north": {"uv": [7, 12.5, 7.5, 12.75], "texture": "#0"},
				"east": {"uv": [3, 12.5, 3.75, 12.75], "texture": "#0"},
				"south": {"uv": [13.5, 6, 14, 6.25], "texture": "#0"},
				"west": {"uv": [12, 13, 12.75, 13.25], "texture": "#0"},
				"up": {"uv": [7.5, 12.25, 7, 11.5], "texture": "#0"},
				"down": {"uv": [4.5, 12, 4, 12.75], "texture": "#0"}
			}
		},
		{
			"from": [6.37918, 0.2, -0.0066],
			"to": [8.07918, 0.5, 1.5934],
			"rotation": {"angle": -45, "axis": "y", "origin": [0.97918, 0, 0.3934]},
			"faces": {
				"north": {"uv": [3, 13.5, 3.75, 13.75], "texture": "#0"},
				"east": {"uv": [4, 13.5, 4.75, 13.75], "texture": "#0"},
				"south": {"uv": [5, 13.5, 5.75, 13.75], "texture": "#0"},
				"west": {"uv": [6, 13.5, 6.75, 13.75], "texture": "#0"},
				"up": {"uv": [12.75, 4.75, 12, 4], "texture": "#0"},
				"down": {"uv": [12.75, 5, 12, 5.75], "texture": "#0"}
			}
		},
		{
			"from": [5, 0.2, 4],
			"to": [11, 0.6, 5],
			"faces": {
				"north": {"uv": [11.5, 7, 14.5, 7.25], "texture": "#0"},
				"east": {"uv": [5.5, 14, 6, 14.25], "texture": "#0"},
				"south": {"uv": [11.5, 7.5, 14.5, 7.75], "texture": "#0"},
				"west": {"uv": [6, 14, 6.5, 14.25], "texture": "#0"},
				"up": {"uv": [12, 6, 9, 5.5], "texture": "#0"},
				"down": {"uv": [12, 6, 9, 6.5], "texture": "#0"}
			}
		},
		{
			"from": [-5.12843, 0.2, 10.38629],
			"to": [-4.12843, 0.6, 11.88629],
			"rotation": {"angle": 45, "axis": "y", "origin": [0.17157, 0, -0.31371]},
			"faces": {
				"north": {"uv": [13.5, 6.5, 14, 6.75], "texture": "#0"},
				"east": {"uv": [1, 13.5, 1.75, 13.75], "texture": "#0"},
				"south": {"uv": [7, 13.5, 7.5, 13.75], "texture": "#0"},
				"west": {"uv": [2, 13.5, 2.75, 13.75], "texture": "#0"},
				"up": {"uv": [8, 12.75, 7.5, 12], "texture": "#0"},
				"down": {"uv": [8.5, 12, 8, 12.75], "texture": "#0"}
			}
		},
		{
			"from": [8.4, 0.7, 5.4],
			"to": [11.4, 1.2, 8.4],
			"faces": {
				"north": {"uv": [12, 6, 13.5, 6.25], "texture": "#0"},
				"east": {"uv": [12, 6.5, 13.5, 6.75], "texture": "#0"},
				"south": {"uv": [12, 8, 13.5, 8.25], "texture": "#0"},
				"west": {"uv": [9, 12, 10.5, 12.25], "texture": "#0"},
				"up": {"uv": [5.5, 7.5, 4, 6], "texture": "#0"},
				"down": {"uv": [7, 6, 5.5, 7.5], "texture": "#0"}
			}
		},
		{
			"from": [11.6, 0.7, 4.3],
			"to": [14.2, 1.2, 6.9],
			"rotation": {"angle": -22.5, "axis": "y", "origin": [0, 0, 0]},
			"faces": {
				"north": {"uv": [13, 10, 14.25, 10.25], "texture": "#0"},
				"east": {"uv": [10.5, 13, 11.75, 13.25], "texture": "#0"},
				"south": {"uv": [13, 10.5, 14.25, 10.75], "texture": "#0"},
				"west": {"uv": [13, 11, 14.25, 11.25], "texture": "#0"},
				"up": {"uv": [2.75, 9.25, 1.5, 8], "texture": "#0"},
				"down": {"uv": [9.25, 1.5, 8, 2.75], "texture": "#0"}
			}
		},
		{
			"from": [5, 0.7, 7.9],
			"to": [8, 1.2, 10.9],
			"faces": {
				"north": {"uv": [0, 12.5, 1.5, 12.75], "texture": "#0"},
				"east": {"uv": [12.5, 0, 14, 0.25], "texture": "#0"},
				"south": {"uv": [12.5, 0.5, 14, 0.75], "texture": "#0"},
				"west": {"uv": [12.5, 1, 14, 1.25], "texture": "#0"},
				"up": {"uv": [7, 9, 5.5, 7.5], "texture": "#0"},
				"down": {"uv": [8.5, 7.5, 7, 9], "texture": "#0"}
			}
		},
		{
			"from": [4.9, 0.7, 6.4],
			"to": [5.5, 1, 6.9],
			"faces": {
				"north": {"uv": [7.5, 14, 7.75, 14.25], "texture": "#0"},
				"east": {"uv": [8, 14, 8.25, 14.25], "texture": "#0"},
				"south": {"uv": [14, 8, 14.25, 8.25], "texture": "#0"},
				"west": {"uv": [8.5, 14, 8.75, 14.25], "texture": "#0"},
				"up": {"uv": [9.25, 14.25, 9, 14], "texture": "#0"},
				"down": {"uv": [9.75, 14, 9.5, 14.25], "texture": "#0"}
			}
		},
		{
			"from": [4.3, 0.7, 5.9],
			"to": [4.6, 1, 6.2],
			"faces": {
				"north": {"uv": [13.5, 14, 13.75, 14.25], "texture": "#0"},
				"east": {"uv": [14, 13.5, 14.25, 13.75], "texture": "#0"},
				"south": {"uv": [14, 14, 14.25, 14.25], "texture": "#0"},
				"west": {"uv": [0, 14.5, 0.25, 14.75], "texture": "#0"},
				"up": {"uv": [14.75, 0.25, 14.5, 0], "texture": "#0"},
				"down": {"uv": [0.75, 14.5, 0.5, 14.75], "texture": "#0"}
			}
		},
		{
			"from": [4.5, 0.7, 5],
			"to": [5.1, 1, 5.6],
			"faces": {
				"north": {"uv": [14, 9.5, 14.25, 9.75], "texture": "#0"},
				"east": {"uv": [10, 14, 10.25, 14.25], "texture": "#0"},
				"south": {"uv": [10.5, 14, 10.75, 14.25], "texture": "#0"},
				"west": {"uv": [11, 14, 11.25, 14.25], "texture": "#0"},
				"up": {"uv": [11.75, 14.25, 11.5, 14], "texture": "#0"},
				"down": {"uv": [14.25, 11.5, 14, 11.75], "texture": "#0"}
			}
		},
		{
			"from": [1, 1.3, 10],
			"to": [4, 1.8, 13],
			"rotation": {"angle": 22.5, "axis": "y", "origin": [0, 0, 0]},
			"faces": {
				"north": {"uv": [1.5, 12.5, 3, 12.75], "texture": "#0"},
				"east": {"uv": [12.5, 1.5, 14, 1.75], "texture": "#0"},
				"south": {"uv": [12.5, 2, 14, 2.25], "texture": "#0"},
				"west": {"uv": [12.5, 2.5, 14, 2.75], "texture": "#0"},
				"up": {"uv": [1.5, 9.5, 0, 8], "texture": "#0"},
				"down": {"uv": [9.5, 0, 8, 1.5], "texture": "#0"}
			}
		},
		{
			"from": [5.8, -2, 4.4],
			"to": [8.8, -1.5, 7.4],
			"rotation": {"angle": 22.5, "axis": "z", "origin": [0, 0, 0]},
			"faces": {
				"north": {"uv": [12, 9.5, 13.5, 9.75], "texture": "#0"},
				"east": {"uv": [10.5, 12, 12, 12.25], "texture": "#0"},
				"south": {"uv": [12, 11.5, 13.5, 11.75], "texture": "#0"},
				"west": {"uv": [12, 12, 13.5, 12.25], "texture": "#0"},
				"up": {"uv": [8.5, 7.5, 7, 6], "texture": "#0"},
				"down": {"uv": [5.5, 7.5, 4, 9], "texture": "#0"}
			}
		},
		{
			"from": [4, 0.6, 4],
			"to": [12, 0.6, 12],
			"rotation": {"angle": 0, "axis": "y", "origin": [0, 0.3, 0]},
			"faces": {
				"north": {"uv": [0, 0, 4, 0], "texture": "#0"},
				"east": {"uv": [0, 0, 4, 0], "texture": "#0"},
				"south": {"uv": [0, 0, 4, 0], "texture": "#0"},
				"west": {"uv": [0, 0, 4, 0], "texture": "#0"},
				"up": {"uv": [4, 4, 0, 0], "texture": "#0"},
				"down": {"uv": [4, 4, 0, 8], "texture": "#0"}
			}
		},
		{
			"from": [3, 0.5, 5],
			"to": [4, 1.1, 11],
			"rotation": {"angle": 0, "axis": "y", "origin": [0, 0.3, 0]},
			"faces": {
				"north": {"uv": [13.5, 13.5, 14, 13.75], "texture": "#0"},
				"east": {"uv": [10, 10, 13, 10.25], "texture": "#0"},
				"south": {"uv": [14, 0, 14.5, 0.25], "texture": "#0"},
				"west": {"uv": [0, 10.5, 3, 10.75], "texture": "#0"},
				"up": {"uv": [9, 11, 8.5, 8], "texture": "#0"},
				"down": {"uv": [4.5, 9, 4, 12], "texture": "#0"}
			}
		},
		{
			"from": [5, 0.5, 12],
			"to": [11, 1.1, 13],
			"rotation": {"angle": 0, "axis": "y", "origin": [0, 0.3, 0]},
			"faces": {
				"north": {"uv": [10, 10.5, 13, 10.75], "texture": "#0"},
				"east": {"uv": [14, 0.5, 14.5, 0.75], "texture": "#0"},
				"south": {"uv": [0, 11, 3, 11.25], "texture": "#0"},
				"west": {"uv": [1, 14, 1.5, 14.25], "texture": "#0"},
				"up": {"uv": [12, 4.5, 9, 4], "texture": "#0"},
				"down": {"uv": [7.5, 9, 4.5, 9.5], "texture": "#0"}
			}
		},
		{
			"from": [12, 0.5, 5],
			"to": [13, 1.1, 11],
			"rotation": {"angle": 0, "axis": "y", "origin": [0, 0.3, 0]},
			"faces": {
				"north": {"uv": [14, 1, 14.5, 1.25], "texture": "#0"},
				"east": {"uv": [10, 11, 13, 11.25], "texture": "#0"},
				"south": {"uv": [1.5, 14, 2, 14.25], "texture": "#0"},
				"west": {"uv": [0, 11.5, 3, 11.75], "texture": "#0"},
				"up": {"uv": [8, 12, 7.5, 9], "texture": "#0"},
				"down": {"uv": [8.5, 9, 8, 12], "texture": "#0"}
			}
		},
		{
			"from": [5, 0.5, 3],
			"to": [11, 1.1, 4],
			"rotation": {"angle": 0, "axis": "y", "origin": [0, 0.3, 0]},
			"faces": {
				"north": {"uv": [11.5, 3, 14.5, 3.25], "texture": "#0"},
				"east": {"uv": [14, 1.5, 14.5, 1.75], "texture": "#0"},
				"south": {"uv": [11.5, 3.5, 14.5, 3.75], "texture": "#0"},
				"west": {"uv": [2, 14, 2.5, 14.25], "texture": "#0"},
				"up": {"uv": [12, 5, 9, 4.5], "texture": "#0"},
				"down": {"uv": [12, 5, 9, 5.5], "texture": "#0"}
			}
		},
		{
			"from": [15.97918, 0.5, -0.6066],
			"to": [16.97918, 1.1, 2.1934],
			"rotation": {"angle": -45, "axis": "y", "origin": [0.97918, 0.3, 0.3934]},
			"faces": {
				"north": {"uv": [14, 2, 14.5, 2.25], "texture": "#0"},
				"east": {"uv": [13, 4.5, 14.5, 4.75], "texture": "#0"},
				"south": {"uv": [2.5, 14, 3, 14.25], "texture": "#0"},
				"west": {"uv": [13, 5, 14.5, 5.25], "texture": "#0"},
				"up": {"uv": [3.5, 12.5, 3, 11], "texture": "#0"},
				"down": {"uv": [4, 11, 3.5, 12.5], "texture": "#0"}
			}
		},
		{
			"from": [5.57918, 0.5, -0.6066],
			"to": [6.57918, 1.1, 2.1934],
			"rotation": {"angle": -45, "axis": "y", "origin": [0.97918, 0.3, 0.3934]},
			"faces": {
				"north": {"uv": [14, 2.5, 14.5, 2.75], "texture": "#0"},
				"east": {"uv": [13, 5.5, 14.5, 5.75], "texture": "#0"},
				"south": {"uv": [3, 14, 3.5, 14.25], "texture": "#0"},
				"west": {"uv": [6, 13, 7.5, 13.25], "texture": "#0"},
				"up": {"uv": [9, 12.5, 8.5, 11], "texture": "#0"},
				"down": {"uv": [5, 11.5, 4.5, 13], "texture": "#0"}
			}
		},
		{
			"from": [-5.82843, 0.5, 9.68629],
			"to": [-4.82843, 1.1, 12.48629],
			"rotation": {"angle": 45, "axis": "y", "origin": [0.17157, 0.3, -0.31371]},
			"faces": {
				"north": {"uv": [3.5, 14, 4, 14.25], "texture": "#0"},
				"east": {"uv": [7.5, 13, 9, 13.25], "texture": "#0"},
				"south": {"uv": [4, 14, 4.5, 14.25], "texture": "#0"},
				"west": {"uv": [13, 8.5, 14.5, 8.75], "texture": "#0"},
				"up": {"uv": [5.5, 13, 5, 11.5], "texture": "#0"},
				"down": {"uv": [6, 11.5, 5.5, 13], "texture": "#0"}
			}
		},
		{
			"from": [4.47157, 0.5, 9.68629],
			"to": [5.47157, 1.1, 12.48629],
			"rotation": {"angle": 45, "axis": "y", "origin": [0.17157, 0.3, -0.31371]},
			"faces": {
				"north": {"uv": [4.5, 14, 5, 14.25], "texture": "#0"},
				"east": {"uv": [9, 13, 10.5, 13.25], "texture": "#0"},
				"south": {"uv": [5, 14, 5.5, 14.25], "texture": "#0"},
				"west": {"uv": [13, 9, 14.5, 9.25], "texture": "#0"},
				"up": {"uv": [6.5, 13, 6, 11.5], "texture": "#0"},
				"down": {"uv": [7, 11.5, 6.5, 13], "texture": "#0"}
			}
		}
	],
	"display": {
		"thirdperson_righthand": {
			"translation": [0, 7.5, 0]
		},
		"gui": {
			"rotation": [90, 0, 0]
		},
		"head": {
			"translation": [0, 22, 0],
			"scale": [2, 2, 2]
		},
		"fixed": {
			"rotation": [-90, 0, 0],
			"translation": [0, 0, -23.5],
			"scale": [3, 3, 3]
		}
	},
	"groups": [
		{
			"name": "group",
			"origin": [8, 8, 8],
			"color": 0,
			"nbt": "{}",
			"children": [0, 1, 2, 3, 4, 5, 6]
		},
		7,
		8,
		9,
		10,
		11,
		12,
		13,
		14,
		{
			"name": "group",
			"origin": [8, 8, 8],
			"color": 0,
			"nbt": "{}",
			"children": [15, 16, 17, 18, 19, 20, 21, 22, 23]
		}
	]
}