{
	"credit": "Made with Blockbench",
	"texture_size": [32, 32],
	"textures": {
		"0": "jeracraft:christmas/fireplacebrick",
		"1": "jeracraft:christmas/brickss",
		"2": "jeracraft:christmas/adds",
		"particle": "jeracraft:christmas/fireplacebrick"
	},
	"elements": [
		{
			"from": [-6, 0, 0],
			"to": [0, 20, 6],
			"faces": {
				"north": {"uv": [0, 0, 6, 16], "texture": "#0"},
				"east": {"uv": [0, 0, 6, 16], "texture": "#0"},
				"south": {"uv": [0, 0, 6, 16], "texture": "#0"},
				"west": {"uv": [0, 0, 6, 16], "texture": "#0"},
				"up": {"uv": [0, 0, 3, 3], "texture": "#missing"},
				"down": {"uv": [0, 0, 3, 3], "texture": "#missing"}
			}
		},
		{
			"from": [-2, 14, 0],
			"to": [18, 20, 5],
			"faces": {
				"north": {"uv": [0, 0, 6, 16], "rotation": 270, "texture": "#0"},
				"east": {"uv": [0, 0, 3, 2.5], "rotation": 90, "texture": "#missing"},
				"south": {"uv": [0, 0, 6, 16], "rotation": 90, "texture": "#0"},
				"west": {"uv": [0, 0, 3, 2.5], "rotation": 90, "texture": "#missing"},
				"up": {"uv": [0, 0, 2.5, 8], "rotation": 90, "texture": "#missing"},
				"down": {"uv": [0, 0, 5, 16], "rotation": 90, "texture": "#0"}
			}
		},
		{
			"from": [-9, 1, -8],
			"to": [7, 2, 8],
			"faces": {
				"north": {"uv": [0, 0, 0.5, 8], "rotation": 270, "texture": "#missing"},
				"east": {"uv": [0, 0, 1, 16], "rotation": 90, "texture": "#0"},
				"south": {"uv": [0, 0, 1, 16], "rotation": 90, "texture": "#0"},
				"west": {"uv": [0, 0, 1, 16], "rotation": 90, "texture": "#0"},
				"up": {"uv": [0, 0, 16, 16], "rotation": 90, "texture": "#1"},
				"down": {"uv": [0, 0, 8, 8], "rotation": 90, "texture": "#missing"}
			}
		},
		{
			"from": [9, 1, -8],
			"to": [25, 2, 8],
			"faces": {
				"north": {"uv": [0, 0, 0.5, 8], "rotation": 270, "texture": "#missing"},
				"east": {"uv": [0, 0, 1, 16], "rotation": 90, "texture": "#0"},
				"south": {"uv": [0, 0, 16, 1], "texture": "#1"},
				"west": {"uv": [0, 0, 1, 16], "rotation": 90, "texture": "#0"},
				"up": {"uv": [0, 0, 16, 14], "rotation": 90, "texture": "#1"},
				"down": {"uv": [0, 0, 8, 8], "rotation": 90, "texture": "#missing"}
			}
		},
		{
			"from": [9, 1, -16],
			"to": [25, 2, -8],
			"faces": {
				"north": {"uv": [0, 0, 0.5, 8], "rotation": 270, "texture": "#missing"},
				"east": {"uv": [0, 0, 1, 16], "rotation": 90, "texture": "#0"},
				"south": {"uv": [0, 0, 1, 16], "rotation": 90, "texture": "#0"},
				"west": {"uv": [0, 0, 1, 16], "rotation": 90, "texture": "#0"},
				"up": {"uv": [0, 0, 8, 14], "rotation": 90, "texture": "#1"},
				"down": {"uv": [0, 0, 8, 8], "rotation": 90, "texture": "#missing"}
			}
		},
		{
			"from": [7, 1, -16],
			"to": [9, 2, 0],
			"faces": {
				"north": {"uv": [0, 0, 0.5, 8], "rotation": 270, "texture": "#missing"},
				"east": {"uv": [0, 0, 1, 16], "rotation": 90, "texture": "#0"},
				"south": {"uv": [0, 0, 1, 16], "rotation": 90, "texture": "#0"},
				"west": {"uv": [0, 0, 1, 16], "rotation": 90, "texture": "#0"},
				"up": {"uv": [0, 14, 16, 16], "rotation": 90, "texture": "#1"},
				"down": {"uv": [0, 0, 8, 8], "rotation": 90, "texture": "#missing"}
			}
		},
		{
			"from": [7, 1, 0],
			"to": [9, 2, 8],
			"faces": {
				"north": {"uv": [0, 0, 0.5, 8], "rotation": 270, "texture": "#missing"},
				"east": {"uv": [0, 0, 1, 16], "rotation": 90, "texture": "#0"},
				"south": {"uv": [0, 0, 1, 2], "rotation": 90, "texture": "#0"},
				"west": {"uv": [0, 0, 1, 16], "rotation": 90, "texture": "#0"},
				"up": {"uv": [0, 14, 8, 16], "rotation": 90, "texture": "#1"},
				"down": {"uv": [0, 0, 8, 8], "rotation": 90, "texture": "#missing"}
			}
		},
		{
			"from": [-9, 1, -16],
			"to": [7, 2, -8],
			"faces": {
				"north": {"uv": [0, 0, 0.5, 8], "rotation": 270, "texture": "#missing"},
				"east": {"uv": [0, 0, 1, 16], "rotation": 90, "texture": "#0"},
				"south": {"uv": [0, 0, 1, 16], "rotation": 90, "texture": "#0"},
				"west": {"uv": [0, 0, 1, 16], "rotation": 90, "texture": "#0"},
				"up": {"uv": [0, 0, 8, 16], "rotation": 90, "texture": "#1"},
				"down": {"uv": [0, 0, 8, 8], "rotation": 90, "texture": "#missing"}
			}
		},
		{
			"from": [-8, 0, -16],
			"to": [25, 1, 7],
			"faces": {
				"north": {"uv": [0, 0, 0.5, 8], "rotation": 270, "texture": "#missing"},
				"east": {"uv": [0, 0, 1, 16], "rotation": 90, "texture": "#0"},
				"south": {"uv": [0, 0, 1, 16], "rotation": 90, "texture": "#0"},
				"west": {"uv": [0, 0, 1, 16], "rotation": 90, "texture": "#0"},
				"up": {"uv": [0, 0, 8, 8], "rotation": 90, "texture": "#missing"},
				"down": {"uv": [0, 0, 8, 8], "rotation": 90, "texture": "#missing"}
			}
		},
		{
			"from": [-11, 22, 0],
			"to": [5, 23, 10],
			"faces": {
				"north": {"uv": [0, 0, 0.5, 8], "rotation": 270, "texture": "#missing"},
				"east": {"uv": [0, 0, 1, 10], "rotation": 90, "texture": "#0"},
				"south": {"uv": [0, 0, 1, 16], "rotation": 90, "texture": "#0"},
				"west": {"uv": [0, 0, 1, 10], "rotation": 90, "texture": "#0"},
				"up": {"uv": [0, 0, 10, 16], "rotation": 90, "texture": "#0"},
				"down": {"uv": [0, 0, 10, 16], "rotation": 90, "texture": "#0"}
			}
		},
		{
			"from": [5, 22, 0],
			"to": [21, 23, 10],
			"faces": {
				"north": {"uv": [0, 0, 0.5, 8], "rotation": 270, "texture": "#missing"},
				"east": {"uv": [0, 0, 1, 10], "rotation": 90, "texture": "#0"},
				"south": {"uv": [0, 0, 1, 16], "rotation": 90, "texture": "#0"},
				"west": {"uv": [0, 0, 1, 10], "rotation": 90, "texture": "#0"},
				"up": {"uv": [0, 0, 10, 16], "rotation": 90, "texture": "#0"},
				"down": {"uv": [0, 0, 10, 16], "rotation": 90, "texture": "#0"}
			}
		},
		{
			"from": [21, 22, 0],
			"to": [27, 23, 10],
			"faces": {
				"north": {"uv": [0, 0, 0.5, 8], "rotation": 270, "texture": "#missing"},
				"east": {"uv": [0, 0, 1, 10], "rotation": 90, "texture": "#0"},
				"south": {"uv": [0, 0, 1, 16], "rotation": 90, "texture": "#0"},
				"west": {"uv": [0, 0, 1, 10], "rotation": 90, "texture": "#0"},
				"up": {"uv": [7, 9, 16, 16], "rotation": 90, "texture": "#0"},
				"down": {"uv": [0, 0, 10, 16], "rotation": 90, "texture": "#0"}
			}
		},
		{
			"from": [-9, 20, 0],
			"to": [25, 22, 8],
			"faces": {
				"north": {"uv": [0, 0, 1, 8], "rotation": 270, "texture": "#missing"},
				"east": {"uv": [0, 0, 2, 8], "rotation": 90, "texture": "#0"},
				"south": {"uv": [0, 0, 2, 16], "rotation": 90, "texture": "#0"},
				"west": {"uv": [0, 0, 2, 8], "rotation": 90, "texture": "#0"},
				"up": {"uv": [0, 0, 4, 8], "rotation": 90, "texture": "#missing"},
				"down": {"uv": [0, 0, 8, 16], "rotation": 90, "texture": "#0"}
			}
		},
		{
			"from": [16, 0, 0],
			"to": [22, 20, 6],
			"faces": {
				"north": {"uv": [0, 0, 6, 16], "texture": "#0"},
				"east": {"uv": [0, 0, 6, 16], "texture": "#0"},
				"south": {"uv": [0, 0, 6, 16], "texture": "#0"},
				"west": {"uv": [0, 0, 6, 16], "texture": "#0"},
				"up": {"uv": [0, 0, 3, 3], "texture": "#missing"},
				"down": {"uv": [0, 0, 3, 3], "texture": "#missing"}
			}
		},
		{
			"from": [-7, 19.3, 8],
			"to": [-4, 20.3, 10],
			"rotation": {"angle": -22.5, "axis": "z", "origin": [0, 0, 0]},
			"faces": {
				"north": {"uv": [7, 4, 8.5, 4.5], "texture": "#2"},
				"east": {"uv": [0, 7.5, 1, 8], "texture": "#2"},
				"south": {"uv": [7.5, 0, 9, 0.5], "texture": "#2"},
				"west": {"uv": [5.5, 7.5, 6.5, 8], "texture": "#2"},
				"up": {"uv": [3, 4, 1.5, 3], "texture": "#2"},
				"down": {"uv": [4.5, 1.5, 3, 2.5], "texture": "#2"}
			}
		},
		{
			"from": [-8.71522, 16.22346, 8.1],
			"to": [-6.91522, 18.22346, 9.8],
			"rotation": {"angle": -22.5, "axis": "z", "origin": [0.18478, -0.07654, 0]},
			"faces": {
				"north": {"uv": [5, 5.5, 6, 6.5], "texture": "#2"},
				"east": {"uv": [6, 1.5, 7, 2.5], "texture": "#2"},
				"south": {"uv": [2.5, 6, 3.5, 7], "texture": "#2"},
				"west": {"uv": [3.5, 6, 4.5, 7], "texture": "#2"},
				"up": {"uv": [7, 6.5, 6, 5.5], "texture": "#2"},
				"down": {"uv": [1, 6.5, 0, 7.5], "texture": "#2"}
			}
		},
		{
			"from": [-6.9, 16.3, 8.1],
			"to": [-4.1, 19.3, 9.8],
			"rotation": {"angle": -22.5, "axis": "z", "origin": [0, 0, 0]},
			"faces": {
				"north": {"uv": [0, 0, 1.5, 1.5], "texture": "#2"},
				"east": {"uv": [3, 2.5, 4, 4], "texture": "#2"},
				"south": {"uv": [0, 1.5, 1.5, 3], "texture": "#2"},
				"west": {"uv": [1.5, 4, 2.5, 5.5], "texture": "#2"},
				"up": {"uv": [4, 5, 2.5, 4], "texture": "#2"},
				"down": {"uv": [5.5, 2.5, 4, 3.5], "texture": "#2"}
			}
		},
		{
			"from": [-1, 21.8, 8],
			"to": [2, 22.8, 10],
			"rotation": {"angle": -22.5, "axis": "z", "origin": [0, 0, 0]},
			"faces": {
				"north": {"uv": [7.5, 0.5, 9, 1], "texture": "#2"},
				"east": {"uv": [6.5, 7.5, 7.5, 8], "texture": "#2"},
				"south": {"uv": [4, 7.5, 5.5, 8], "texture": "#2"},
				"west": {"uv": [7.5, 6.5, 8.5, 7], "texture": "#2"},
				"up": {"uv": [5.5, 4.5, 4, 3.5], "texture": "#2"},
				"down": {"uv": [1.5, 4.5, 0, 5.5], "texture": "#2"}
			}
		},
		{
			"from": [-2.71522, 18.72346, 8.1],
			"to": [-0.91522, 20.72346, 9.8],
			"rotation": {"angle": -22.5, "axis": "z", "origin": [0.18478, -0.07654, 0]},
			"faces": {
				"north": {"uv": [6.5, 0, 7.5, 1], "texture": "#2"},
				"east": {"uv": [4.5, 6.5, 5.5, 7.5], "texture": "#2"},
				"south": {"uv": [6.5, 4.5, 7.5, 5.5], "texture": "#2"},
				"west": {"uv": [5.5, 6.5, 6.5, 7.5], "texture": "#2"},
				"up": {"uv": [7.5, 7.5, 6.5, 6.5], "texture": "#2"},
				"down": {"uv": [2, 7, 1, 8], "texture": "#2"}
			}
		},
		{
			"from": [-0.9, 18.8, 8.1],
			"to": [1.9, 21.8, 9.8],
			"rotation": {"angle": -22.5, "axis": "z", "origin": [0, 0, 0]},
			"faces": {
				"north": {"uv": [1.5, 0, 3, 1.5], "texture": "#2"},
				"east": {"uv": [4.5, 0, 5.5, 1.5], "texture": "#2"},
				"south": {"uv": [1.5, 1.5, 3, 3], "texture": "#2"},
				"west": {"uv": [4, 4.5, 5, 6], "texture": "#2"},
				"up": {"uv": [6, 2.5, 4.5, 1.5], "texture": "#2"},
				"down": {"uv": [4, 5, 2.5, 6], "texture": "#2"}
			}
		},
		{
			"from": [5.1, 24.4, 8],
			"to": [8.1, 25.4, 10],
			"rotation": {"angle": -22.5, "axis": "z", "origin": [0, 0, 0]},
			"faces": {
				"north": {"uv": [7.5, 4.5, 9, 5], "texture": "#2"},
				"east": {"uv": [7.5, 7, 8.5, 7.5], "texture": "#2"},
				"south": {"uv": [7.5, 5, 9, 5.5], "texture": "#2"},
				"west": {"uv": [7.5, 7.5, 8.5, 8], "texture": "#2"},
				"up": {"uv": [6.5, 5.5, 5, 4.5], "texture": "#2"},
				"down": {"uv": [1.5, 5.5, 0, 6.5], "texture": "#2"}
			}
		},
		{
			"from": [3.38478, 21.32346, 8.1],
			"to": [5.18478, 23.32346, 9.8],
			"rotation": {"angle": -22.5, "axis": "z", "origin": [0.18478, -0.07654, 0]},
			"faces": {
				"north": {"uv": [7, 1, 8, 2], "texture": "#2"},
				"east": {"uv": [2, 7, 3, 8], "texture": "#2"},
				"south": {"uv": [7, 2, 8, 3], "texture": "#2"},
				"west": {"uv": [3, 7, 4, 8], "texture": "#2"},
				"up": {"uv": [8, 4, 7, 3], "texture": "#2"},
				"down": {"uv": [8, 5.5, 7, 6.5], "texture": "#2"}
			}
		},
		{
			"from": [5.2, 21.4, 8.1],
			"to": [8, 24.4, 9.8],
			"rotation": {"angle": -22.5, "axis": "z", "origin": [0, 0, 0]},
			"faces": {
				"north": {"uv": [0, 3, 1.5, 4.5], "texture": "#2"},
				"east": {"uv": [5.5, 0, 6.5, 1.5], "texture": "#2"},
				"south": {"uv": [3, 0, 4.5, 1.5], "texture": "#2"},
				"west": {"uv": [1.5, 5.5, 2.5, 7], "texture": "#2"},
				"up": {"uv": [7, 3.5, 5.5, 2.5], "texture": "#2"},
				"down": {"uv": [7, 3.5, 5.5, 4.5], "texture": "#2"}
			}
		}
	],
	"display": {
		"gui": {
			"translation": [0, -2.5, 0],
			"scale": [0.5, 0.5, 0.5]
		},
		"fixed": {
			"rotation": [-180, 0, -180],
			"translation": [0, 0, -14],
			"scale": [2, 2, 2]
		}
	},
	"groups": [
		{
			"name": "group",
			"origin": [8, 8, 8],
			"color": 0,
			"nbt": "{}",
			"children": [0, 1, 2, 3, 4, 5, 6, 7, 8, 9, 10, 11, 12, 13]
		},
		{
			"name": "group",
			"origin": [8, 8, 8],
			"color": 0,
			"nbt": "{}",
			"children": [
				{
					"name": "group",
					"origin": [8, 8, 8],
					"color": 0,
					"nbt": "{}",
					"children": [
						14,
						15,
						16,
						{
							"name": "group",
							"origin": [8, 8, 8],
							"color": 0,
							"nbt": "{}",
							"children": [17, 18, 19]
						}
					]
				},
				{
					"name": "group",
					"origin": [8, 8, 8],
					"color": 0,
					"nbt": "{}",
					"children": [20, 21, 22]
				}
			]
		}
	]
}