{
	"credit": "Made with Blockbench",
	"texture_size": [64, 64],
	"textures": {
		"0": "jeracraft:christmas/hat2",
		"particle": "jeracraft:christmas/hat2"
	},
	"elements": [
		{
			"from": [3.5, 1, 3.5],
			"to": [12.5, 4, 12.4],
			"rotation": {"angle": 0, "axis": "z", "origin": [0, -2, 0]},
			"faces": {
				"north": {"uv": [0, 5, 2.25, 5.75], "texture": "#0"},
				"east": {"uv": [0, 5.75, 2.25, 6.5], "texture": "#0"},
				"south": {"uv": [4.75, 5.75, 7, 6.5], "texture": "#0"},
				"west": {"uv": [0, 6.5, 2.25, 7.25], "texture": "#0"},
				"up": {"uv": [4.75, 2.25, 2.5, 0], "texture": "#0"},
				"down": {"uv": [4.75, 2.25, 2.5, 4.5], "texture": "#0"}
			}
		},
		{
			"from": [4.5, 4, 4.5],
			"to": [11.5, 6, 11.4],
			"rotation": {"angle": 0, "axis": "z", "origin": [0, -3, 0]},
			"faces": {
				"north": {"uv": [1.25, 7.25, 3, 7.75], "texture": "#0"},
				"east": {"uv": [7, 7.25, 8.75, 7.75], "texture": "#0"},
				"south": {"uv": [1.25, 7.75, 3, 8.25], "texture": "#0"},
				"west": {"uv": [7.75, 2.25, 9.5, 2.75], "texture": "#0"},
				"up": {"uv": [6.5, 4, 4.75, 2.25], "texture": "#0"},
				"down": {"uv": [6.5, 4, 4.75, 5.75], "texture": "#0"}
			}
		},
		{
			"from": [1.5, 7, 5.5],
			"to": [6.5, 10, 10.4],
			"rotation": {"angle": -22.5, "axis": "z", "origin": [0, -3, 0]},
			"faces": {
				"north": {"uv": [5.75, 7, 7, 7.75], "texture": "#0"},
				"east": {"uv": [7, 5.75, 8.25, 6.5], "texture": "#0"},
				"south": {"uv": [7, 6.5, 8.25, 7.25], "texture": "#0"},
				"west": {"uv": [0, 7.25, 1.25, 8], "texture": "#0"},
				"up": {"uv": [7.75, 3.5, 6.5, 2.25], "texture": "#0"},
				"down": {"uv": [7.75, 3.5, 6.5, 4.75], "texture": "#0"}
			}
		},
		{
			"from": [-2.39234, 13.30468, 6.5],
			"to": [2.30766, 16.30468, 9.4],
			"rotation": {"angle": -45, "axis": "z", "origin": [-3.89234, 0.30468, 0]},
			"faces": {
				"north": {"uv": [7, 0, 8.25, 0.75], "texture": "#0"},
				"east": {"uv": [7.75, 3.5, 8.5, 4.25], "texture": "#0"},
				"south": {"uv": [7, 0.75, 8.25, 1.5], "texture": "#0"},
				"west": {"uv": [5.5, 7.75, 6.25, 8.5], "texture": "#0"},
				"up": {"uv": [8.25, 2.25, 7, 1.5], "texture": "#0"},
				"down": {"uv": [5.75, 7, 4.5, 7.75], "texture": "#0"}
			}
		},
		{
			"from": [9.12593, 1.62061, 6.9],
			"to": [12.12593, 4.32061, 8.9],
			"rotation": {"angle": 22.5, "axis": "z", "origin": [-6.87407, 5.82061, 0]},
			"faces": {
				"north": {"uv": [6.25, 7.75, 7, 8.5], "texture": "#0"},
				"east": {"uv": [0.75, 8, 1.25, 8.75], "texture": "#0"},
				"south": {"uv": [7, 7.75, 7.75, 8.5], "texture": "#0"},
				"west": {"uv": [8.25, 0.75, 8.75, 1.5], "texture": "#0"},
				"up": {"uv": [3.75, 7.75, 3, 7.25], "texture": "#0"},
				"down": {"uv": [4.5, 7.25, 3.75, 7.75], "texture": "#0"}
			}
		},
		{
			"from": [12.12593, 0.62061, 6.4],
			"to": [15.12593, 3.62061, 9.4],
			"rotation": {"angle": 22.5, "axis": "z", "origin": [-6.87407, 5.82061, 0]},
			"faces": {
				"north": {"uv": [7.75, 7.75, 8.5, 8.5], "texture": "#0"},
				"east": {"uv": [0, 8, 0.75, 8.75], "texture": "#0"},
				"south": {"uv": [3, 8, 3.75, 8.75], "texture": "#0"},
				"west": {"uv": [3.75, 8, 4.5, 8.75], "texture": "#0"},
				"up": {"uv": [5.25, 8.75, 4.5, 8], "texture": "#0"},
				"down": {"uv": [9, 0, 8.25, 0.75], "texture": "#0"}
			}
		},
		{
			"from": [3, 0, 3],
			"to": [13, 1, 13],
			"faces": {
				"north": {"uv": [7.75, 2.75, 10.25, 3], "texture": "#0"},
				"east": {"uv": [3, 7.75, 5.5, 8], "texture": "#0"},
				"south": {"uv": [7.75, 3, 10.25, 3.25], "texture": "#0"},
				"west": {"uv": [7.75, 3.25, 10.25, 3.5], "texture": "#0"},
				"up": {"uv": [2.5, 2.5, 0, 0], "texture": "#0"},
				"down": {"uv": [2.5, 2.5, 0, 5], "texture": "#0"}
			}
		},
		{
			"from": [11, 1, 11],
			"to": [13, 2, 13],
			"rotation": {"angle": 0, "axis": "y", "origin": [0, -2, 0]},
			"faces": {
				"north": {"uv": [8.25, 2, 8.75, 2.25], "texture": "#0"},
				"east": {"uv": [8.25, 6.75, 8.75, 7], "texture": "#0"},
				"south": {"uv": [8.25, 7, 8.75, 7.25], "texture": "#0"},
				"west": {"uv": [8.5, 3.5, 9, 3.75], "texture": "#0"},
				"up": {"uv": [8.25, 4.75, 7.75, 4.25], "texture": "#0"},
				"down": {"uv": [1.75, 8.25, 1.25, 8.75], "texture": "#0"}
			}
		},
		{
			"from": [3, 1, 11],
			"to": [5, 2, 13],
			"rotation": {"angle": 0, "axis": "y", "origin": [0, -2, 0]},
			"faces": {
				"north": {"uv": [8.25, 8.5, 8.75, 8.75], "texture": "#0"},
				"east": {"uv": [8.5, 8.25, 9, 8.5], "texture": "#0"},
				"south": {"uv": [0, 8.75, 0.5, 9], "texture": "#0"},
				"west": {"uv": [0.5, 8.75, 1, 9], "texture": "#0"},
				"up": {"uv": [2.75, 8.75, 2.25, 8.25], "texture": "#0"},
				"down": {"uv": [8.75, 4.25, 8.25, 4.75], "texture": "#0"}
			}
		},
		{
			"from": [3, 1, 3],
			"to": [5, 2, 5],
			"rotation": {"angle": 0, "axis": "y", "origin": [0, -2, 0]},
			"faces": {
				"north": {"uv": [8.75, 0.75, 9.25, 1], "texture": "#0"},
				"east": {"uv": [1, 8.75, 1.5, 9], "texture": "#0"},
				"south": {"uv": [8.75, 1, 9.25, 1.25], "texture": "#0"},
				"west": {"uv": [8.75, 1.25, 9.25, 1.5], "texture": "#0"},
				"up": {"uv": [8.75, 6.25, 8.25, 5.75], "texture": "#0"},
				"down": {"uv": [8.75, 6.25, 8.25, 6.75], "texture": "#0"}
			}
		},
		{
			"from": [12, 2, 12],
			"to": [13, 3, 13],
			"rotation": {"angle": 0, "axis": "y", "origin": [0, -2, 0]},
			"faces": {
				"north": {"uv": [4, 8.75, 4.25, 9], "texture": "#0"},
				"east": {"uv": [4.25, 8.75, 4.5, 9], "texture": "#0"},
				"south": {"uv": [8.75, 4.25, 9, 4.5], "texture": "#0"},
				"west": {"uv": [4.5, 8.75, 4.75, 9], "texture": "#0"},
				"up": {"uv": [9, 4.75, 8.75, 4.5], "texture": "#0"},
				"down": {"uv": [5, 8.75, 4.75, 9], "texture": "#0"}
			}
		},
		{
			"from": [3, 2, 12],
			"to": [4, 3, 13],
			"rotation": {"angle": 0, "axis": "y", "origin": [0, -2, 0]},
			"faces": {
				"north": {"uv": [8.75, 6.5, 9, 6.75], "texture": "#0"},
				"east": {"uv": [6.75, 8.75, 7, 9], "texture": "#0"},
				"south": {"uv": [8.75, 6.75, 9, 7], "texture": "#0"},
				"west": {"uv": [7, 8.75, 7.25, 9], "texture": "#0"},
				"up": {"uv": [9, 7.25, 8.75, 7], "texture": "#0"},
				"down": {"uv": [7.5, 8.75, 7.25, 9], "texture": "#0"}
			}
		},
		{
			"from": [3, 2, 3],
			"to": [4, 3, 4],
			"rotation": {"angle": 0, "axis": "y", "origin": [0, -2, 0]},
			"faces": {
				"north": {"uv": [8.75, 7.25, 9, 7.5], "texture": "#0"},
				"east": {"uv": [7.5, 8.75, 7.75, 9], "texture": "#0"},
				"south": {"uv": [8.75, 7.5, 9, 7.75], "texture": "#0"},
				"west": {"uv": [7.75, 8.75, 8, 9], "texture": "#0"},
				"up": {"uv": [8.25, 9, 8, 8.75], "texture": "#0"},
				"down": {"uv": [8.5, 8.75, 8.25, 9], "texture": "#0"}
			}
		},
		{
			"from": [12, 1, 7],
			"to": [13, 2, 9],
			"rotation": {"angle": 0, "axis": "y", "origin": [0, -2, 0]},
			"faces": {
				"north": {"uv": [2.25, 6.5, 2.5, 6.75], "texture": "#0"},
				"east": {"uv": [8.5, 3.75, 9, 4], "texture": "#0"},
				"south": {"uv": [4.5, 6.75, 4.75, 7], "texture": "#0"},
				"west": {"uv": [8.5, 4, 9, 4.25], "texture": "#0"},
				"up": {"uv": [2.5, 5.5, 2.25, 5], "texture": "#0"},
				"down": {"uv": [2.5, 5.5, 2.25, 6], "texture": "#0"}
			}
		},
		{
			"from": [3, 1, 7],
			"to": [4, 2, 9],
			"rotation": {"angle": 0, "axis": "y", "origin": [0, -2, 0]},
			"faces": {
				"north": {"uv": [9, 0.5, 9.25, 0.75], "texture": "#0"},
				"east": {"uv": [8.75, 2, 9.25, 2.25], "texture": "#0"},
				"south": {"uv": [0.75, 9, 1, 9.25], "texture": "#0"},
				"west": {"uv": [2.5, 8.75, 3, 9], "texture": "#0"},
				"up": {"uv": [2.5, 6.5, 2.25, 6], "texture": "#0"},
				"down": {"uv": [5.5, 8, 5.25, 8.5], "texture": "#0"}
			}
		},
		{
			"from": [7, 1, 3],
			"to": [9, 2, 4],
			"rotation": {"angle": 0, "axis": "y", "origin": [0, -2, 0]},
			"faces": {
				"north": {"uv": [7.25, 8.5, 7.75, 8.75], "texture": "#0"},
				"east": {"uv": [8.75, 6.25, 9, 6.5], "texture": "#0"},
				"south": {"uv": [7.75, 8.5, 8.25, 8.75], "texture": "#0"},
				"west": {"uv": [6.5, 8.75, 6.75, 9], "texture": "#0"},
				"up": {"uv": [9, 8, 8.5, 7.75], "texture": "#0"},
				"down": {"uv": [9, 8, 8.5, 8.25], "texture": "#0"}
			}
		},
		{
			"from": [7, 1, 12],
			"to": [9, 2, 13],
			"rotation": {"angle": 0, "axis": "y", "origin": [0, -2, 0]},
			"faces": {
				"north": {"uv": [1.5, 8.75, 2, 9], "texture": "#0"},
				"east": {"uv": [8.5, 8.75, 8.75, 9], "texture": "#0"},
				"south": {"uv": [8.75, 1.5, 9.25, 1.75], "texture": "#0"},
				"west": {"uv": [8.75, 8.5, 9, 8.75], "texture": "#0"},
				"up": {"uv": [9.25, 2, 8.75, 1.75], "texture": "#0"},
				"down": {"uv": [2.5, 8.75, 2, 9], "texture": "#0"}
			}
		},
		{
			"from": [12, 2, 7.5],
			"to": [13, 3, 8.5],
			"rotation": {"angle": 0, "axis": "y", "origin": [0, -2, 0]},
			"faces": {
				"north": {"uv": [2.75, 8.25, 3, 8.5], "texture": "#0"},
				"east": {"uv": [2.75, 8.5, 3, 8.75], "texture": "#0"},
				"south": {"uv": [3, 8.75, 3.25, 9], "texture": "#0"},
				"west": {"uv": [3.25, 8.75, 3.5, 9], "texture": "#0"},
				"up": {"uv": [3.75, 9, 3.5, 8.75], "texture": "#0"},
				"down": {"uv": [4, 8.75, 3.75, 9], "texture": "#0"}
			}
		},
		{
			"from": [3, 2, 7.5],
			"to": [4, 3, 8.5],
			"rotation": {"angle": 0, "axis": "y", "origin": [0, -2, 0]},
			"faces": {
				"north": {"uv": [1, 9, 1.25, 9.25], "texture": "#0"},
				"east": {"uv": [1.25, 9, 1.5, 9.25], "texture": "#0"},
				"south": {"uv": [1.5, 9, 1.75, 9.25], "texture": "#0"},
				"west": {"uv": [1.75, 9, 2, 9.25], "texture": "#0"},
				"up": {"uv": [2.25, 9.25, 2, 9], "texture": "#0"},
				"down": {"uv": [2.5, 9, 2.25, 9.25], "texture": "#0"}
			}
		},
		{
			"from": [7.5, 2, 3],
			"to": [8.5, 3, 4],
			"rotation": {"angle": 0, "axis": "y", "origin": [0, -2, 0]},
			"faces": {
				"north": {"uv": [8.75, 5.5, 9, 5.75], "texture": "#0"},
				"east": {"uv": [5.75, 8.75, 6, 9], "texture": "#0"},
				"south": {"uv": [8.75, 5.75, 9, 6], "texture": "#0"},
				"west": {"uv": [6, 8.75, 6.25, 9], "texture": "#0"},
				"up": {"uv": [9, 6.25, 8.75, 6], "texture": "#0"},
				"down": {"uv": [6.5, 8.75, 6.25, 9], "texture": "#0"}
			}
		},
		{
			"from": [7.5, 2, 12],
			"to": [8.5, 3, 13],
			"rotation": {"angle": 0, "axis": "y", "origin": [0, -2, 0]},
			"faces": {
				"north": {"uv": [8.75, 8.75, 9, 9], "texture": "#0"},
				"east": {"uv": [0, 9, 0.25, 9.25], "texture": "#0"},
				"south": {"uv": [9, 0, 9.25, 0.25], "texture": "#0"},
				"west": {"uv": [0.25, 9, 0.5, 9.25], "texture": "#0"},
				"up": {"uv": [9.25, 0.5, 9, 0.25], "texture": "#0"},
				"down": {"uv": [0.75, 9, 0.5, 9.25], "texture": "#0"}
			}
		},
		{
			"from": [11, 1, 3],
			"to": [13, 2, 5],
			"rotation": {"angle": 0, "axis": "y", "origin": [0, -2, 0]},
			"faces": {
				"north": {"uv": [5.25, 8.5, 5.75, 8.75], "texture": "#0"},
				"east": {"uv": [5.75, 8.5, 6.25, 8.75], "texture": "#0"},
				"south": {"uv": [6.25, 8.5, 6.75, 8.75], "texture": "#0"},
				"west": {"uv": [6.75, 8.5, 7.25, 8.75], "texture": "#0"},
				"up": {"uv": [8.75, 2, 8.25, 1.5], "texture": "#0"},
				"down": {"uv": [2.25, 8.25, 1.75, 8.75], "texture": "#0"}
			}
		},
		{
			"from": [12, 2, 3],
			"to": [13, 3, 4],
			"rotation": {"angle": 0, "axis": "y", "origin": [0, -2, 0]},
			"faces": {
				"north": {"uv": [8.75, 4.75, 9, 5], "texture": "#0"},
				"east": {"uv": [5, 8.75, 5.25, 9], "texture": "#0"},
				"south": {"uv": [8.75, 5, 9, 5.25], "texture": "#0"},
				"west": {"uv": [5.25, 8.75, 5.5, 9], "texture": "#0"},
				"up": {"uv": [9, 5.5, 8.75, 5.25], "texture": "#0"},
				"down": {"uv": [5.75, 8.75, 5.5, 9], "texture": "#0"}
			}
		},
		{
			"from": [3.4, 1.5, 3.4],
			"to": [12.6, 3.5, 12.5],
			"rotation": {"angle": 0, "axis": "y", "origin": [0, -2, 0]},
			"faces": {
				"north": {"uv": [4.75, 6.5, 7, 7], "texture": "#0"},
				"east": {"uv": [6.5, 4.75, 8.75, 5.25], "texture": "#0"},
				"south": {"uv": [6.5, 5.25, 8.75, 5.75], "texture": "#0"},
				"west": {"uv": [2.25, 6.75, 4.5, 7.25], "texture": "#0"},
				"up": {"uv": [4.75, 6.75, 2.5, 4.5], "texture": "#0"},
				"down": {"uv": [7, 0, 4.75, 2.25], "texture": "#0"}
			}
		}
	],
	"display": {
		"gui": {
			"rotation": [26, 18, 0],
			"translation": [0, 2.25, 0]
		},
		"head": {
			"rotation": [9, -90, 0],
			"translation": [0, 15, 2.25],
			"scale": [1.75, 1.75, 1.75]
		},
		"fixed": {
			"rotation": [-90, 0, 0],
			"translation": [0, 0, -24],
			"scale": [3, 3, 3]
		}
	}
}