{
	"credit": "Made with Blockbench",
	"texture_size": [32, 32],
	"textures": {
		"0": "jeracraft:christmas/nutcracker",
		"1": "jeracraft:christmas/soldec",
		"particle": "jeracraft:christmas/nutcracker"
	},
	"elements": [
		{
			"from": [8.3, 0, 4],
			"to": [11.3, 2, 9],
			"faces": {
				"north": {"uv": [1.5, 9.5, 2.25, 10], "texture": "#0"},
				"east": {"uv": [8.5, 7.5, 9.75, 8], "texture": "#0"},
				"south": {"uv": [6.25, 9.5, 7, 10], "texture": "#0"},
				"west": {"uv": [9, 1, 10.25, 1.5], "texture": "#0"},
				"up": {"uv": [7.5, 8.5, 6.75, 7.25], "texture": "#0"},
				"down": {"uv": [8.25, 0, 7.5, 1.25], "texture": "#0"}
			}
		},
		{
			"from": [4.7, 0, 4],
			"to": [7.7, 2, 9],
			"faces": {
				"north": {"uv": [9, 9.5, 9.75, 10], "texture": "#0"},
				"east": {"uv": [9, 1.5, 10.25, 2], "texture": "#0"},
				"south": {"uv": [0, 9.75, 0.75, 10.25], "texture": "#0"},
				"west": {"uv": [9, 2, 10.25, 2.5], "texture": "#0"},
				"up": {"uv": [4, 8.75, 3.25, 7.5], "texture": "#0"},
				"down": {"uv": [6.25, 7.5, 5.5, 8.75], "texture": "#0"}
			}
		},
		{
			"from": [4.7, 2, 6],
			"to": [7.7, 6, 9],
			"faces": {
				"north": {"uv": [1, 8, 1.75, 9], "texture": "#0"},
				"east": {"uv": [8.25, 1, 9, 2], "texture": "#0"},
				"south": {"uv": [8.25, 2, 9, 3], "texture": "#0"},
				"west": {"uv": [8.25, 3, 9, 4], "texture": "#0"},
				"up": {"uv": [9.75, 3.25, 9, 2.5], "texture": "#0"},
				"down": {"uv": [9.75, 3.25, 9, 4], "texture": "#0"}
			}
		},
		{
			"from": [4.7, 7, 6],
			"to": [7.7, 11, 9],
			"faces": {
				"north": {"uv": [8.25, 4, 9, 5], "texture": "#0"},
				"east": {"uv": [8.25, 5, 9, 6], "texture": "#0"},
				"south": {"uv": [8.25, 6, 9, 7], "texture": "#0"},
				"west": {"uv": [7.5, 8.25, 8.25, 9.25], "texture": "#0"},
				"up": {"uv": [9.75, 4.75, 9, 4], "texture": "#0"},
				"down": {"uv": [9.75, 4.75, 9, 5.5], "texture": "#0"}
			}
		},
		{
			"from": [4.5, 11, 5],
			"to": [11.5, 16, 10],
			"faces": {
				"north": {"uv": [3, 2.5, 4.75, 3.75], "texture": "#0"},
				"east": {"uv": [3.25, 5, 4.5, 6.25], "texture": "#0"},
				"south": {"uv": [3, 3.75, 4.75, 5], "texture": "#0"},
				"west": {"uv": [0, 5.25, 1.25, 6.5], "texture": "#0"},
				"up": {"uv": [1.75, 5.25, 0, 4], "texture": "#0"},
				"down": {"uv": [6.25, 0, 4.5, 1.25], "texture": "#0"}
			}
		},
		{
			"from": [3.5, 18, 5],
			"to": [12.5, 23, 10],
			"faces": {
				"north": {"uv": [0, 0, 2.25, 1.25], "texture": "#0"},
				"east": {"uv": [5.5, 1.25, 6.75, 2.5], "texture": "#0"},
				"south": {"uv": [0, 1.25, 2.25, 2.5], "texture": "#0"},
				"west": {"uv": [5.5, 2.5, 6.75, 3.75], "texture": "#0"},
				"up": {"uv": [4.5, 1.25, 2.25, 0], "texture": "#0"},
				"down": {"uv": [4.5, 1.25, 2.25, 2.5], "texture": "#0"}
			}
		},
		{
			"from": [12.5, 12, 6],
			"to": [14.5, 23, 9],
			"faces": {
				"north": {"uv": [1.25, 5.25, 1.75, 8], "texture": "#0"},
				"east": {"uv": [1.75, 4, 2.5, 6.75], "texture": "#0"},
				"south": {"uv": [1.75, 6.75, 2.25, 9.5], "texture": "#0"},
				"west": {"uv": [4.75, 1.25, 5.5, 4], "texture": "#0"},
				"up": {"uv": [3, 4.75, 2.5, 4], "texture": "#0"},
				"down": {"uv": [4.5, 7.5, 4, 8.25], "texture": "#0"}
			}
		},
		{
			"from": [1.5, 12, 6],
			"to": [3.5, 23, 9],
			"faces": {
				"north": {"uv": [4.5, 6.75, 5, 9.5], "texture": "#0"},
				"east": {"uv": [4.75, 4, 5.5, 6.75], "texture": "#0"},
				"south": {"uv": [5, 6.75, 5.5, 9.5], "texture": "#0"},
				"west": {"uv": [2.5, 5, 3.25, 7.75], "texture": "#0"},
				"up": {"uv": [6.75, 8.25, 6.25, 7.5], "texture": "#0"},
				"down": {"uv": [7.5, 8.5, 7, 9.25], "texture": "#0"}
			}
		},
		{
			"from": [5.5, 23, 5],
			"to": [10.5, 28, 10],
			"faces": {
				"north": {"uv": [5.5, 3.75, 6.75, 5], "texture": "#0"},
				"east": {"uv": [5.5, 5, 6.75, 6.25], "texture": "#0"},
				"south": {"uv": [6.25, 0, 7.5, 1.25], "texture": "#0"},
				"west": {"uv": [3.25, 6.25, 4.5, 7.5], "texture": "#0"},
				"up": {"uv": [6.75, 7.5, 5.5, 6.25], "texture": "#0"},
				"down": {"uv": [1.25, 6.5, 0, 7.75], "texture": "#0"}
			}
		},
		{
			"from": [5.3, 28, 4.5],
			"to": [10.7, 32, 10.5],
			"faces": {
				"north": {"uv": [6.75, 1.25, 8.25, 2.25], "texture": "#0"},
				"east": {"uv": [6.75, 2.25, 8.25, 3.25], "texture": "#0"},
				"south": {"uv": [6.75, 3.25, 8.25, 4.25], "texture": "#0"},
				"west": {"uv": [6.75, 4.25, 8.25, 5.25], "texture": "#0"},
				"up": {"uv": [1.5, 4, 0, 2.5], "texture": "#0"},
				"down": {"uv": [3, 2.5, 1.5, 4], "texture": "#0"}
			}
		},
		{
			"from": [5, 16, 5.5],
			"to": [11, 18, 9.5],
			"faces": {
				"north": {"uv": [8.25, 8.25, 9.75, 8.75], "texture": "#0"},
				"east": {"uv": [7, 9.25, 8, 9.75], "texture": "#0"},
				"south": {"uv": [8.5, 7, 10, 7.5], "texture": "#0"},
				"west": {"uv": [4.5, 9.5, 5.5, 10], "texture": "#0"},
				"up": {"uv": [8.25, 6.25, 6.75, 5.25], "texture": "#0"},
				"down": {"uv": [8.25, 6.25, 6.75, 7.25], "texture": "#0"}
			}
		},
		{
			"from": [8.1, 6, 5.8],
			"to": [11.5, 7, 9.2],
			"faces": {
				"north": {"uv": [8.5, 8, 9.375, 8.25], "texture": "#0"},
				"east": {"uv": [9.25, 0.75, 10.125, 1], "texture": "#0"},
				"south": {"uv": [9.5, 8, 10.375, 8.25], "texture": "#0"},
				"west": {"uv": [2.25, 9.75, 3.125, 10], "texture": "#0"},
				"up": {"uv": [8.375, 8.125, 7.5, 7.25], "texture": "#0"},
				"down": {"uv": [0.875, 7.75, 0, 8.625], "texture": "#0"}
			}
		},
		{
			"from": [4.5, 6, 5.8],
			"to": [7.9, 7, 9.2],
			"faces": {
				"north": {"uv": [9.75, 2.5, 10.625, 2.75], "texture": "#0"},
				"east": {"uv": [9.75, 2.75, 10.625, 3], "texture": "#0"},
				"south": {"uv": [9.75, 3, 10.625, 3.25], "texture": "#0"},
				"west": {"uv": [3.25, 9.75, 4.125, 10], "texture": "#0"},
				"up": {"uv": [3.125, 8.625, 2.25, 7.75], "texture": "#0"},
				"down": {"uv": [9.125, 0, 8.25, 0.875], "texture": "#0"}
			}
		},
		{
			"from": [8.3, 2, 6],
			"to": [11.3, 6, 9],
			"faces": {
				"north": {"uv": [6.25, 8.5, 7, 9.5], "texture": "#0"},
				"east": {"uv": [0, 8.75, 0.75, 9.75], "texture": "#0"},
				"south": {"uv": [2.25, 8.75, 3, 9.75], "texture": "#0"},
				"west": {"uv": [3, 8.75, 3.75, 9.75], "texture": "#0"},
				"up": {"uv": [9.75, 6.25, 9, 5.5], "texture": "#0"},
				"down": {"uv": [9.75, 6.25, 9, 7], "texture": "#0"}
			}
		},
		{
			"from": [8.3, 7, 6],
			"to": [11.3, 11, 9],
			"faces": {
				"north": {"uv": [3.75, 8.75, 4.5, 9.75], "texture": "#0"},
				"east": {"uv": [5.5, 8.75, 6.25, 9.75], "texture": "#0"},
				"south": {"uv": [8.25, 8.75, 9, 9.75], "texture": "#0"},
				"west": {"uv": [0.75, 9, 1.5, 10], "texture": "#0"},
				"up": {"uv": [9.75, 9.5, 9, 8.75], "texture": "#0"},
				"down": {"uv": [10, 0, 9.25, 0.75], "texture": "#0"}
			}
		},
		{
			"from": [10.3, 24.5, 5.6],
			"to": [11.3, 28, 10.1],
			"faces": {
				"north": {"uv": [3, 12, 3.5, 13.75], "texture": "#1"},
				"east": {"uv": [3.5, 5, 5.75, 6.75], "texture": "#1"},
				"south": {"uv": [3.5, 12, 4, 13.75], "texture": "#1"},
				"west": {"uv": [6, 5, 8.25, 6.75], "texture": "#1"},
				"up": {"uv": [10, 13.25, 9.5, 11], "texture": "#1"},
				"down": {"uv": [6.5, 11.5, 6, 13.75], "texture": "#1"}
			}
		},
		{
			"from": [4.8, 27.9, 4],
			"to": [11.2, 28.4, 11],
			"faces": {
				"north": {"uv": [12, 5, 15.25, 5.25], "texture": "#1"},
				"east": {"uv": [12, 4, 15.5, 4.25], "texture": "#1"},
				"south": {"uv": [12, 10, 15.25, 10.25], "texture": "#1"},
				"west": {"uv": [12, 4.5, 15.5, 4.75], "texture": "#1"},
				"up": {"uv": [3.25, 3.5, 0, 0], "texture": "#1"},
				"down": {"uv": [3.25, 3.5, 0, 7], "texture": "#1"}
			}
		},
		{
			"from": [4.5, 24.5, 5.6],
			"to": [5.5, 28, 10.1],
			"faces": {
				"north": {"uv": [4, 12, 4.5, 13.75], "texture": "#1"},
				"east": {"uv": [0, 7, 2.25, 8.75], "texture": "#1"},
				"south": {"uv": [7, 12, 7.5, 13.75], "texture": "#1"},
				"west": {"uv": [2.5, 7, 4.75, 8.75], "texture": "#1"},
				"up": {"uv": [7, 13.75, 6.5, 11.5], "texture": "#1"},
				"down": {"uv": [12, 10, 11.5, 12.25], "texture": "#1"}
			}
		},
		{
			"from": [7.8, 25.2, 4.6],
			"to": [8.3, 26.7, 5.1],
			"faces": {
				"north": {"uv": [12, 12, 12.25, 12.75], "texture": "#1"},
				"east": {"uv": [0, 12.5, 0.25, 13.25], "texture": "#1"},
				"south": {"uv": [12.5, 0, 12.75, 0.75], "texture": "#1"},
				"west": {"uv": [0.5, 12.5, 0.75, 13.25], "texture": "#1"},
				"up": {"uv": [12.75, 12.75, 12.5, 12.5], "texture": "#1"},
				"down": {"uv": [13.25, 0, 13, 0.25], "texture": "#1"}
			}
		},
		{
			"from": [3.6, 24.4, 6.6],
			"to": [12.1, 25.9, 11.1],
			"faces": {
				"north": {"uv": [5, 7, 9.25, 7.75], "texture": "#1"},
				"east": {"uv": [10.5, 5.5, 12.75, 6.25], "texture": "#1"},
				"south": {"uv": [8, 0, 12.25, 0.75], "texture": "#1"},
				"west": {"uv": [7, 11, 9.25, 11.75], "texture": "#1"},
				"up": {"uv": [7.75, 2.25, 3.5, 0], "texture": "#1"},
				"down": {"uv": [7.75, 2.5, 3.5, 4.75], "texture": "#1"}
			}
		},
		{
			"from": [6.5, 16, 5],
			"to": [9.5, 18, 5.5],
			"faces": {
				"north": {"uv": [11.5, 8, 13, 9], "texture": "#1"},
				"east": {"uv": [9.5, 4, 9.75, 5], "texture": "#1"},
				"south": {"uv": [11.5, 9, 13, 10], "texture": "#1"},
				"west": {"uv": [10, 4, 10.25, 5], "texture": "#1"},
				"up": {"uv": [9, 12.25, 7.5, 12], "texture": "#1"},
				"down": {"uv": [11.5, 12, 10, 12.25], "texture": "#1"}
			}
		},
		{
			"from": [12.5, 21, 5.6],
			"to": [15, 23.5, 9.1],
			"faces": {
				"north": {"uv": [11.5, 1, 12.75, 2.25], "texture": "#1"},
				"east": {"uv": [8, 8, 9.75, 9.25], "texture": "#1"},
				"south": {"uv": [11.5, 2.5, 12.75, 3.75], "texture": "#1"},
				"west": {"uv": [8.5, 5, 10.25, 6.25], "texture": "#1"},
				"up": {"uv": [1.25, 10.75, 0, 9], "texture": "#1"},
				"down": {"uv": [2.75, 9, 1.5, 10.75], "texture": "#1"}
			}
		},
		{
			"from": [5.9, 5.9, 5.6],
			"to": [6.4, 6.1, 6.6],
			"faces": {
				"north": {"uv": [13, 0.5, 13.25, 0.75], "texture": "#1"},
				"east": {"uv": [1, 12.5, 1.5, 12.75], "texture": "#1"},
				"south": {"uv": [1, 13, 1.25, 13.25], "texture": "#1"},
				"west": {"uv": [1.5, 12.5, 2, 12.75], "texture": "#1"},
				"up": {"uv": [2.25, 13, 2, 12.5], "texture": "#1"},
				"down": {"uv": [2.75, 12.5, 2.5, 13], "texture": "#1"}
			}
		},
		{
			"from": [9.5, 5.9, 5.6],
			"to": [10, 6.1, 6.6],
			"faces": {
				"north": {"uv": [13, 1, 13.25, 1.25], "texture": "#1"},
				"east": {"uv": [7.5, 12.5, 8, 12.75], "texture": "#1"},
				"south": {"uv": [1.5, 13, 1.75, 13.25], "texture": "#1"},
				"west": {"uv": [8, 12.5, 8.5, 12.75], "texture": "#1"},
				"up": {"uv": [8.75, 13, 8.5, 12.5], "texture": "#1"},
				"down": {"uv": [9.25, 12.5, 9, 13], "texture": "#1"}
			}
		},
		{
			"from": [5.9, 7.1, 5.6],
			"to": [6.4, 7.4, 6.6],
			"faces": {
				"north": {"uv": [13, 1.5, 13.25, 1.75], "texture": "#1"},
				"east": {"uv": [10, 12.5, 10.5, 12.75], "texture": "#1"},
				"south": {"uv": [2, 13, 2.25, 13.25], "texture": "#1"},
				"west": {"uv": [10.5, 12.5, 11, 12.75], "texture": "#1"},
				"up": {"uv": [12.75, 11, 12.5, 10.5], "texture": "#1"},
				"down": {"uv": [11.25, 12.5, 11, 13], "texture": "#1"}
			}
		},
		{
			"from": [9.5, 7.1, 5.6],
			"to": [10, 7.4, 6.6],
			"faces": {
				"north": {"uv": [13, 2, 13.25, 2.25], "texture": "#1"},
				"east": {"uv": [12.5, 11, 13, 11.25], "texture": "#1"},
				"south": {"uv": [2.5, 13, 2.75, 13.25], "texture": "#1"},
				"west": {"uv": [11.5, 12.5, 12, 12.75], "texture": "#1"},
				"up": {"uv": [12.75, 12, 12.5, 11.5], "texture": "#1"},
				"down": {"uv": [12.75, 12, 12.5, 12.5], "texture": "#1"}
			}
		},
		{
			"from": [5.7, 6.1, 5.6],
			"to": [6.6, 7.1, 6.6],
			"faces": {
				"north": {"uv": [8.5, 6.5, 9, 7], "texture": "#1"},
				"east": {"uv": [9, 6.5, 9.5, 7], "texture": "#1"},
				"south": {"uv": [7, 10, 7.5, 10.5], "texture": "#1"},
				"west": {"uv": [7.5, 10, 8, 10.5], "texture": "#1"},
				"up": {"uv": [5, 11, 4.5, 10.5], "texture": "#1"},
				"down": {"uv": [7.5, 10.5, 7, 11], "texture": "#1"}
			}
		},
		{
			"from": [9.3, 6.1, 5.6],
			"to": [10.2, 7.1, 6.6],
			"faces": {
				"north": {"uv": [7.5, 10.5, 8, 11], "texture": "#1"},
				"east": {"uv": [4.5, 11, 5, 11.5], "texture": "#1"},
				"south": {"uv": [9, 12, 9.5, 12.5], "texture": "#1"},
				"west": {"uv": [12, 10.5, 12.5, 11], "texture": "#1"},
				"up": {"uv": [12.5, 11.5, 12, 11], "texture": "#1"},
				"down": {"uv": [12.5, 11.5, 12, 12], "texture": "#1"}
			}
		},
		{
			"from": [12, 11.9, 5.6],
			"to": [14.9, 14.4, 9.1],
			"faces": {
				"north": {"uv": [3, 10.5, 4.5, 11.75], "texture": "#1"},
				"east": {"uv": [3, 9, 4.75, 10.25], "texture": "#1"},
				"south": {"uv": [10.5, 4, 12, 5.25], "texture": "#1"},
				"west": {"uv": [9.5, 1, 11.25, 2.25], "texture": "#1"},
				"up": {"uv": [9.5, 2.75, 8, 1], "texture": "#1"},
				"down": {"uv": [9.5, 3, 8, 4.75], "texture": "#1"}
			}
		},
		{
			"from": [1, 11.9, 5.6],
			"to": [3.9, 14.4, 9.1],
			"faces": {
				"north": {"uv": [0, 11, 1.5, 12.25], "texture": "#1"},
				"east": {"uv": [9.5, 2.5, 11.25, 3.75], "texture": "#1"},
				"south": {"uv": [1.5, 11, 3, 12.25], "texture": "#1"},
				"west": {"uv": [9.5, 6.5, 11.25, 7.75], "texture": "#1"},
				"up": {"uv": [6.5, 9.75, 5, 8], "texture": "#1"},
				"down": {"uv": [8, 8, 6.5, 9.75], "texture": "#1"}
			}
		},
		{
			"from": [1, 21, 5.6],
			"to": [3.5, 23.5, 9.1],
			"faces": {
				"north": {"uv": [4.5, 11.5, 5.75, 12.75], "texture": "#1"},
				"east": {"uv": [8, 9.5, 9.75, 10.75], "texture": "#1"},
				"south": {"uv": [11.5, 6.5, 12.75, 7.75], "texture": "#1"},
				"west": {"uv": [5, 10, 6.75, 11.25], "texture": "#1"},
				"up": {"uv": [11.25, 9.75, 10, 8], "texture": "#1"},
				"down": {"uv": [11.25, 10, 10, 11.75], "texture": "#1"}
			}
		},
		{
			"from": [7.3, 29.5, 4],
			"to": [7.8, 30.2, 4.5],
			"rotation": {"angle": 0, "axis": "y", "origin": [16, 0, 0]},
			"faces": {
				"north": {"uv": [13, 2.5, 13.25, 2.75], "texture": "#1"},
				"east": {"uv": [13, 3, 13.25, 3.25], "texture": "#1"},
				"south": {"uv": [13, 3.5, 13.25, 3.75], "texture": "#1"},
				"west": {"uv": [4.5, 13, 4.75, 13.25], "texture": "#1"},
				"up": {"uv": [5.25, 13.25, 5, 13], "texture": "#1"},
				"down": {"uv": [5.75, 13, 5.5, 13.25], "texture": "#1"}
			}
		},
		{
			"from": [8.5, 29.5, 4],
			"to": [9, 30.2, 4.5],
			"rotation": {"angle": 0, "axis": "y", "origin": [16, 0, 0]},
			"faces": {
				"north": {"uv": [13, 5.5, 13.25, 5.75], "texture": "#1"},
				"east": {"uv": [13, 6, 13.25, 6.25], "texture": "#1"},
				"south": {"uv": [13, 6.5, 13.25, 6.75], "texture": "#1"},
				"west": {"uv": [13, 7, 13.25, 7.25], "texture": "#1"},
				"up": {"uv": [7.75, 13.25, 7.5, 13], "texture": "#1"},
				"down": {"uv": [13.25, 7.5, 13, 7.75], "texture": "#1"}
			}
		},
		{
			"from": [7.8, 29, 4],
			"to": [8.5, 29.5, 4.5],
			"rotation": {"angle": 0, "axis": "y", "origin": [16, 0, 0]},
			"faces": {
				"north": {"uv": [8, 13, 8.25, 13.25], "texture": "#1"},
				"east": {"uv": [13, 8, 13.25, 8.25], "texture": "#1"},
				"south": {"uv": [8.5, 13, 8.75, 13.25], "texture": "#1"},
				"west": {"uv": [13, 8.5, 13.25, 8.75], "texture": "#1"},
				"up": {"uv": [9.25, 13.25, 9, 13], "texture": "#1"},
				"down": {"uv": [13.25, 9, 13, 9.25], "texture": "#1"}
			}
		},
		{
			"from": [7.8, 30.2, 4],
			"to": [8.5, 30.7, 4.5],
			"rotation": {"angle": 0, "axis": "y", "origin": [16, 0, 0]},
			"faces": {
				"north": {"uv": [13, 9.5, 13.25, 9.75], "texture": "#1"},
				"east": {"uv": [10, 13, 10.25, 13.25], "texture": "#1"},
				"south": {"uv": [10.5, 13, 10.75, 13.25], "texture": "#1"},
				"west": {"uv": [13, 10.5, 13.25, 10.75], "texture": "#1"},
				"up": {"uv": [11.25, 13.25, 11, 13], "texture": "#1"},
				"down": {"uv": [13.25, 11, 13, 11.25], "texture": "#1"}
			}
		}
	],
	"display": {
		"gui": {
			"rotation": [4, 150, 0],
			"translation": [0, -4, 0],
			"scale": [0.5, 0.5, 0.5]
		},
		"head": {
			"scale": [3, 3, 3]
		},
		"fixed": {
			"rotation": [-90, 0, 0],
			"translation": [0.25, 6.75, -22],
			"scale": [2.99, 2.99, 2.99]
		}
	},
	"groups": [
		{
			"name": "group",
			"origin": [8, 8, 8],
			"color": 0,
			"nbt": "{}",
			"children": [0, 1, 2, 3, 4, 5, 6, 7, 8, 9, 10, 11, 12, 13, 14]
		},
		{
			"name": "group",
			"origin": [8, 8, 8],
			"color": 0,
			"nbt": "{}",
			"children": [
				{
					"name": "group",
					"origin": [8, 8, 8],
					"color": 0,
					"nbt": "{}",
					"children": [15, 16, 17, 18, 19, 20, 21, 22, 23, 24, 25, 26, 27, 28, 29, 30]
				},
				{
					"name": "group",
					"origin": [8, 8, 8],
					"color": 0,
					"nbt": "{}",
					"children": [31, 32, 33, 34]
				}
			]
		}
	]
}