{
	"credit": "Made with Blockbench",
	"texture_size": [128, 128],
	"textures": {
		"0": "jeracraft:christmas/sleigh",
		"particle": "jeracraft:christmas/sleigh"
	},
	"elements": [
		{
			"from": [-2, 0, 0],
			"to": [0, 2, 30],
			"faces": {
				"north": {"uv": [7.125, 5.25, 7.375, 5.5], "texture": "#0"},
				"east": {"uv": [4, 3.5, 7.75, 3.75], "texture": "#0"},
				"south": {"uv": [7.25, 6.5, 7.5, 6.75], "texture": "#0"},
				"west": {"uv": [4, 3.75, 7.75, 4], "texture": "#0"},
				"up": {"uv": [4.25, 7.75, 4, 4], "texture": "#0"},
				"down": {"uv": [4.5, 4, 4.25, 7.75], "texture": "#0"}
			}
		},
		{
			"from": [16, 0, 0],
			"to": [18, 2, 30],
			"faces": {
				"north": {"uv": [7.375, 5.75, 7.625, 6], "texture": "#0"},
				"east": {"uv": [4.5, 4, 8.25, 4.25], "texture": "#0"},
				"south": {"uv": [7.5, 3, 7.75, 3.25], "texture": "#0"},
				"west": {"uv": [4.5, 4.25, 8.25, 4.5], "texture": "#0"},
				"up": {"uv": [4.75, 8.25, 4.5, 4.5], "texture": "#0"},
				"down": {"uv": [0.25, 4.625, 0, 8.375], "texture": "#0"}
			}
		},
		{
			"from": [0, 0, 21],
			"to": [16, 2, 23],
			"faces": {
				"north": {"uv": [5.5, 0, 7.5, 0.25], "texture": "#0"},
				"east": {"uv": [7.5, 3.25, 7.75, 3.5], "texture": "#0"},
				"south": {"uv": [5.5, 0.25, 7.5, 0.5], "texture": "#0"},
				"west": {"uv": [3.625, 7.5, 3.875, 7.75], "texture": "#0"},
				"up": {"uv": [7.5, 0.75, 5.5, 0.5], "texture": "#0"},
				"down": {"uv": [7.5, 0.75, 5.5, 1], "texture": "#0"}
			}
		},
		{
			"from": [0, 0, 7],
			"to": [16, 2, 9],
			"faces": {
				"north": {"uv": [5.5, 1, 7.5, 1.25], "texture": "#0"},
				"east": {"uv": [5, 7.5, 5.25, 7.75], "texture": "#0"},
				"south": {"uv": [5.5, 1.25, 7.5, 1.5], "texture": "#0"},
				"west": {"uv": [5.25, 7.5, 5.5, 7.75], "texture": "#0"},
				"up": {"uv": [7.5, 1.75, 5.5, 1.5], "texture": "#0"},
				"down": {"uv": [7.5, 1.75, 5.5, 2], "texture": "#0"}
			}
		},
		{
			"from": [3, 2, 6],
			"to": [5, 3, 24],
			"faces": {
				"north": {"uv": [6.875, 5.375, 7.125, 5.5], "texture": "#0"},
				"east": {"uv": [6.625, 6, 8.875, 6.125], "texture": "#0"},
				"south": {"uv": [7.5, 6.625, 7.75, 6.75], "texture": "#0"},
				"west": {"uv": [6.625, 6.125, 8.875, 6.25], "texture": "#0"},
				"up": {"uv": [3.875, 6.875, 3.625, 4.625], "texture": "#0"},
				"down": {"uv": [2.375, 4.875, 2.125, 7.125], "texture": "#0"}
			}
		},
		{
			"from": [11, 2, 6],
			"to": [13, 3, 24],
			"faces": {
				"north": {"uv": [6.875, 7.5, 7.125, 7.625], "texture": "#0"},
				"east": {"uv": [6.625, 6.25, 8.875, 6.375], "texture": "#0"},
				"south": {"uv": [7.5, 6.875, 7.75, 7], "texture": "#0"},
				"west": {"uv": [6.625, 6.375, 8.875, 6.5], "texture": "#0"},
				"up": {"uv": [2.625, 7.125, 2.375, 4.875], "texture": "#0"},
				"down": {"uv": [2.875, 4.875, 2.625, 7.125], "texture": "#0"}
			}
		},
		{
			"from": [-2, 2, 0],
			"to": [0, 6, 2],
			"faces": {
				"north": {"uv": [2, 7.125, 2.25, 7.625], "texture": "#0"},
				"east": {"uv": [2.25, 7.125, 2.5, 7.625], "texture": "#0"},
				"south": {"uv": [2.5, 7.125, 2.75, 7.625], "texture": "#0"},
				"west": {"uv": [7.125, 4.75, 7.375, 5.25], "texture": "#0"},
				"up": {"uv": [5.75, 7.75, 5.5, 7.5], "texture": "#0"},
				"down": {"uv": [6, 7.5, 5.75, 7.75], "texture": "#0"}
			}
		},
		{
			"from": [16, 2, 0],
			"to": [18, 6, 2],
			"faces": {
				"north": {"uv": [7.25, 6.875, 7.5, 7.375], "texture": "#0"},
				"east": {"uv": [7.375, 4.75, 7.625, 5.25], "texture": "#0"},
				"south": {"uv": [7.375, 5.25, 7.625, 5.75], "texture": "#0"},
				"west": {"uv": [7.25, 7.375, 7.5, 7.875], "texture": "#0"},
				"up": {"uv": [6.25, 7.75, 6, 7.5], "texture": "#0"},
				"down": {"uv": [6.5, 7.5, 6.25, 7.75], "texture": "#0"}
			}
		},
		{
			"from": [0, 3, 3],
			"to": [16, 5, 30],
			"faces": {
				"north": {"uv": [5.5, 2, 7.5, 2.25], "texture": "#0"},
				"east": {"uv": [0.25, 4.625, 3.625, 4.875], "texture": "#0"},
				"south": {"uv": [5.5, 2.25, 7.5, 2.5], "texture": "#0"},
				"west": {"uv": [4.75, 4.5, 8.125, 4.75], "texture": "#0"},
				"up": {"uv": [2, 3.375, 0, 0], "texture": "#0"},
				"down": {"uv": [4, 0, 2, 3.375], "texture": "#0"}
			}
		},
		{
			"from": [2, 6, 7],
			"to": [14, 7, 10],
			"faces": {
				"north": {"uv": [5, 6.75, 6.5, 6.875], "texture": "#0"},
				"east": {"uv": [6.5, 7.5, 6.875, 7.625], "texture": "#0"},
				"south": {"uv": [6.5, 6.75, 8, 6.875], "texture": "#0"},
				"west": {"uv": [7.5, 6.5, 7.875, 6.625], "texture": "#0"},
				"up": {"uv": [6.875, 5.125, 5.375, 4.75], "texture": "#0"},
				"down": {"uv": [6.875, 5.125, 5.375, 5.5], "texture": "#0"}
			}
		},
		{
			"from": [0, 5, 3],
			"to": [16, 9, 5],
			"faces": {
				"north": {"uv": [4, 2.5, 6, 3], "texture": "#0"},
				"east": {"uv": [7.5, 0, 7.75, 0.5], "texture": "#0"},
				"south": {"uv": [4, 3, 6, 3.5], "texture": "#0"},
				"west": {"uv": [7.5, 0.5, 7.75, 1], "texture": "#0"},
				"up": {"uv": [7.375, 5.75, 5.375, 5.5], "texture": "#0"},
				"down": {"uv": [7.375, 5.75, 5.375, 6], "texture": "#0"}
			}
		},
		{
			"from": [14, 5, 5],
			"to": [16, 9, 10],
			"faces": {
				"north": {"uv": [7.5, 1, 7.75, 1.5], "texture": "#0"},
				"east": {"uv": [6, 6, 6.625, 6.5], "texture": "#0"},
				"south": {"uv": [1.25, 7.5, 1.5, 8], "texture": "#0"},
				"west": {"uv": [0.25, 6.125, 0.875, 6.625], "texture": "#0"},
				"up": {"uv": [1.5, 7.5, 1.25, 6.875], "texture": "#0"},
				"down": {"uv": [3.875, 6.875, 3.625, 7.5], "texture": "#0"}
			}
		},
		{
			"from": [0, 5, 5],
			"to": [2, 9, 10],
			"faces": {
				"north": {"uv": [7.5, 1.5, 7.75, 2], "texture": "#0"},
				"east": {"uv": [0.875, 6.125, 1.5, 6.625], "texture": "#0"},
				"south": {"uv": [7.5, 2, 7.75, 2.5], "texture": "#0"},
				"west": {"uv": [1.5, 6.125, 2.125, 6.625], "texture": "#0"},
				"up": {"uv": [7.125, 5.375, 6.875, 4.75], "texture": "#0"},
				"down": {"uv": [5.25, 6.875, 5, 7.5], "texture": "#0"}
			}
		},
		{
			"from": [2, 6, 20],
			"to": [14, 8, 30],
			"faces": {
				"north": {"uv": [6, 3, 7.5, 3.25], "texture": "#0"},
				"east": {"uv": [6, 6.5, 7.25, 6.75], "texture": "#0"},
				"south": {"uv": [6, 3.25, 7.5, 3.5], "texture": "#0"},
				"west": {"uv": [0.25, 6.625, 1.5, 6.875], "texture": "#0"},
				"up": {"uv": [5.5, 1.25, 4, 0], "texture": "#0"},
				"down": {"uv": [5.5, 1.25, 4, 2.5], "texture": "#0"}
			}
		},
		{
			"from": [0, 5, 30],
			"to": [16, 15, 32],
			"faces": {
				"north": {"uv": [0, 3.375, 2, 4.625], "texture": "#0"},
				"east": {"uv": [2.875, 6.375, 3.125, 7.625], "texture": "#0"},
				"south": {"uv": [2, 3.375, 4, 4.625], "texture": "#0"},
				"west": {"uv": [3.125, 6.375, 3.375, 7.625], "texture": "#0"},
				"up": {"uv": [8, 2.75, 6, 2.5], "texture": "#0"},
				"down": {"uv": [8, 2.75, 6, 3], "texture": "#0"}
			}
		},
		{
			"from": [0, 5, 25],
			"to": [2, 15, 30],
			"faces": {
				"north": {"uv": [3.375, 6.375, 3.625, 7.625], "texture": "#0"},
				"east": {"uv": [4.75, 4.75, 5.375, 6], "texture": "#0"},
				"south": {"uv": [1.5, 6.625, 1.75, 7.875], "texture": "#0"},
				"west": {"uv": [0.25, 4.875, 0.875, 6.125], "texture": "#0"},
				"up": {"uv": [5.5, 7.5, 5.25, 6.875], "texture": "#0"},
				"down": {"uv": [5.75, 6.875, 5.5, 7.5], "texture": "#0"}
			}
		},
		{
			"from": [14, 5, 25],
			"to": [16, 15, 30],
			"faces": {
				"north": {"uv": [1.75, 6.625, 2, 7.875], "texture": "#0"},
				"east": {"uv": [0.875, 4.875, 1.5, 6.125], "texture": "#0"},
				"south": {"uv": [4.75, 6.75, 5, 8], "texture": "#0"},
				"west": {"uv": [1.5, 4.875, 2.125, 6.125], "texture": "#0"},
				"up": {"uv": [6, 7.5, 5.75, 6.875], "texture": "#0"},
				"down": {"uv": [6.25, 6.875, 6, 7.5], "texture": "#0"}
			}
		},
		{
			"from": [14, 5, 20],
			"to": [16, 11, 25],
			"faces": {
				"north": {"uv": [0.25, 6.875, 0.5, 7.625], "texture": "#0"},
				"east": {"uv": [2.875, 4.875, 3.5, 5.625], "texture": "#0"},
				"south": {"uv": [0.5, 6.875, 0.75, 7.625], "texture": "#0"},
				"west": {"uv": [2.875, 5.625, 3.5, 6.375], "texture": "#0"},
				"up": {"uv": [6.5, 7.5, 6.25, 6.875], "texture": "#0"},
				"down": {"uv": [6.75, 6.875, 6.5, 7.5], "texture": "#0"}
			}
		},
		{
			"from": [0, 5, 20],
			"to": [2, 11, 25],
			"faces": {
				"north": {"uv": [0.75, 6.875, 1, 7.625], "texture": "#0"},
				"east": {"uv": [4.75, 6, 5.375, 6.75], "texture": "#0"},
				"south": {"uv": [1, 6.875, 1.25, 7.625], "texture": "#0"},
				"west": {"uv": [5.375, 6, 6, 6.75], "texture": "#0"},
				"up": {"uv": [7, 7.5, 6.75, 6.875], "texture": "#0"},
				"down": {"uv": [7.25, 6.875, 7, 7.5], "texture": "#0"}
			}
		}
	],
	"display": {
		"thirdperson_righthand": {
			"rotation": [94, 0, 0],
			"translation": [0, 3.75, 2],
			"scale": [0.3, 0.3, 0.3]
		},
		"thirdperson_lefthand": {
			"rotation": [94, 0, 0],
			"translation": [0, 3.75, 2],
			"scale": [0.3, 0.3, 0.3]
		},
		"firstperson_righthand": {
			"rotation": [0, 6, 0],
			"translation": [2.5, 2.25, 0],
			"scale": [0.3, 0.3, 0.3]
		},
		"firstperson_lefthand": {
			"rotation": [0, 6, 0],
			"translation": [2.5, 2.25, 0],
			"scale": [0.3, 0.3, 0.3]
		},
		"gui": {
			"rotation": [23, 135, -4],
			"translation": [-2.25, -1, 0],
			"scale": [0.4, 0.4, 0.4]
		},
		"head": {
			"translation": [0, -23, -9]
		},
		"fixed": {
			"rotation": [-90, 0, 0],
			"translation": [0, 0, -18],
			"scale": [2, 2, 2]
		}
	}
}