{
	"credit": "Made with Blockbench",
	"texture_size": [32, 32],
	"textures": {
		"1": "jeracraft:christmas/log",
		"2": "jeracraft:christmas/christmas_tree",
		"3": "jeracraft:christmas/decorations",
		"4": "jeracraft:christmas/wraith",
		"particle": "jeracraft:christmas/log"
	},
	"elements": [
		{
			"from": [7, 3, 7],
			"to": [9, 15, 9],
			"faces": {
				"north": {"uv": [6, 0, 10, 16], "texture": "#1"},
				"east": {"uv": [2, 0, 6, 16], "texture": "#1"},
				"south": {"uv": [10, 0, 14, 16], "texture": "#1"},
				"west": {"uv": [2, 0, 6, 16], "texture": "#1"},
				"up": {"uv": [10, 7, 8.1, 5], "texture": "#1"},
				"down": {"uv": [10, 6, 9, 7], "texture": "#missing"}
			}
		},
		{
			"from": [5, 2, 5],
			"to": [11, 5, 11],
			"faces": {
				"north": {"uv": [0, 6, 3, 7.5], "texture": "#3"},
				"east": {"uv": [6, 0, 9, 1.5], "texture": "#3"},
				"south": {"uv": [6, 1.5, 9, 3], "texture": "#3"},
				"west": {"uv": [3, 6, 6, 7.5], "texture": "#3"},
				"up": {"uv": [3, 3, 0, 0], "texture": "#3"},
				"down": {"uv": [3, 3, 0, 6], "texture": "#3"}
			}
		},
		{
			"from": [6, 1, 6],
			"to": [10, 2, 10],
			"faces": {
				"north": {"uv": [10, 7, 12, 7.5], "texture": "#3"},
				"east": {"uv": [10, 7.5, 12, 8], "texture": "#3"},
				"south": {"uv": [10, 8, 12, 8.5], "texture": "#3"},
				"west": {"uv": [10, 8.5, 12, 9], "texture": "#3"},
				"up": {"uv": [8, 5, 6, 3], "texture": "#3"},
				"down": {"uv": [8, 5, 6, 7], "texture": "#3"}
			}
		},
		{
			"from": [5, 0, 5],
			"to": [11, 1, 11],
			"faces": {
				"north": {"uv": [6, 7, 9, 7.5], "texture": "#3"},
				"east": {"uv": [0, 7.5, 3, 8], "texture": "#3"},
				"south": {"uv": [3, 7.5, 6, 8], "texture": "#3"},
				"west": {"uv": [6, 7.5, 9, 8], "texture": "#3"},
				"up": {"uv": [6, 3, 3, 0], "texture": "#3"},
				"down": {"uv": [6, 3, 3, 6], "texture": "#3"}
			}
		},
		{
			"from": [7.5, 15, 7.5],
			"to": [8.5, 24, 8.5],
			"faces": {
				"north": {"uv": [11, 0, 13, 16], "texture": "#1"},
				"east": {"uv": [10, 0, 12, 16], "texture": "#1"},
				"south": {"uv": [11, 0, 13, 16], "texture": "#1"},
				"west": {"uv": [8, 0, 10, 16], "texture": "#1"},
				"up": {"uv": [3, 0, 5, 2], "texture": "#1"},
				"down": {"uv": [9, 0, 11, 16], "texture": "#1"}
			}
		},
		{
			"from": [7.5, 3, 13.5],
			"to": [8.5, 7, 14.5],
			"rotation": {"angle": -45, "axis": "x", "origin": [0, 0, 0]},
			"faces": {
				"north": {"uv": [10, 8, 11.9, 16], "texture": "#1"},
				"east": {"uv": [8, 8, 10, 16], "texture": "#1"},
				"south": {"uv": [6, 8, 8, 15.9], "texture": "#1"},
				"west": {"uv": [12, 8, 14, 16], "texture": "#1"},
				"up": {"uv": [8.5, 4.5, 8, 4], "texture": "#1"},
				"down": {"uv": [14.5, 7, 14, 7.5], "texture": "#missing"}
			}
		},
		{
			"from": [7.5, -1.5, 11],
			"to": [8.5, -0.5, 15],
			"rotation": {"angle": -45, "axis": "x", "origin": [0, 0, 0]},
			"faces": {
				"north": {"uv": [7.5, 14, 8, 14.5], "texture": "#missing"},
				"east": {"uv": [11, 8, 13, 16], "rotation": 90, "texture": "#1"},
				"south": {"uv": [8, 4.5, 8.5, 5], "texture": "#1"},
				"west": {"uv": [7, 8, 9, 16], "rotation": 90, "texture": "#1"},
				"up": {"uv": [11, 16, 9, 8], "texture": "#1"},
				"down": {"uv": [4, 7.9, 2, 16], "rotation": 180, "texture": "#1"}
			}
		},
		{
			"from": [8, 19, 7.5],
			"to": [8, 29, 8.5],
			"faces": {
				"north": {"uv": [5, 0, 7, 16], "texture": "#1"},
				"east": {"uv": [5, 0, 7, 16], "texture": "#1"},
				"south": {"uv": [5, 0, 7, 16], "texture": "#1"},
				"west": {"uv": [5, 0, 7, 16], "texture": "#1"},
				"up": {"uv": [5, 0, 7, 16], "texture": "#1"},
				"down": {"uv": [5, 0, 7, 16], "texture": "#1"}
			}
		},
		{
			"from": [7.5, 19, 8],
			"to": [8.5, 29, 8],
			"faces": {
				"north": {"uv": [5.9, 0, 8, 16], "texture": "#1"},
				"east": {"uv": [5.9, 0, 8, 16], "texture": "#1"},
				"south": {"uv": [5.9, 0, 8, 16], "texture": "#1"},
				"west": {"uv": [5.9, 0, 8, 16], "texture": "#1"},
				"up": {"uv": [5.9, 0, 8, 16], "texture": "#1"},
				"down": {"uv": [5.9, 0, 8, 16], "texture": "#1"}
			}
		},
		{
			"from": [0, 6, 0],
			"to": [16, 12, 16],
			"faces": {
				"north": {"uv": [0, 0, 16, 6], "texture": "#4"},
				"east": {"uv": [0, 0, 16, 6], "texture": "#4"},
				"south": {"uv": [0, 0, 16, 6], "texture": "#4"},
				"west": {"uv": [0, 10, 16, 16], "texture": "#4"},
				"up": {"uv": [0, 0, 16, 16], "texture": "#4"},
				"down": {"uv": [0, 0, 16, 16], "texture": "#4"}
			}
		},
		{
			"from": [5, 12, -6],
			"to": [17, 18, 6],
			"rotation": {"angle": -45, "axis": "y", "origin": [0, 0, 0]},
			"faces": {
				"north": {"uv": [0, 0, 12, 6], "texture": "#4"},
				"east": {"uv": [0, 0, 12, 6], "texture": "#4"},
				"south": {"uv": [0, 0, 12, 6], "texture": "#4"},
				"west": {"uv": [0, 0, 12, 6], "texture": "#4"},
				"up": {"uv": [0, 0, 12, 12], "rotation": 270, "texture": "#4"},
				"down": {"uv": [0, 0, 12, 12], "rotation": 90, "texture": "#2"}
			}
		},
		{
			"from": [4, 18, 4],
			"to": [12, 24, 12],
			"faces": {
				"north": {"uv": [0, 0, 8, 6], "texture": "#4"},
				"east": {"uv": [0, 0, 8, 6], "texture": "#4"},
				"south": {"uv": [0, 0, 8, 6], "texture": "#4"},
				"west": {"uv": [0, 0, 8, 6], "texture": "#4"},
				"up": {"uv": [0, 0, 8, 8], "texture": "#4"},
				"down": {"uv": [0, 0, 8, 8], "texture": "#2"}
			}
		},
		{
			"from": [9, 24, -2],
			"to": [13, 29, 2],
			"rotation": {"angle": -45, "axis": "y", "origin": [0, 0, 0]},
			"faces": {
				"north": {"uv": [0, 0, 4, 5], "texture": "#4"},
				"east": {"uv": [0, 0, 4, 5], "texture": "#4"},
				"south": {"uv": [0, 0, 4, 5], "texture": "#4"},
				"west": {"uv": [0, 0, 4, 5], "texture": "#4"},
				"up": {"uv": [0, 0, 4, 4], "texture": "#4"},
				"down": {"uv": [0, 0, 4, 4], "texture": "#2"}
			}
		},
		{
			"from": [13, 8, -1],
			"to": [15, 10, 1],
			"faces": {
				"north": {"uv": [0, 8, 1, 9], "texture": "#3"},
				"east": {"uv": [1, 8, 2, 9], "texture": "#3"},
				"south": {"uv": [2, 8, 3, 9], "texture": "#3"},
				"west": {"uv": [3, 8, 4, 9], "texture": "#3"},
				"up": {"uv": [9, 4, 8, 3], "texture": "#3"},
				"down": {"uv": [5, 8, 4, 9], "texture": "#3"}
			}
		},
		{
			"from": [1.6, 7, -3.9],
			"to": [3.6, 9, -1.9],
			"rotation": {"angle": -45, "axis": "y", "origin": [0, 0, 0]},
			"faces": {
				"north": {"uv": [9, 9, 10, 10], "texture": "#3"},
				"east": {"uv": [0, 9.5, 1, 10.5], "texture": "#3"},
				"south": {"uv": [1, 9.5, 2, 10.5], "texture": "#3"},
				"west": {"uv": [10, 0.5, 11, 1.5], "texture": "#3"},
				"up": {"uv": [11, 2.5, 10, 1.5], "texture": "#3"},
				"down": {"uv": [3, 10, 2, 11], "texture": "#3"}
			}
		},
		{
			"from": [18.5, 7, -4.9],
			"to": [20.5, 9, -2.9],
			"rotation": {"angle": -45, "axis": "y", "origin": [0, 0, 0]},
			"faces": {
				"north": {"uv": [9, 0.5, 10, 1.5], "texture": "#3"},
				"east": {"uv": [9, 1.5, 10, 2.5], "texture": "#3"},
				"south": {"uv": [2, 9, 3, 10], "texture": "#3"},
				"west": {"uv": [9, 2.5, 10, 3.5], "texture": "#3"},
				"up": {"uv": [4, 10, 3, 9], "texture": "#3"},
				"down": {"uv": [5, 9, 4, 10], "texture": "#3"}
			}
		},
		{
			"from": [19.5, 7, 1.1],
			"to": [21.5, 9, 3.1],
			"rotation": {"angle": -45, "axis": "y", "origin": [0, 0, 0]},
			"faces": {
				"north": {"uv": [9, 0.5, 10, 1.5], "texture": "#3"},
				"east": {"uv": [9, 1.5, 10, 2.5], "texture": "#3"},
				"south": {"uv": [2, 9, 3, 10], "texture": "#3"},
				"west": {"uv": [9, 2.5, 10, 3.5], "texture": "#3"},
				"up": {"uv": [4, 10, 3, 9], "texture": "#3"},
				"down": {"uv": [5, 9, 4, 10], "texture": "#3"}
			}
		},
		{
			"from": [6.5, 7, 7.1],
			"to": [8.5, 9, 9.1],
			"rotation": {"angle": -45, "axis": "y", "origin": [0, 0, 0]},
			"faces": {
				"north": {"uv": [5, 9, 6, 10], "texture": "#3"},
				"east": {"uv": [6, 9, 7, 10], "texture": "#3"},
				"south": {"uv": [7, 9, 8, 10], "texture": "#3"},
				"west": {"uv": [9, 7, 10, 8], "texture": "#3"},
				"up": {"uv": [9, 10, 8, 9], "texture": "#3"},
				"down": {"uv": [10, 8, 9, 9], "texture": "#3"}
			}
		},
		{
			"from": [6.9, 9, 8.2],
			"to": [7.9, 10, 8.2],
			"rotation": {"angle": -45, "axis": "y", "origin": [0, 0, 0]},
			"faces": {
				"north": {"uv": [2, 11.5, 2.5, 12], "texture": "#3"},
				"east": {"uv": [0, 0, 0, 0.5], "texture": "#3"},
				"south": {"uv": [2.5, 11.5, 3, 12], "texture": "#3"},
				"west": {"uv": [0, 0, 0, 0.5], "texture": "#3"},
				"up": {"uv": [0.5, 0, 0, 0], "texture": "#3"},
				"down": {"uv": [0.5, 0, 0, 0], "texture": "#3"}
			}
		},
		{
			"from": [7.4, 9, 7.7],
			"to": [7.4, 10, 8.7],
			"rotation": {"angle": -45, "axis": "y", "origin": [0, 0, 0]},
			"faces": {
				"north": {"uv": [0, 0, 0, 0.5], "texture": "#3"},
				"east": {"uv": [5.5, 11.5, 6, 12], "texture": "#3"},
				"south": {"uv": [0, 0, 0, 0.5], "texture": "#3"},
				"west": {"uv": [6, 11.5, 6.5, 12], "texture": "#3"},
				"up": {"uv": [0, 0.5, 0, 0], "texture": "#3"},
				"down": {"uv": [0, 0, 0, 0.5], "texture": "#3"}
			}
		},
		{
			"from": [13, 9, 15.5],
			"to": [13, 10, 16.5],
			"faces": {
				"north": {"uv": [0, 0, 0, 0.5], "texture": "#3"},
				"east": {"uv": [8, 11, 8.5, 11.5], "texture": "#3"},
				"south": {"uv": [0, 0, 0, 0.5], "texture": "#3"},
				"west": {"uv": [8.5, 11, 9, 11.5], "texture": "#3"},
				"up": {"uv": [0, 0.5, 0, 0], "texture": "#3"},
				"down": {"uv": [0, 0, 0, 0.5], "texture": "#3"}
			}
		},
		{
			"from": [16.4, 9, 10.5],
			"to": [16.4, 10, 11.5],
			"faces": {
				"north": {"uv": [0, 0, 0, 0.5], "texture": "#3"},
				"east": {"uv": [8, 11, 8.5, 11.5], "texture": "#3"},
				"south": {"uv": [0, 0, 0, 0.5], "texture": "#3"},
				"west": {"uv": [8.5, 11, 9, 11.5], "texture": "#3"},
				"up": {"uv": [0, 0.5, 0, 0], "texture": "#3"},
				"down": {"uv": [0, 0, 0, 0.5], "texture": "#3"}
			}
		},
		{
			"from": [12.5, 9, 16.1],
			"to": [13.5, 10, 16.1],
			"faces": {
				"north": {"uv": [10, 11, 10.5, 11.5], "texture": "#3"},
				"east": {"uv": [0, 0, 0, 0.5], "texture": "#3"},
				"south": {"uv": [10.5, 11, 11, 11.5], "texture": "#3"},
				"west": {"uv": [0, 0, 0, 0.5], "texture": "#3"},
				"up": {"uv": [0.5, 0, 0, 0], "texture": "#3"},
				"down": {"uv": [0.5, 0, 0, 0], "texture": "#3"}
			}
		},
		{
			"from": [16.2, 9, 11.1],
			"to": [17.2, 10, 11.1],
			"faces": {
				"north": {"uv": [10, 11, 10.5, 11.5], "texture": "#3"},
				"east": {"uv": [0, 0, 0, 0.5], "texture": "#3"},
				"south": {"uv": [10.5, 11, 11, 11.5], "texture": "#3"},
				"west": {"uv": [0, 0, 0, 0.5], "texture": "#3"},
				"up": {"uv": [0.5, 0, 0, 0], "texture": "#3"},
				"down": {"uv": [0.5, 0, 0, 0], "texture": "#3"}
			}
		},
		{
			"from": [13.5, 10, -0.1],
			"to": [14.5, 11, -0.1],
			"faces": {
				"north": {"uv": [8.5, 10.5, 9, 11], "texture": "#3"},
				"east": {"uv": [0, 0, 0, 0.5], "texture": "#3"},
				"south": {"uv": [7.5, 11, 8, 11.5], "texture": "#3"},
				"west": {"uv": [0, 0, 0, 0.5], "texture": "#3"},
				"up": {"uv": [0.5, 0, 0, 0], "texture": "#3"},
				"down": {"uv": [0.5, 0, 0, 0], "texture": "#3"}
			}
		},
		{
			"from": [1.9, 9, -3.1],
			"to": [2.9, 10, -3.1],
			"rotation": {"angle": -45, "axis": "y", "origin": [0, 0, 0]},
			"faces": {
				"north": {"uv": [6.5, 11.5, 7, 12], "texture": "#3"},
				"east": {"uv": [0, 0, 0, 0.5], "texture": "#3"},
				"south": {"uv": [7, 11.5, 7.5, 12], "texture": "#3"},
				"west": {"uv": [0, 0, 0, 0.5], "texture": "#3"},
				"up": {"uv": [0.5, 0, 0, 0], "texture": "#3"},
				"down": {"uv": [0.5, 0, 0, 0], "texture": "#3"}
			}
		},
		{
			"from": [13.9, 10, -0.5],
			"to": [13.9, 11, 0.5],
			"faces": {
				"north": {"uv": [0, 0, 0, 0.5], "texture": "#3"},
				"east": {"uv": [11, 10.5, 11.5, 11], "texture": "#3"},
				"south": {"uv": [0, 0, 0, 0.5], "texture": "#3"},
				"west": {"uv": [11, 11, 11.5, 11.5], "texture": "#3"},
				"up": {"uv": [0, 0.5, 0, 0], "texture": "#3"},
				"down": {"uv": [0, 0, 0, 0.5], "texture": "#3"}
			}
		},
		{
			"from": [2.5, 9, -3.5],
			"to": [2.5, 10, -2.5],
			"rotation": {"angle": -45, "axis": "y", "origin": [0, 0, 0]},
			"faces": {
				"north": {"uv": [0, 0, 0, 0.5], "texture": "#3"},
				"east": {"uv": [7.5, 11.5, 8, 12], "texture": "#3"},
				"south": {"uv": [0, 0, 0, 0.5], "texture": "#3"},
				"west": {"uv": [8, 11.5, 8.5, 12], "texture": "#3"},
				"up": {"uv": [0, 0.5, 0, 0], "texture": "#3"},
				"down": {"uv": [0, 0, 0, 0.5], "texture": "#3"}
			}
		},
		{
			"from": [6.1, 14, 6],
			"to": [6.1, 15, 10],
			"rotation": {"angle": 45, "axis": "y", "origin": [0, 0, 0]},
			"faces": {
				"north": {"uv": [0, 0, 0, 0.5], "texture": "#3"},
				"east": {"uv": [5, 8, 7, 8.5], "texture": "#3"},
				"south": {"uv": [0, 0, 0, 0.5], "texture": "#3"},
				"west": {"uv": [8, 5, 10, 5.5], "texture": "#3"},
				"up": {"uv": [0, 2, 0, 0], "texture": "#3"},
				"down": {"uv": [0, 0, 0, 2], "texture": "#3"}
			}
		},
		{
			"from": [6.1, 15, 9],
			"to": [6.1, 16, 13],
			"rotation": {"angle": 45, "axis": "y", "origin": [0, 0, 0]},
			"faces": {
				"north": {"uv": [0, 0, 0, 0.5], "texture": "#3"},
				"east": {"uv": [8, 5.5, 10, 6], "texture": "#3"},
				"south": {"uv": [0, 0, 0, 0.5], "texture": "#3"},
				"west": {"uv": [8, 6, 10, 6.5], "texture": "#3"},
				"up": {"uv": [0, 2, 0, 0], "texture": "#3"},
				"down": {"uv": [0, 0, 0, 2], "texture": "#3"}
			}
		},
		{
			"from": [6.1, 15, 5],
			"to": [6.1, 16, 7],
			"rotation": {"angle": 45, "axis": "y", "origin": [0, 0, 0]},
			"faces": {
				"north": {"uv": [0, 0, 0, 0.5], "texture": "#3"},
				"east": {"uv": [7.5, 10.5, 8.5, 11], "texture": "#3"},
				"south": {"uv": [0, 0, 0, 0.5], "texture": "#3"},
				"west": {"uv": [10.5, 9, 11.5, 9.5], "texture": "#3"},
				"up": {"uv": [0, 1, 0, 0], "texture": "#3"},
				"down": {"uv": [0, 0, 0, 1], "texture": "#3"}
			}
		},
		{
			"from": [6.1, 14, 12],
			"to": [6.1, 15, 16],
			"rotation": {"angle": 45, "axis": "y", "origin": [0, 0, 0]},
			"faces": {
				"north": {"uv": [0, 0, 0, 0.5], "texture": "#3"},
				"east": {"uv": [8, 4, 10, 4.5], "texture": "#3"},
				"south": {"uv": [0, 0, 0, 0.5], "texture": "#3"},
				"west": {"uv": [8, 4.5, 10, 5], "texture": "#3"},
				"up": {"uv": [0, 2, 0, 0], "texture": "#3"},
				"down": {"uv": [0, 0, 0, 2], "texture": "#3"}
			}
		},
		{
			"from": [6.1, 15, 15],
			"to": [6.1, 16, 17],
			"rotation": {"angle": 45, "axis": "y", "origin": [0, 0, 0]},
			"faces": {
				"north": {"uv": [0, 0, 0, 0.5], "texture": "#3"},
				"east": {"uv": [5.5, 10.5, 6.5, 11], "texture": "#3"},
				"south": {"uv": [0, 0, 0, 0.5], "texture": "#3"},
				"west": {"uv": [6.5, 10.5, 7.5, 11], "texture": "#3"},
				"up": {"uv": [0, 1, 0, 0], "texture": "#3"},
				"down": {"uv": [0, 0, 0, 1], "texture": "#3"}
			}
		},
		{
			"from": [-6.1, 14, 6],
			"to": [-6.1, 15, 10],
			"rotation": {"angle": 45, "axis": "y", "origin": [0, 0, 0]},
			"faces": {
				"north": {"uv": [0, 0, 0, 0.5], "texture": "#3"},
				"east": {"uv": [8, 6.5, 10, 7], "texture": "#3"},
				"south": {"uv": [0, 0, 0, 0.5], "texture": "#3"},
				"west": {"uv": [7, 8, 9, 8.5], "texture": "#3"},
				"up": {"uv": [0, 2, 0, 0], "texture": "#3"},
				"down": {"uv": [0, 0, 0, 2], "texture": "#3"}
			}
		},
		{
			"from": [-6.1, 15, 9],
			"to": [-6.1, 16, 13],
			"rotation": {"angle": 45, "axis": "y", "origin": [0, 0, 0]},
			"faces": {
				"north": {"uv": [0, 0, 0, 0.5], "texture": "#3"},
				"east": {"uv": [5, 8.5, 7, 9], "texture": "#3"},
				"south": {"uv": [0, 0, 0, 0.5], "texture": "#3"},
				"west": {"uv": [7, 8.5, 9, 9], "texture": "#3"},
				"up": {"uv": [0, 2, 0, 0], "texture": "#3"},
				"down": {"uv": [0, 0, 0, 2], "texture": "#3"}
			}
		},
		{
			"from": [-6.1, 15, 5],
			"to": [-6.1, 16, 7],
			"rotation": {"angle": 45, "axis": "y", "origin": [0, 0, 0]},
			"faces": {
				"north": {"uv": [0, 0, 0, 0.5], "texture": "#3"},
				"east": {"uv": [10.5, 9.5, 11.5, 10], "texture": "#3"},
				"south": {"uv": [0, 0, 0, 0.5], "texture": "#3"},
				"west": {"uv": [10, 10.5, 11, 11], "texture": "#3"},
				"up": {"uv": [0, 1, 0, 0], "texture": "#3"},
				"down": {"uv": [0, 0, 0, 1], "texture": "#3"}
			}
		},
		{
			"from": [-6.1, 14, 12],
			"to": [-6.1, 15, 16],
			"rotation": {"angle": 45, "axis": "y", "origin": [0, 0, 0]},
			"faces": {
				"north": {"uv": [0, 0, 0, 0.5], "texture": "#3"},
				"east": {"uv": [0, 9, 2, 9.5], "texture": "#3"},
				"south": {"uv": [0, 0, 0, 0.5], "texture": "#3"},
				"west": {"uv": [9, 0, 11, 0.5], "texture": "#3"},
				"up": {"uv": [0, 2, 0, 0], "texture": "#3"},
				"down": {"uv": [0, 0, 0, 2], "texture": "#3"}
			}
		},
		{
			"from": [-6.1, 15, 15],
			"to": [-6.1, 16, 17.1],
			"rotation": {"angle": 45, "axis": "y", "origin": [0, 0, 0]},
			"faces": {
				"north": {"uv": [0, 0, 0, 0.5], "texture": "#3"},
				"east": {"uv": [10.5, 10, 11.5, 10.5], "texture": "#3"},
				"south": {"uv": [0, 0, 0, 0.5], "texture": "#3"},
				"west": {"uv": [11, 0, 12, 0.5], "texture": "#3"},
				"up": {"uv": [0, 1, 0, 0], "texture": "#3"},
				"down": {"uv": [0, 0, 0, 1], "texture": "#3"}
			}
		},
		{
			"from": [-5, 14, 4.9],
			"to": [-1, 15, 4.9],
			"rotation": {"angle": 45, "axis": "y", "origin": [0, 0, 0]},
			"faces": {
				"north": {"uv": [9, 3.5, 11, 4], "texture": "#3"},
				"east": {"uv": [0, 0, 0, 0.5], "texture": "#3"},
				"south": {"uv": [10, 2.5, 12, 3], "texture": "#3"},
				"west": {"uv": [0, 0, 0, 0.5], "texture": "#3"},
				"up": {"uv": [2, 0, 0, 0], "texture": "#3"},
				"down": {"uv": [2, 0, 0, 0], "texture": "#3"}
			}
		},
		{
			"from": [-2, 15, 4.9],
			"to": [2, 16, 4.9],
			"rotation": {"angle": 45, "axis": "y", "origin": [0, 0, 0]},
			"faces": {
				"north": {"uv": [3, 10, 5, 10.5], "texture": "#3"},
				"east": {"uv": [0, 0, 0, 0.5], "texture": "#3"},
				"south": {"uv": [10, 3, 12, 3.5], "texture": "#3"},
				"west": {"uv": [0, 0, 0, 0.5], "texture": "#3"},
				"up": {"uv": [2, 0, 0, 0], "texture": "#3"},
				"down": {"uv": [2, 0, 0, 0], "texture": "#3"}
			}
		},
		{
			"from": [-6, 15, 4.9],
			"to": [-4, 16, 4.9],
			"rotation": {"angle": 45, "axis": "y", "origin": [0, 0, 0]},
			"faces": {
				"north": {"uv": [11, 0.5, 12, 1], "texture": "#3"},
				"east": {"uv": [0, 0, 0, 0.5], "texture": "#3"},
				"south": {"uv": [11, 1, 12, 1.5], "texture": "#3"},
				"west": {"uv": [0, 0, 0, 0.5], "texture": "#3"},
				"up": {"uv": [1, 0, 0, 0], "texture": "#3"},
				"down": {"uv": [1, 0, 0, 0], "texture": "#3"}
			}
		},
		{
			"from": [1, 14, 4.9],
			"to": [5, 15, 4.9],
			"rotation": {"angle": 45, "axis": "y", "origin": [0, 0, 0]},
			"faces": {
				"north": {"uv": [10, 4, 12, 4.5], "texture": "#3"},
				"east": {"uv": [0, 0, 0, 0.5], "texture": "#3"},
				"south": {"uv": [10, 4.5, 12, 5], "texture": "#3"},
				"west": {"uv": [0, 0, 0, 0.5], "texture": "#3"},
				"up": {"uv": [2, 0, 0, 0], "texture": "#3"},
				"down": {"uv": [2, 0, 0, 0], "texture": "#3"}
			}
		},
		{
			"from": [4, 15, 4.9],
			"to": [6, 16, 4.9],
			"rotation": {"angle": 45, "axis": "y", "origin": [0, 0, 0]},
			"faces": {
				"north": {"uv": [11, 1.5, 12, 2], "texture": "#3"},
				"east": {"uv": [0, 0, 0, 0.5], "texture": "#3"},
				"south": {"uv": [2, 11, 3, 11.5], "texture": "#3"},
				"west": {"uv": [0, 0, 0, 0.5], "texture": "#3"},
				"up": {"uv": [1, 0, 0, 0], "texture": "#3"},
				"down": {"uv": [1, 0, 0, 0], "texture": "#3"}
			}
		},
		{
			"from": [-5, 14, 17.1],
			"to": [-1, 15, 17.1],
			"rotation": {"angle": 45, "axis": "y", "origin": [0, 0, 0]},
			"faces": {
				"north": {"uv": [5, 10, 7, 10.5], "texture": "#3"},
				"east": {"uv": [0, 0, 0, 0.5], "texture": "#3"},
				"south": {"uv": [10, 5, 12, 5.5], "texture": "#3"},
				"west": {"uv": [0, 0, 0, 0.5], "texture": "#3"},
				"up": {"uv": [2, 0, 0, 0], "texture": "#3"},
				"down": {"uv": [2, 0, 0, 0], "texture": "#3"}
			}
		},
		{
			"from": [-2, 15, 17.1],
			"to": [2, 16, 17.1],
			"rotation": {"angle": 45, "axis": "y", "origin": [0, 0, 0]},
			"faces": {
				"north": {"uv": [10, 5.5, 12, 6], "texture": "#3"},
				"east": {"uv": [0, 0, 0, 0.5], "texture": "#3"},
				"south": {"uv": [10, 6, 12, 6.5], "texture": "#3"},
				"west": {"uv": [0, 0, 0, 0.5], "texture": "#3"},
				"up": {"uv": [2, 0, 0, 0], "texture": "#3"},
				"down": {"uv": [2, 0, 0, 0], "texture": "#3"}
			}
		},
		{
			"from": [-6, 15, 17.1],
			"to": [-4, 16, 17.1],
			"rotation": {"angle": 45, "axis": "y", "origin": [0, 0, 0]},
			"faces": {
				"north": {"uv": [11, 2, 12, 2.5], "texture": "#3"},
				"east": {"uv": [0, 0, 0, 0.5], "texture": "#3"},
				"south": {"uv": [11, 3.5, 12, 4], "texture": "#3"},
				"west": {"uv": [0, 0, 0, 0.5], "texture": "#3"},
				"up": {"uv": [1, 0, 0, 0], "texture": "#3"},
				"down": {"uv": [1, 0, 0, 0], "texture": "#3"}
			}
		},
		{
			"from": [1, 14, 17.1],
			"to": [5, 15, 17.1],
			"rotation": {"angle": 45, "axis": "y", "origin": [0, 0, 0]},
			"faces": {
				"north": {"uv": [10, 6.5, 12, 7], "texture": "#3"},
				"east": {"uv": [0, 0, 0, 0.5], "texture": "#3"},
				"south": {"uv": [7, 10, 9, 10.5], "texture": "#3"},
				"west": {"uv": [0, 0, 0, 0.5], "texture": "#3"},
				"up": {"uv": [2, 0, 0, 0], "texture": "#3"},
				"down": {"uv": [2, 0, 0, 0], "texture": "#3"}
			}
		},
		{
			"from": [4, 15, 17.1],
			"to": [6, 16, 17.1],
			"rotation": {"angle": 45, "axis": "y", "origin": [0, 0, 0]},
			"faces": {
				"north": {"uv": [5.5, 11, 6.5, 11.5], "texture": "#3"},
				"east": {"uv": [0, 0, 0, 0.5], "texture": "#3"},
				"south": {"uv": [6.5, 11, 7.5, 11.5], "texture": "#3"},
				"west": {"uv": [0, 0, 0, 0.5], "texture": "#3"},
				"up": {"uv": [1, 0, 0, 0], "texture": "#3"},
				"down": {"uv": [1, 0, 0, 0], "texture": "#3"}
			}
		},
		{
			"from": [3.9, 21, 7],
			"to": [3.9, 22, 8],
			"faces": {
				"north": {"uv": [0, 0, 0, 0.5], "texture": "#3"},
				"east": {"uv": [8.5, 11.5, 9, 12], "texture": "#3"},
				"south": {"uv": [0, 0, 0, 0.5], "texture": "#3"},
				"west": {"uv": [9, 11.5, 9.5, 12], "texture": "#3"},
				"up": {"uv": [0, 0.5, 0, 0], "texture": "#3"},
				"down": {"uv": [0, 0, 0, 0.5], "texture": "#3"}
			}
		},
		{
			"from": [3.9, 21, 9],
			"to": [3.9, 22, 10],
			"faces": {
				"north": {"uv": [0, 0, 0, 0.5], "texture": "#3"},
				"east": {"uv": [11.5, 9.5, 12, 10], "texture": "#3"},
				"south": {"uv": [0, 0, 0, 0.5], "texture": "#3"},
				"west": {"uv": [10, 11.5, 10.5, 12], "texture": "#3"},
				"up": {"uv": [0, 0.5, 0, 0], "texture": "#3"},
				"down": {"uv": [0, 0, 0, 0.5], "texture": "#3"}
			}
		},
		{
			"from": [3.9, 20, 8],
			"to": [3.9, 23, 9],
			"faces": {
				"north": {"uv": [0, 0, 0, 1.5], "texture": "#3"},
				"east": {"uv": [9, 10, 9.5, 11.5], "texture": "#3"},
				"south": {"uv": [0, 0, 0, 1.5], "texture": "#3"},
				"west": {"uv": [10, 9, 10.5, 10.5], "texture": "#3"},
				"up": {"uv": [0, 0.5, 0, 0], "texture": "#3"},
				"down": {"uv": [0, 0, 0, 0.5], "texture": "#3"}
			}
		},
		{
			"from": [12.1, 21, 7],
			"to": [12.1, 22, 8],
			"faces": {
				"north": {"uv": [0, 0, 0, 0.5], "texture": "#3"},
				"east": {"uv": [11.5, 9, 12, 9.5], "texture": "#3"},
				"south": {"uv": [0, 0, 0, 0.5], "texture": "#3"},
				"west": {"uv": [9.5, 11.5, 10, 12], "texture": "#3"},
				"up": {"uv": [0, 0.5, 0, 0], "texture": "#3"},
				"down": {"uv": [0, 0, 0, 0.5], "texture": "#3"}
			}
		},
		{
			"from": [12.1, 21, 5],
			"to": [12.1, 22, 6],
			"faces": {
				"north": {"uv": [0, 0, 0, 0.5], "texture": "#3"},
				"east": {"uv": [11.5, 10, 12, 10.5], "texture": "#3"},
				"south": {"uv": [0, 0, 0, 0.5], "texture": "#3"},
				"west": {"uv": [10.5, 11.5, 11, 12], "texture": "#3"},
				"up": {"uv": [0, 0.5, 0, 0], "texture": "#3"},
				"down": {"uv": [0, 0, 0, 0.5], "texture": "#3"}
			}
		},
		{
			"from": [12.1, 20, 6],
			"to": [12.1, 23, 7],
			"faces": {
				"north": {"uv": [0, 0, 0, 1.5], "texture": "#3"},
				"east": {"uv": [9.5, 10, 10, 11.5], "texture": "#3"},
				"south": {"uv": [0, 0, 0, 1.5], "texture": "#3"},
				"west": {"uv": [0, 10.5, 0.5, 12], "texture": "#3"},
				"up": {"uv": [0, 0.5, 0, 0], "texture": "#3"},
				"down": {"uv": [0, 0, 0, 0.5], "texture": "#3"}
			}
		},
		{
			"from": [8, 21, 12.2],
			"to": [9, 22, 12.2],
			"faces": {
				"north": {"uv": [11.5, 10.5, 12, 11], "texture": "#3"},
				"east": {"uv": [0, 0, 0, 0.5], "texture": "#3"},
				"south": {"uv": [11, 11.5, 11.5, 12], "texture": "#3"},
				"west": {"uv": [0, 0, 0, 0.5], "texture": "#3"},
				"up": {"uv": [0.5, 0, 0, 0], "texture": "#3"},
				"down": {"uv": [0.5, 0, 0, 0], "texture": "#3"}
			}
		},
		{
			"from": [5, 21, 3.9],
			"to": [6, 22, 3.9],
			"faces": {
				"north": {"uv": [3, 12, 3.5, 12.5], "texture": "#3"},
				"east": {"uv": [0, 0, 0, 0.5], "texture": "#3"},
				"south": {"uv": [12, 3, 12.5, 3.5], "texture": "#3"},
				"west": {"uv": [0, 0, 0, 0.5], "texture": "#3"},
				"up": {"uv": [0.5, 0, 0, 0], "texture": "#3"},
				"down": {"uv": [0.5, 0, 0, 0], "texture": "#3"}
			}
		},
		{
			"from": [10, 21, 12.2],
			"to": [11, 22, 12.2],
			"faces": {
				"north": {"uv": [11.5, 11, 12, 11.5], "texture": "#3"},
				"east": {"uv": [0, 0, 0, 0.5], "texture": "#3"},
				"south": {"uv": [11.5, 11.5, 12, 12], "texture": "#3"},
				"west": {"uv": [0, 0, 0, 0.5], "texture": "#3"},
				"up": {"uv": [0.5, 0, 0, 0], "texture": "#3"},
				"down": {"uv": [0.5, 0, 0, 0], "texture": "#3"}
			}
		},
		{
			"from": [9, 20, 12.2],
			"to": [10, 23, 12.2],
			"faces": {
				"north": {"uv": [0.5, 10.5, 1, 12], "texture": "#3"},
				"east": {"uv": [0, 0, 0, 1.5], "texture": "#3"},
				"south": {"uv": [1, 10.5, 1.5, 12], "texture": "#3"},
				"west": {"uv": [0, 0, 0, 1.5], "texture": "#3"},
				"up": {"uv": [0.5, 0, 0, 0], "texture": "#3"},
				"down": {"uv": [0.5, 0, 0, 0], "texture": "#3"}
			}
		},
		{
			"from": [7, 21, 3.9],
			"to": [8, 22, 3.9],
			"faces": {
				"north": {"uv": [3.5, 12, 4, 12.5], "texture": "#3"},
				"east": {"uv": [0, 0, 0, 0.5], "texture": "#3"},
				"south": {"uv": [12, 3.5, 12.5, 4], "texture": "#3"},
				"west": {"uv": [0, 0, 0, 0.5], "texture": "#3"},
				"up": {"uv": [0.5, 0, 0, 0], "texture": "#3"},
				"down": {"uv": [0.5, 0, 0, 0], "texture": "#3"}
			}
		},
		{
			"from": [-1, 26, 8.9],
			"to": [0, 27, 8.9],
			"rotation": {"angle": 45, "axis": "y", "origin": [0, 0, 0]},
			"faces": {
				"north": {"uv": [4, 12, 4.5, 12.5], "texture": "#3"},
				"east": {"uv": [0, 0, 0, 0.5], "texture": "#3"},
				"south": {"uv": [12, 4, 12.5, 4.5], "texture": "#3"},
				"west": {"uv": [0, 0, 0, 0.5], "texture": "#3"},
				"up": {"uv": [0.5, 0, 0, 0], "texture": "#3"},
				"down": {"uv": [0.5, 0, 0, 0], "texture": "#3"}
			}
		},
		{
			"from": [-1, 26, 13.1],
			"to": [0, 27, 13.1],
			"rotation": {"angle": 45, "axis": "y", "origin": [0, 0, 0]},
			"faces": {
				"north": {"uv": [4.5, 12, 5, 12.5], "texture": "#3"},
				"east": {"uv": [0, 0, 0, 0.5], "texture": "#3"},
				"south": {"uv": [12, 4.5, 12.5, 5], "texture": "#3"},
				"west": {"uv": [0, 0, 0, 0.5], "texture": "#3"},
				"up": {"uv": [0.5, 0, 0, 0], "texture": "#3"},
				"down": {"uv": [0.5, 0, 0, 0], "texture": "#3"}
			}
		},
		{
			"from": [6, 20, 3.9],
			"to": [7, 23, 3.9],
			"faces": {
				"north": {"uv": [4.5, 10.5, 5, 12], "texture": "#3"},
				"east": {"uv": [0, 0, 0, 1.5], "texture": "#3"},
				"south": {"uv": [5, 10.5, 5.5, 12], "texture": "#3"},
				"west": {"uv": [0, 0, 0, 1.5], "texture": "#3"},
				"up": {"uv": [0.5, 0, 0, 0], "texture": "#3"},
				"down": {"uv": [0.5, 0, 0, 0], "texture": "#3"}
			}
		},
		{
			"from": [3, 8, 16.1],
			"to": [4, 9, 16.1],
			"faces": {
				"north": {"uv": [0, 12, 0.5, 12.5], "texture": "#3"},
				"east": {"uv": [0, 0, 0, 0.5], "texture": "#3"},
				"south": {"uv": [12, 0, 12.5, 0.5], "texture": "#3"},
				"west": {"uv": [0, 0, 0, 0.5], "texture": "#3"},
				"up": {"uv": [0.5, 0, 0, 0], "texture": "#3"},
				"down": {"uv": [0.5, 0, 0, 0], "texture": "#3"}
			}
		},
		{
			"from": [16.1, 8, 3],
			"to": [16.1, 9, 4],
			"faces": {
				"north": {"uv": [0, 0, 0, 0.5], "texture": "#3"},
				"east": {"uv": [0.5, 12, 1, 12.5], "texture": "#3"},
				"south": {"uv": [0, 0, 0, 0.5], "texture": "#3"},
				"west": {"uv": [12, 0.5, 12.5, 1], "texture": "#3"},
				"up": {"uv": [0, 0.5, 0, 0], "texture": "#3"},
				"down": {"uv": [0, 0, 0, 0.5], "texture": "#3"}
			}
		},
		{
			"from": [8, 29, 7.5],
			"to": [8, 32, 8.5],
			"faces": {
				"north": {"uv": [0, 0, 0, 1.5], "texture": "#3"},
				"east": {"uv": [1.5, 10.5, 2, 12], "texture": "#3"},
				"south": {"uv": [0, 0, 0, 1.5], "texture": "#3"},
				"west": {"uv": [3, 10.5, 3.5, 12], "texture": "#3"},
				"up": {"uv": [0, 0.5, 0, 0], "texture": "#3"},
				"down": {"uv": [0, 0, 0, 0.5], "texture": "#3"}
			}
		},
		{
			"from": [8, 30, 6.5],
			"to": [8, 31, 7.5],
			"faces": {
				"north": {"uv": [0, 0, 0, 0.5], "texture": "#3"},
				"east": {"uv": [1.5, 12, 2, 12.5], "texture": "#3"},
				"south": {"uv": [0, 0, 0, 0.5], "texture": "#3"},
				"west": {"uv": [12, 1.5, 12.5, 2], "texture": "#3"},
				"up": {"uv": [0, 0.5, 0, 0], "texture": "#3"},
				"down": {"uv": [0, 0, 0, 0.5], "texture": "#3"}
			}
		},
		{
			"from": [8, 30, 8.5],
			"to": [8, 31, 9.5],
			"faces": {
				"north": {"uv": [0, 0, 0, 0.5], "texture": "#3"},
				"east": {"uv": [1, 12, 1.5, 12.5], "texture": "#3"},
				"south": {"uv": [0, 0, 0, 0.5], "texture": "#3"},
				"west": {"uv": [12, 1, 12.5, 1.5], "texture": "#3"},
				"up": {"uv": [0, 0.5, 0, 0], "texture": "#3"},
				"down": {"uv": [0, 0, 0, 0.5], "texture": "#3"}
			}
		},
		{
			"from": [7.5, 29, 8],
			"to": [8.5, 32, 8],
			"faces": {
				"north": {"uv": [3.5, 10.5, 4, 12], "texture": "#3"},
				"east": {"uv": [0, 0, 0, 1.5], "texture": "#3"},
				"south": {"uv": [4, 10.5, 4.5, 12], "texture": "#3"},
				"west": {"uv": [0, 0, 0, 1.5], "texture": "#3"},
				"up": {"uv": [0.5, 0, 0, 0], "texture": "#3"},
				"down": {"uv": [0.5, 0, 0, 0], "texture": "#3"}
			}
		},
		{
			"from": [6.5, 30, 8],
			"to": [7.5, 31, 8],
			"faces": {
				"north": {"uv": [2, 12, 2.5, 12.5], "texture": "#3"},
				"east": {"uv": [0, 0, 0, 0.5], "texture": "#3"},
				"south": {"uv": [12, 2, 12.5, 2.5], "texture": "#3"},
				"west": {"uv": [0, 0, 0, 0.5], "texture": "#3"},
				"up": {"uv": [0.5, 0, 0, 0], "texture": "#3"},
				"down": {"uv": [0.5, 0, 0, 0], "texture": "#3"}
			}
		},
		{
			"from": [8.5, 30, 8],
			"to": [9.5, 31, 8],
			"faces": {
				"north": {"uv": [2.5, 12, 3, 12.5], "texture": "#3"},
				"east": {"uv": [0, 0, 0, 0.5], "texture": "#3"},
				"south": {"uv": [12, 2.5, 12.5, 3], "texture": "#3"},
				"west": {"uv": [0, 0, 0, 0.5], "texture": "#3"},
				"up": {"uv": [0.5, 0, 0, 0], "texture": "#3"},
				"down": {"uv": [0.5, 0, 0, 0], "texture": "#3"}
			}
		}
	],
	"display": {
		"thirdperson_righthand": {
			"translation": [0, 2.5, 1.75],
			"scale": [0.3, 0.3, 0.3]
		},
		"thirdperson_lefthand": {
			"translation": [0, 2.5, 1.75],
			"scale": [0.3, 0.3, 0.3]
		},
		"firstperson_righthand": {
			"translation": [1.75, 1, 0],
			"scale": [0.3, 0.3, 0.3]
		},
		"firstperson_lefthand": {
			"translation": [1.75, 0, 0],
			"scale": [0.3, 0.3, 0.3]
		},
		"gui": {
			"rotation": [16, 14, -35],
			"translation": [-1.5, -3, 0],
			"scale": [0.5, 0.5, 0.5]
		},
		"head": {
			"translation": [0, 8.25, 0]
		},
		"fixed": {
			"rotation": [-90, 0, 0],
			"translation": [0, 0, -16],
			"scale": [2, 2, 2]
		}
	},
	"groups": [
		{
			"name": "group",
			"origin": [8, 8, 8],
			"color": 0,
			"nbt": "{}",
			"children": [
				0,
				1,
				2,
				3,
				4,
				5,
				6,
				7,
				8,
				9,
				10,
				11,
				12,
				13,
				14,
				15,
				16,
				17,
				18,
				19,
				20,
				21,
				22,
				23,
				24,
				25,
				26,
				27,
				{
					"name": "group",
					"origin": [8, 8, 8],
					"color": 0,
					"nbt": "{}",
					"children": [28, 29, 30, 31, 32]
				},
				{
					"name": "group",
					"origin": [8, 8, 8],
					"color": 0,
					"nbt": "{}",
					"children": [33, 34, 35, 36, 37]
				},
				{
					"name": "group",
					"origin": [8, 8, 8],
					"color": 0,
					"nbt": "{}",
					"children": [38, 39, 40, 41, 42]
				},
				{
					"name": "group",
					"origin": [8, 8, 8],
					"color": 0,
					"nbt": "{}",
					"children": [43, 44, 45, 46, 47]
				}
			]
		},
		{
			"name": "group",
			"origin": [8, 8, 8],
			"color": 0,
			"nbt": "{}",
			"children": [48, 49, 50]
		},
		{
			"name": "group",
			"origin": [8, 8, 8],
			"color": 0,
			"nbt": "{}",
			"children": [51, 52, 53]
		},
		{
			"name": "group",
			"origin": [8, 8, 8],
			"color": 0,
			"nbt": "{}",
			"children": [54, 55, 56, 57, 58, 59, 60, 61, 62, 63]
		},
		{
			"name": "group",
			"origin": [8, 8, 8],
			"color": 0,
			"nbt": "{}",
			"children": [64, 65, 66]
		},
		{
			"name": "group",
			"origin": [8, 8, 8],
			"color": 0,
			"nbt": "{}",
			"children": [67, 68, 69]
		}
	]
}