{
	"credit": "Made with Blockbench",
	"texture_size": [8, 8],
	"textures": {
		"0": "jeracraft:christmas/wraith",
		"1": "jeracraft:christmas/knot",
		"2": "jeracraft:christmas/dots",
		"particle": "jeracraft:christmas/wraith"
	},
	"elements": [
		{
			"from": [5, 0, 2],
			"to": [11, 2, 5],
			"faces": {
				"north": {"uv": [0, 0, 6, 2], "texture": "#0"},
				"east": {"uv": [0, 0, 3, 2], "texture": "#0"},
				"south": {"uv": [0, 0, 6, 2], "texture": "#0"},
				"west": {"uv": [13, 9, 16, 11], "texture": "#0"},
				"up": {"uv": [6, 9, 9, 15], "rotation": 90, "texture": "#0"},
				"down": {"uv": [0, 0, 6, 3], "texture": "#0"}
			}
		},
		{
			"from": [5, 0, 11],
			"to": [11, 2, 14],
			"faces": {
				"north": {"uv": [0, 0, 6, 2], "texture": "#0"},
				"east": {"uv": [0, 0, 3, 2], "texture": "#0"},
				"south": {"uv": [0, 0, 6, 2], "texture": "#0"},
				"west": {"uv": [0, 0, 3, 2], "texture": "#0"},
				"up": {"uv": [9, 4, 15, 7], "texture": "#0"},
				"down": {"uv": [0, 0, 6, 3], "texture": "#0"}
			}
		},
		{
			"from": [11, 0, 3],
			"to": [13, 2, 5],
			"faces": {
				"north": {"uv": [0, 0, 2, 2], "texture": "#0"},
				"east": {"uv": [0, 0, 2, 2], "texture": "#0"},
				"south": {"uv": [0, 0, 2, 2], "texture": "#0"},
				"west": {"uv": [0, 0, 2, 2], "texture": "#missing"},
				"up": {"uv": [0, 0, 2, 2], "texture": "#0"},
				"down": {"uv": [0, 0, 2, 2], "texture": "#0"}
			}
		},
		{
			"from": [5, 0, 5],
			"to": [6, 2, 6],
			"faces": {
				"north": {"uv": [1, 4, 2, 6], "texture": "#missing"},
				"east": {"uv": [0, 0, 1, 2], "texture": "#0"},
				"south": {"uv": [0, 0, 1, 2], "texture": "#0"},
				"west": {"uv": [0, 0, 1, 2], "texture": "#0"},
				"up": {"uv": [12, 10, 13, 11], "texture": "#0"},
				"down": {"uv": [7.5, 4.5, 8.5, 5.5], "texture": "#0"}
			}
		},
		{
			"from": [10, 0, 5],
			"to": [11, 2, 6],
			"faces": {
				"north": {"uv": [0, 0, 1, 2], "texture": "#missing"},
				"east": {"uv": [0, 0, 1, 2], "texture": "#missing"},
				"south": {"uv": [0, 0, 1, 2], "texture": "#0"},
				"west": {"uv": [15, 5, 16, 7], "texture": "#0"},
				"up": {"uv": [7, 6, 8, 7], "rotation": 90, "texture": "#0"},
				"down": {"uv": [7, 0, 8, 1], "texture": "#0"}
			}
		},
		{
			"from": [10, 0, 10],
			"to": [11, 2, 11],
			"faces": {
				"north": {"uv": [0, 0, 1, 2], "texture": "#0"},
				"east": {"uv": [0, 0, 1, 2], "texture": "#missing"},
				"south": {"uv": [4, 1, 5, 3], "texture": "#missing"},
				"west": {"uv": [0, 0, 1, 2], "texture": "#0"},
				"up": {"uv": [4.5, 5.5, 5.5, 6.5], "texture": "#0"},
				"down": {"uv": [8.5, 3, 9.5, 4], "texture": "#0"}
			}
		},
		{
			"from": [5, 0, 10],
			"to": [6, 2, 11],
			"faces": {
				"north": {"uv": [0, 0, 1, 2], "texture": "#0"},
				"east": {"uv": [0, 0, 1, 2], "texture": "#0"},
				"south": {"uv": [1, 1, 2, 3], "texture": "#missing"},
				"west": {"uv": [0, 0, 1, 2], "texture": "#0"},
				"up": {"uv": [9, 8.5, 10, 9.5], "texture": "#0"},
				"down": {"uv": [1.5, 0, 2.5, 1], "texture": "#0"}
			}
		},
		{
			"from": [3, 0, 3],
			"to": [5, 2, 5],
			"faces": {
				"north": {"uv": [0, 0, 2, 2], "texture": "#0"},
				"east": {"uv": [0, 0, 2, 2], "texture": "#missing"},
				"south": {"uv": [0, 0, 2, 2], "texture": "#0"},
				"west": {"uv": [0, 0, 2, 2], "texture": "#0"},
				"up": {"uv": [14, 8, 16, 10], "texture": "#0"},
				"down": {"uv": [0, 0, 2, 2], "texture": "#0"}
			}
		},
		{
			"from": [11, 0, 11],
			"to": [13, 2, 13],
			"faces": {
				"north": {"uv": [0, 0, 2, 2], "texture": "#0"},
				"east": {"uv": [0, 0, 2, 2], "texture": "#0"},
				"south": {"uv": [0, 0, 2, 2], "texture": "#0"},
				"west": {"uv": [0, 0, 2, 2], "texture": "#missing"},
				"up": {"uv": [14, 14, 16, 16], "texture": "#0"},
				"down": {"uv": [0, 0, 2, 2], "texture": "#0"}
			}
		},
		{
			"from": [3, 0, 11],
			"to": [5, 2, 13],
			"faces": {
				"north": {"uv": [0, 0, 2, 2], "texture": "#0"},
				"east": {"uv": [0, 0, 2, 2], "texture": "#missing"},
				"south": {"uv": [0, 0, 2, 2], "texture": "#0"},
				"west": {"uv": [0, 0, 2, 2], "texture": "#0"},
				"up": {"uv": [0, 0, 2, 2], "texture": "#0"},
				"down": {"uv": [0, 0, 2, 2], "texture": "#0"}
			}
		},
		{
			"from": [11, 0, 5],
			"to": [14, 2, 11],
			"faces": {
				"north": {"uv": [0, 0, 3, 2], "texture": "#0"},
				"east": {"uv": [0, 0, 6, 2], "texture": "#0"},
				"south": {"uv": [0, 0, 3, 2], "texture": "#0"},
				"west": {"uv": [0, 0, 6, 2], "texture": "#0"},
				"up": {"uv": [9, 4, 12, 10], "texture": "#0"},
				"down": {"uv": [0, 1, 3, 7], "texture": "#0"}
			}
		},
		{
			"from": [2, 0, 5],
			"to": [5, 2, 11],
			"faces": {
				"north": {"uv": [0, 0, 3, 2], "texture": "#0"},
				"east": {"uv": [0, 0, 6, 2], "texture": "#0"},
				"south": {"uv": [0, 0, 3, 2], "texture": "#0"},
				"west": {"uv": [0, 0, 6, 2], "texture": "#0"},
				"up": {"uv": [6, 1, 9, 7], "texture": "#0"},
				"down": {"uv": [0, 0, 3, 6], "texture": "#0"}
			}
		},
		{
			"from": [15, 2.2, 5],
			"to": [16, 2.2, 7],
			"faces": {
				"north": {"uv": [0, 0, 1, 0], "texture": "#1"},
				"east": {"uv": [0, 0, 2, 0], "texture": "#1"},
				"south": {"uv": [0, 0, 1, 0], "texture": "#1"},
				"west": {"uv": [0, 0, 2, 0], "texture": "#1"},
				"up": {"uv": [4, 2, 3, 0], "texture": "#1"},
				"down": {"uv": [2, 3, 1, 5], "texture": "#1"}
			}
		},
		{
			"from": [13, 2.2, 4],
			"to": [15, 2.2, 5],
			"faces": {
				"north": {"uv": [0, 0, 2, 0], "texture": "#1"},
				"east": {"uv": [0, 0, 1, 0], "texture": "#1"},
				"south": {"uv": [0, 0, 2, 0], "texture": "#1"},
				"west": {"uv": [0, 0, 1, 0], "texture": "#1"},
				"up": {"uv": [4, 4, 2, 3], "texture": "#1"},
				"down": {"uv": [5, 2, 3, 3], "texture": "#1"}
			}
		},
		{
			"from": [12, 2.2, 5],
			"to": [13, 2.2, 7.5],
			"faces": {
				"north": {"uv": [0, 0, 1, 0], "texture": "#1"},
				"east": {"uv": [0, 0, 2.5, 0], "texture": "#1"},
				"south": {"uv": [0, 0, 1, 0], "texture": "#1"},
				"west": {"uv": [0, 0, 2.5, 0], "texture": "#1"},
				"up": {"uv": [1, 2.5, 0, 0], "texture": "#1"},
				"down": {"uv": [2, 0, 1, 2.5], "texture": "#1"}
			}
		},
		{
			"from": [14, 2.2, 6.6],
			"to": [15, 2.2, 7.6],
			"faces": {
				"north": {"uv": [0, 0, 1, 0], "texture": "#1"},
				"east": {"uv": [0, 0, 1, 0], "texture": "#1"},
				"south": {"uv": [0, 0, 1, 0], "texture": "#1"},
				"west": {"uv": [0, 0, 1, 0], "texture": "#1"},
				"up": {"uv": [2, 6, 1, 5], "texture": "#1"},
				"down": {"uv": [3, 6, 2, 7], "texture": "#1"}
			}
		},
		{
			"from": [15, 2.2, 9],
			"to": [16, 2.2, 11],
			"faces": {
				"north": {"uv": [0, 0, 1, 0], "texture": "#1"},
				"east": {"uv": [0, 0, 2, 0], "texture": "#1"},
				"south": {"uv": [0, 0, 1, 0], "texture": "#1"},
				"west": {"uv": [0, 0, 2, 0], "texture": "#1"},
				"up": {"uv": [5, 2, 4, 0], "texture": "#1"},
				"down": {"uv": [3, 4, 2, 6], "texture": "#1"}
			}
		},
		{
			"from": [13.5, 2.2, 7.6],
			"to": [14.5, 2.2, 8.5],
			"faces": {
				"north": {"uv": [0, 0, 1, 0], "texture": "#1"},
				"east": {"uv": [0, 0, 1, 0], "texture": "#1"},
				"south": {"uv": [0, 0, 1, 0], "texture": "#1"},
				"west": {"uv": [0, 0, 1, 0], "texture": "#1"},
				"up": {"uv": [4, 7, 3, 6], "texture": "#1"},
				"down": {"uv": [7, 3, 6, 4], "texture": "#1"}
			}
		},
		{
			"from": [11, 2.1, 6],
			"to": [13, 2.1, 7],
			"faces": {
				"north": {"uv": [0, 0, 2, 0], "texture": "#1"},
				"east": {"uv": [0, 0, 1, 0], "texture": "#1"},
				"south": {"uv": [0, 0, 2, 0], "texture": "#1"},
				"west": {"uv": [0, 0, 1, 0], "texture": "#1"},
				"up": {"uv": [5, 5, 3, 4], "texture": "#1"},
				"down": {"uv": [6, 3, 4, 4], "texture": "#1"}
			}
		},
		{
			"from": [12, 2.2, 8.5],
			"to": [13, 2.2, 11],
			"faces": {
				"north": {"uv": [0, 0, 1, 0], "texture": "#1"},
				"east": {"uv": [0, 0, 2.5, 0], "texture": "#1"},
				"south": {"uv": [0, 0, 1, 0], "texture": "#1"},
				"west": {"uv": [0, 0, 2.5, 0], "texture": "#1"},
				"up": {"uv": [3, 2.5, 2, 0], "texture": "#1"},
				"down": {"uv": [1, 3, 0, 5.5], "texture": "#1"}
			}
		},
		{
			"from": [11, 2.1, 9],
			"to": [13, 2.1, 10],
			"faces": {
				"north": {"uv": [0, 0, 2, 0], "texture": "#1"},
				"east": {"uv": [0, 0, 1, 0], "texture": "#1"},
				"south": {"uv": [0, 0, 2, 0], "texture": "#1"},
				"west": {"uv": [0, 0, 1, 0], "texture": "#1"},
				"up": {"uv": [7, 1, 5, 0], "texture": "#1"},
				"down": {"uv": [7, 1, 5, 2], "texture": "#1"}
			}
		},
		{
			"from": [10, 2.1, 5.5],
			"to": [11, 2.1, 6.5],
			"faces": {
				"north": {"uv": [0, 0, 1, 0], "texture": "#1"},
				"east": {"uv": [0, 0, 1, 0], "texture": "#1"},
				"south": {"uv": [0, 0, 1, 0], "texture": "#1"},
				"west": {"uv": [0, 0, 1, 0], "texture": "#1"},
				"up": {"uv": [5, 7, 4, 6], "texture": "#1"},
				"down": {"uv": [6, 6, 5, 7], "texture": "#1"}
			}
		},
		{
			"from": [10, 2.1, 9.5],
			"to": [11, 2.1, 10.5],
			"faces": {
				"north": {"uv": [0, 0, 1, 0], "texture": "#1"},
				"east": {"uv": [0, 0, 1, 0], "texture": "#1"},
				"south": {"uv": [0, 0, 1, 0], "texture": "#1"},
				"west": {"uv": [0, 0, 1, 0], "texture": "#1"},
				"up": {"uv": [7, 7, 6, 6], "texture": "#1"},
				"down": {"uv": [8, 0, 7, 1], "texture": "#1"}
			}
		},
		{
			"from": [13, 2.2, 11],
			"to": [15, 2.2, 12],
			"faces": {
				"north": {"uv": [0, 0, 2, 0], "texture": "#1"},
				"east": {"uv": [0, 0, 1, 0], "texture": "#1"},
				"south": {"uv": [0, 0, 2, 0], "texture": "#1"},
				"west": {"uv": [0, 0, 1, 0], "texture": "#1"},
				"up": {"uv": [7, 3, 5, 2], "texture": "#1"},
				"down": {"uv": [5, 5, 3, 6], "texture": "#1"}
			}
		},
		{
			"from": [14, 2.2, 8.5],
			"to": [15, 2.2, 9.5],
			"faces": {
				"north": {"uv": [0, 0, 1, 0], "texture": "#1"},
				"east": {"uv": [0, 0, 1, 0], "texture": "#1"},
				"south": {"uv": [0, 0, 1, 0], "texture": "#1"},
				"west": {"uv": [0, 0, 1, 0], "texture": "#1"},
				"up": {"uv": [8, 2, 7, 1], "texture": "#1"},
				"down": {"uv": [3, 7, 2, 8], "texture": "#1"}
			}
		},
		{
			"from": [12.4, 2.1, 7.4],
			"to": [13.6, 2.3, 8.6],
			"faces": {
				"north": {"uv": [7, 2, 8.25, 2.25], "texture": "#1"},
				"east": {"uv": [3, 7, 4.25, 7.25], "texture": "#1"},
				"south": {"uv": [7, 3, 8.25, 3.25], "texture": "#1"},
				"west": {"uv": [7, 4, 8.25, 4.25], "texture": "#1"},
				"up": {"uv": [6.25, 5.25, 5, 4], "texture": "#1"},
				"down": {"uv": [1.25, 6, 0, 7.25], "texture": "#1"}
			}
		},
		{
			"from": [3, 1.5, 5],
			"to": [4, 2.5, 6],
			"faces": {
				"north": {"uv": [0, 0, 2, 2], "texture": "#2"},
				"east": {"uv": [0, 2, 2, 4], "texture": "#2"},
				"south": {"uv": [2, 0, 4, 2], "texture": "#2"},
				"west": {"uv": [2, 2, 4, 4], "texture": "#2"},
				"up": {"uv": [2, 6, 0, 4], "texture": "#2"},
				"down": {"uv": [6, 0, 4, 2], "texture": "#2"}
			}
		},
		{
			"from": [3, 1.5, 9.5],
			"to": [4, 2.5, 10.5],
			"faces": {
				"north": {"uv": [2, 4, 4, 6], "texture": "#2"},
				"east": {"uv": [4, 2, 6, 4], "texture": "#2"},
				"south": {"uv": [4, 4, 6, 6], "texture": "#2"},
				"west": {"uv": [0, 6, 2, 8], "texture": "#2"},
				"up": {"uv": [8, 2, 6, 0], "texture": "#2"},
				"down": {"uv": [4, 6, 2, 8], "texture": "#2"}
			}
		},
		{
			"from": [6, 1.5, 12],
			"to": [7, 2.5, 13],
			"faces": {
				"north": {"uv": [6, 2, 8, 4], "texture": "#2"},
				"east": {"uv": [4, 6, 6, 8], "texture": "#2"},
				"south": {"uv": [6, 4, 8, 6], "texture": "#2"},
				"west": {"uv": [6, 6, 8, 8], "texture": "#2"},
				"up": {"uv": [2, 10, 0, 8], "texture": "#2"},
				"down": {"uv": [10, 0, 8, 2], "texture": "#2"}
			}
		},
		{
			"from": [9.5, 1.5, 12],
			"to": [10.5, 2.5, 13],
			"faces": {
				"north": {"uv": [2, 8, 4, 10], "texture": "#2"},
				"east": {"uv": [8, 2, 10, 4], "texture": "#2"},
				"south": {"uv": [4, 8, 6, 10], "texture": "#2"},
				"west": {"uv": [8, 4, 10, 6], "texture": "#2"},
				"up": {"uv": [8, 10, 6, 8], "texture": "#2"},
				"down": {"uv": [10, 6, 8, 8], "texture": "#2"}
			}
		},
		{
			"from": [6.5, 1.5, 3],
			"to": [7.5, 2.5, 4],
			"faces": {
				"north": {"uv": [8, 8, 10, 10], "texture": "#2"},
				"east": {"uv": [0, 10, 2, 12], "texture": "#2"},
				"south": {"uv": [10, 0, 12, 2], "texture": "#2"},
				"west": {"uv": [2, 10, 4, 12], "texture": "#2"},
				"up": {"uv": [12, 4, 10, 2], "texture": "#2"},
				"down": {"uv": [6, 10, 4, 12], "texture": "#2"}
			}
		},
		{
			"from": [9.5, 1.5, 3.5],
			"to": [10.5, 2.5, 4.5],
			"faces": {
				"north": {"uv": [10, 4, 12, 6], "texture": "#2"},
				"east": {"uv": [6, 10, 8, 12], "texture": "#2"},
				"south": {"uv": [10, 6, 12, 8], "texture": "#2"},
				"west": {"uv": [8, 10, 10, 12], "texture": "#2"},
				"up": {"uv": [12, 10, 10, 8], "texture": "#2"},
				"down": {"uv": [12, 10, 10, 12], "texture": "#2"}
			}
		}
	],
	"display": {
		"thirdperson_righthand": {
			"translation": [0, 7.25, 0.5]
		},
		"thirdperson_lefthand": {
			"translation": [0, 7.25, 0.5]
		},
		"firstperson_righthand": {
			"translation": [0, 7.25, 0.5]
		},
		"firstperson_lefthand": {
			"translation": [0, 7.25, 0.5]
		},
		"ground": {
			"translation": [0, 0.75, 0],
			"scale": [0.47, 0.46, 0.47]
		},
		"gui": {
			"rotation": [99.21, 65.71, -8.36],
			"translation": [0.25, -0.5, 0]
		},
		"head": {
			"rotation": [0, 88, 0],
			"translation": [0, 17.25, 0],
			"scale": [1.5, 1.5, 1.5]
		},
		"fixed": {
			"rotation": [180, -88.5, -91.5],
			"translation": [0.5, -0.5, -18.5],
			"scale": [2.5, 2.5, 2.5]
		}
	},
	"groups": [
		{
			"name": "group",
			"origin": [8, 8, 8],
			"color": 0,
			"nbt": "{}",
			"children": [0, 1, 2, 3, 4, 5, 6, 7, 8, 9, 10, 11]
		},
		{
			"name": "group",
			"origin": [8, 8, 8],
			"color": 0,
			"nbt": "{}",
			"children": [12, 13, 14, 15, 16, 17, 18, 19, 20, 21, 22, 23, 24, 25]
		},
		{
			"name": "group",
			"origin": [8, 8, 8],
			"color": 0,
			"nbt": "{}",
			"children": [26, 27, 28, 29, 30, 31]
		}
	]
}